arm,budget_level,budget_utilization,corpus_token_mass,diag_adversarial_applied,diag_adversarial_cap,diag_adversarial_indices,diag_adversarial_tokens_after,diag_adversarial_w_sat_pre,diag_beta_hat,diag_beta_hat_n_dropped_nonpositive,diag_beta_hat_n_used,diag_beta_target,diag_gamma,diag_n_docs,diag_pearson_p,diag_pearson_r_relevance_tokens,diag_relevance_max,diag_relevance_mean,diag_relevance_min,diag_relevance_std,diag_similarity_max,diag_similarity_mean,diag_similarity_min,diag_similarity_std,diag_spearman_p,diag_spearman_rho_relevance_tokens,diag_tokens_cv,diag_tokens_max,diag_tokens_mean,diag_tokens_min,diag_tokens_std,diag_tokens_total,gap_is_valid,ilp_proven_global_optimum,ilp_status,meta_backend,meta_embed_dim,meta_gamma,meta_generator,meta_is_adversarial,meta_mmr_lambda,meta_n_docs,meta_n_topics,meta_objective_lambda,meta_protocol_version,meta_redundancy_level,meta_rho_c,meta_rl_condition,meta_rl_condition_name,meta_seed,meta_target_beta,method,n_selected,optimality_gap,redundancy_per_pair,redundancy_total,relevance_sum,rho_realized,score,solve_scope,solve_status,stop_reason,tokens_used,w_max,w_sat,w_sat_proven
synthetic_factorial,tight,0.9841986455981941,2318,False,,,,,-0.3779317153013123,,,0.0,,25,0.007992289814591522,-0.5180005371511215,0.4613331212955211,0.2937845155709141,0.13596963608103152,0.09248293478072254,0.44394491867271274,0.10081980578974037,-0.24653663246047935,0.13692498638921297,0.01662446580192511,-0.47421107200100693,0.47657023864336684,216,92.72,35,44.187592527012974,2318,True,True,proven_optimal,,64,0.15,,False,0.5,25,5,0.1,0.1-pilot,low,0.0,A,independent,0,0.0,top_k,7,0.006256286648382762,0.1850008849264532,3.8850185834555173,2.7995659900789787,0.25,2.411064131733427,full_corpus,heuristic_no_guarantee,no_candidate_fits_budget,436,443,1772,True
synthetic_factorial,tight,0.9977426636568849,2318,False,,,,,-0.3779317153013123,,,0.0,,25,0.007992289814591522,-0.5180005371511215,0.4613331212955211,0.2937845155709141,0.13596963608103152,0.09248293478072254,0.44394491867271274,0.10081980578974037,-0.24653663246047935,0.13692498638921297,0.01662446580192511,-0.47421107200100693,0.47657023864336684,216,92.72,35,44.187592527012974,2318,True,True,proven_optimal,,64,0.15,,False,0.5,25,5,0.1,0.1-pilot,low,0.0,A,independent,0,0.0,mmr,7,0.000556173939240799,0.13593862291145886,2.854711081140636,2.7103651007212743,0.25,2.4248939926072106,full_corpus,heuristic_no_guarantee,no_candidate_fits_budget,442,443,1772,True
synthetic_factorial,tight,0.9345372460496614,2318,False,,,,,-0.3779317153013123,,,0.0,,25,0.007992289814591522,-0.5180005371511215,0.4613331212955211,0.2937845155709141,0.13596963608103152,0.09248293478072254,0.44394491867271274,0.10081980578974037,-0.24653663246047935,0.13692498638921297,0.01662446580192511,-0.47421107200100693,0.47657023864336684,216,92.72,35,44.187592527012974,2318,True,True,proven_optimal,,64,0.15,,False,0.5,25,5,0.1,0.1-pilot,low,0.0,A,independent,0,0.0,greedy_objective,6,0.08920027621155041,0.1277041359144712,1.915562038717068,2.401378027863495,0.25,2.209821823991788,full_corpus,heuristic_no_guarantee,no_candidate_fits_budget,414,443,1772,True
synthetic_factorial,tight,0.9390519187358917,2318,False,,,,,-0.3779317153013123,,,0.0,,25,0.007992289814591522,-0.5180005371511215,0.4613331212955211,0.2937845155709141,0.13596963608103152,0.09248293478072254,0.44394491867271274,0.10081980578974037,-0.24653663246047935,0.13692498638921297,0.01662446580192511,-0.47421107200100693,0.47657023864336684,216,92.72,35,44.187592527012974,2318,True,True,proven_optimal,,64,0.15,,False,0.5,25,5,0.1,0.1-pilot,low,0.0,A,independent,0,0.0,greedy_token_aware,7,0.025733739241236828,0.19073824122789093,4.005503065785709,2.76435739739369,0.25,2.363807090815119,full_corpus,heuristic_no_guarantee,no_candidate_fits_budget,416,443,1772,True
synthetic_factorial,tight,0.9932279909706546,2318,False,,,,,-0.3779317153013123,,,0.0,,25,0.007992289814591522,-0.5180005371511215,0.4613331212955211,0.2937845155709141,0.13596963608103152,0.09248293478072254,0.44394491867271274,0.10081980578974037,-0.24653663246047935,0.13692498638921297,0.01662446580192511,-0.47421107200100693,0.47657023864336684,216,92.72,35,44.187592527012974,2318,True,True,proven_optimal,,64,0.15,,False,0.5,25,5,0.1,0.1-pilot,low,0.0,A,independent,0,0.0,ilp,7,0.0,0.16637088704232936,3.4937886278889168,2.775622268748752,0.25,2.4262434059598603,full_corpus,proven_optimal,n/a,440,443,1772,True
synthetic_factorial,medium,0.9868297271872061,2318,False,,,,,-0.3779317153013123,,,0.0,,25,0.007992289814591522,-0.5180005371511215,0.4613331212955211,0.2937845155709141,0.13596963608103152,0.09248293478072254,0.44394491867271274,0.10081980578974037,-0.24653663246047935,0.13692498638921297,0.01662446580192511,-0.47421107200100693,0.47657023864336684,216,92.72,35,44.187592527012974,2318,True,True,proven_optimal,,64,0.15,,False,0.5,25,5,0.1,0.1-pilot,low,0.0,A,independent,0,0.0,top_k,14,0.010922217254957492,0.14860654917295266,13.523195974738691,5.098254095413643,0.5998871331828443,3.745934497939774,full_corpus,heuristic_no_guarantee,no_candidate_fits_budget,1049,1063,1772,True
synthetic_factorial,medium,0.9924741298212606,2318,False,,,,,-0.3779317153013123,,,0.0,,25,0.007992289814591522,-0.5180005371511215,0.4613331212955211,0.2937845155709141,0.13596963608103152,0.09248293478072254,0.44394491867271274,0.10081980578974037,-0.24653663246047935,0.13692498638921297,0.01662446580192511,-0.47421107200100693,0.47657023864336684,216,92.72,35,44.187592527012974,2318,True,True,proven_optimal,,64,0.15,,False,0.5,25,5,0.1,0.1-pilot,low,0.0,A,independent,0,0.0,mmr,14,0.03953001507797898,0.1295757460458374,11.791392890171204,4.816727468148755,0.5998871331828443,3.637588179131634,full_corpus,heuristic_no_guarantee,no_candidate_fits_budget,1055,1063,1772,True
synthetic_factorial,medium,0.9887111947318908,2318,False,,,,,-0.3779317153013123,,,0.0,,25,0.007992289814591522,-0.5180005371511215,0.4613331212955211,0.2937845155709141,0.13596963608103152,0.09248293478072254,0.44394491867271274,0.10081980578974037,-0.24653663246047935,0.13692498638921297,0.01662446580192511,-0.47421107200100693,0.47657023864336684,216,92.72,35,44.187592527012974,2318,True,True,proven_optimal,,64,0.15,,False,0.5,25,5,0.1,0.1-pilot,low,0.0,A,independent,0,0.0,greedy_objective,15,0.0,0.13772647318848452,14.461279684790874,5.233428182162458,0.5998871331828443,3.7873002136833707,full_corpus,heuristic_no_guarantee,no_candidate_fits_budget,1051,1063,1772,True
synthetic_factorial,medium,0.9887111947318908,2318,False,,,,,-0.3779317153013123,,,0.0,,25,0.007992289814591522,-0.5180005371511215,0.4613331212955211,0.2937845155709141,0.13596963608103152,0.09248293478072254,0.44394491867271274,0.10081980578974037,-0.24653663246047935,0.13692498638921297,0.01662446580192511,-0.47421107200100693,0.47657023864336684,216,92.72,35,44.187592527012974,2318,True,True,proven_optimal,,64,0.15,,False,0.5,25,5,0.1,0.1-pilot,low,0.0,A,independent,0,0.0,greedy_token_aware,15,0.0,0.13772647318848452,14.461279684790874,5.233428182162458,0.5998871331828443,3.7873002136833707,full_corpus,heuristic_no_guarantee,no_candidate_fits_budget,1051,1063,1772,True
synthetic_factorial,medium,0.9887111947318908,2318,False,,,,,-0.3779317153013123,,,0.0,,25,0.007992289814591522,-0.5180005371511215,0.4613331212955211,0.2937845155709141,0.13596963608103152,0.09248293478072254,0.44394491867271274,0.10081980578974037,-0.24653663246047935,0.13692498638921297,0.01662446580192511,-0.47421107200100693,0.47657023864336684,216,92.72,35,44.187592527012974,2318,True,True,proven_optimal,,64,0.15,,False,0.5,25,5,0.1,0.1-pilot,low,0.0,A,independent,0,0.0,ilp,15,0.0,0.13772647318848452,14.461279684790874,5.233428182162458,0.5998871331828443,3.7873002136833707,full_corpus,proven_optimal,n/a,1051,1063,1772,True
synthetic_factorial,loose,0.6106094808126411,2318,False,,,,,-0.3779317153013123,,,0.0,,25,0.007992289814591522,-0.5180005371511215,0.4613331212955211,0.2937845155709141,0.13596963608103152,0.09248293478072254,0.44394491867271274,0.10081980578974037,-0.24653663246047935,0.13692498638921297,0.01662446580192511,-0.47421107200100693,0.47657023864336684,216,92.72,35,44.187592527012974,2318,True,True,proven_optimal,,64,0.15,,False,0.5,25,5,0.1,0.1-pilot,low,0.0,A,independent,0,0.0,top_k,19,0.003817855567410724,0.13439342359270723,22.981275434352938,6.287442720008075,1.5,3.9893151765727812,full_corpus,heuristic_no_guarantee,no_positive_marginal_gain,1623,2658,1772,True
synthetic_factorial,loose,0.6866064710308503,2318,False,,,,,-0.3779317153013123,,,0.0,,25,0.007992289814591522,-0.5180005371511215,0.4613331212955211,0.2937845155709141,0.13596963608103152,0.09248293478072254,0.44394491867271274,0.10081980578974037,-0.24653663246047935,0.13692498638921297,0.01662446580192511,-0.47421107200100693,0.47657023864336684,216,92.72,35,44.187592527012974,2318,True,True,proven_optimal,,64,0.15,,False,0.5,25,5,0.1,0.1-pilot,low,0.0,A,independent,0,0.0,mmr,20,0.0036764778624411025,0.12779629936868295,24.281296880049762,6.418011026325603,1.5,3.9898813383206266,full_corpus,heuristic_no_guarantee,no_positive_marginal_gain,1825,2658,1772,True
synthetic_factorial,loose,0.6666666666666666,2318,False,,,,,-0.3779317153013123,,,0.0,,25,0.007992289814591522,-0.5180005371511215,0.4613331212955211,0.2937845155709141,0.13596963608103152,0.09248293478072254,0.44394491867271274,0.10081980578974037,-0.24653663246047935,0.13692498638921297,0.01662446580192511,-0.47421107200100693,0.47657023864336684,216,92.72,35,44.187592527012974,2318,True,True,proven_optimal,,64,0.15,,False,0.5,25,5,0.1,0.1-pilot,low,0.0,A,independent,0,0.0,greedy_objective,19,-4.4357863122549246e-16,0.1306429954546797,22.339952222750227,6.238599399199955,1.5,4.004604176924932,full_corpus,heuristic_no_guarantee,no_positive_marginal_gain,1772,2658,1772,True
synthetic_factorial,loose,0.6106094808126411,2318,False,,,,,-0.3779317153013123,,,0.0,,25,0.007992289814591522,-0.5180005371511215,0.4613331212955211,0.2937845155709141,0.13596963608103152,0.09248293478072254,0.44394491867271274,0.10081980578974037,-0.24653663246047935,0.13692498638921297,0.01662446580192511,-0.47421107200100693,0.47657023864336684,216,92.72,35,44.187592527012974,2318,True,True,proven_optimal,,64,0.15,,False,0.5,25,5,0.1,0.1-pilot,low,0.0,A,independent,0,0.0,greedy_token_aware,19,0.003817855567410502,0.13439342359270723,22.981275434352938,6.287442720008076,1.5,3.989315176572782,full_corpus,heuristic_no_guarantee,no_positive_marginal_gain,1623,2658,1772,True
synthetic_factorial,loose,0.6666666666666666,2318,False,,,,,-0.3779317153013123,,,0.0,,25,0.007992289814591522,-0.5180005371511215,0.4613331212955211,0.2937845155709141,0.13596963608103152,0.09248293478072254,0.44394491867271274,0.10081980578974037,-0.24653663246047935,0.13692498638921297,0.01662446580192511,-0.47421107200100693,0.47657023864336684,216,92.72,35,44.187592527012974,2318,True,True,proven_optimal,,64,0.15,,False,0.5,25,5,0.1,0.1-pilot,low,0.0,A,independent,0,0.0,ilp,19,0.0,0.1306429954546797,22.339952222750227,6.238599399199954,1.5,4.00460417692493,full_corpus,proven_optimal,n/a,1772,2658,1772,True
synthetic_factorial,tight,0.8625954198473282,2318,False,,,,,-0.3779317153013123,,,0.0,,25,0.007992289814591522,-0.5180005371511215,0.4613331212955211,0.2937845155709141,0.13596963608103152,0.09248293478072254,0.8149909474445904,0.18340076017052379,-0.24614757092951947,0.25828956504635947,0.01662446580192511,-0.47421107200100693,0.47657023864336684,216,92.72,35,44.187592527012974,2318,True,True,proven_optimal,,64,0.7,,False,0.5,25,5,0.1,0.1-pilot,high,0.0,A,independent,0,0.0,top_k,4,0.02868201219446635,0.14938744256159966,0.896324655369598,1.7052733830543272,0.24976167778836988,1.6156409175173674,full_corpus,heuristic_no_guarantee,no_candidate_fits_budget,226,262,1049,True
synthetic_factorial,tight,1.0,2318,False,,,,,-0.3779317153013123,,,0.0,,25,0.007992289814591522,-0.5180005371511215,0.4613331212955211,0.2937845155709141,0.13596963608103152,0.09248293478072254,0.8149909474445904,0.18340076017052379,-0.24614757092951947,0.25828956504635947,0.01662446580192511,-0.47421107200100693,0.47657023864336684,216,92.72,35,44.187592527012974,2318,True,True,proven_optimal,,64,0.7,,False,0.5,25,5,0.1,0.1-pilot,high,0.0,A,independent,0,0.0,mmr,4,0.08497912303170008,0.142457770035341,0.854746620212046,1.6074738299276758,0.24976167778836988,1.5219991679064713,full_corpus,heuristic_no_guarantee,no_candidate_fits_budget,262,262,1049,True
synthetic_factorial,tight,0.8625954198473282,2318,False,,,,,-0.3779317153013123,,,0.0,,25,0.007992289814591522,-0.5180005371511215,0.4613331212955211,0.2937845155709141,0.13596963608103152,0.09248293478072254,0.8149909474445904,0.18340076017052379,-0.24614757092951947,0.25828956504635947,0.01662446580192511,-0.47421107200100693,0.47657023864336684,216,92.72,35,44.187592527012974,2318,True,True,proven_optimal,,64,0.7,,False,0.5,25,5,0.1,0.1-pilot,high,0.0,A,independent,0,0.0,greedy_objective,4,0.02868201219446635,0.14938744256159966,0.896324655369598,1.7052733830543272,0.24976167778836988,1.6156409175173674,full_corpus,heuristic_no_guarantee,no_candidate_fits_budget,226,262,1049,True
synthetic_factorial,tight,0.8625954198473282,2318,False,,,,,-0.3779317153013123,,,0.0,,25,0.007992289814591522,-0.5180005371511215,0.4613331212955211,0.2937845155709141,0.13596963608103152,0.09248293478072254,0.8149909474445904,0.18340076017052379,-0.24614757092951947,0.25828956504635947,0.01662446580192511,-0.47421107200100693,0.47657023864336684,216,92.72,35,44.187592527012974,2318,True,True,proven_optimal,,64,0.7,,False,0.5,25,5,0.1,0.1-pilot,high,0.0,A,independent,0,0.0,greedy_token_aware,4,0.028682012194466214,0.14938744256159966,0.896324655369598,1.7052733830543274,0.24976167778836988,1.6156409175173676,full_corpus,heuristic_no_guarantee,no_candidate_fits_budget,226,262,1049,True
synthetic_factorial,tight,0.9961832061068703,2318,False,,,,,-0.3779317153013123,,,0.0,,25,0.007992289814591522,-0.5180005371511215,0.4613331212955211,0.2937845155709141,0.13596963608103152,0.09248293478072254,0.8149909474445904,0.18340076017052379,-0.24614757092951947,0.25828956504635947,0.01662446580192511,-0.47421107200100693,0.47657023864336684,216,92.72,35,44.187592527012974,2318,True,True,proven_optimal,,64,0.7,,False,0.5,25,5,0.1,0.1-pilot,high,0.0,A,independent,0,0.0,ilp,5,0.0,0.23307107758422302,2.3307107758422303,1.8964201947642014,0.24976167778836988,1.6633491171799784,full_corpus,proven_optimal,n/a,261,262,1049,True
synthetic_factorial,medium,0.9984101748807631,2318,False,,,,,-0.3779317153013123,,,0.0,,25,0.007992289814591522,-0.5180005371511215,0.4613331212955211,0.2937845155709141,0.13596963608103152,0.09248293478072254,0.8149909474445904,0.18340076017052379,-0.24614757092951947,0.25828956504635947,0.01662446580192511,-0.47421107200100693,0.47657023864336684,216,92.72,35,44.187592527012974,2318,True,True,proven_optimal,,64,0.7,,False,0.5,25,5,0.1,0.1-pilot,high,0.0,A,independent,0,0.0,top_k,9,0.03522320875497401,0.23282139363372018,8.381570170813927,3.52400246636464,0.5996186844613918,2.6858454492832475,full_corpus,heuristic_no_guarantee,no_candidate_fits_budget,628,629,1049,True
synthetic_factorial,medium,1.0,2318,False,,,,,-0.3779317153013123,,,0.0,,25,0.007992289814591522,-0.5180005371511215,0.4613331212955211,0.2937845155709141,0.13596963608103152,0.09248293478072254,0.8149909474445904,0.18340076017052379,-0.24614757092951947,0.25828956504635947,0.01662446580192511,-0.47421107200100693,0.47657023864336684,216,92.72,35,44.187592527012974,2318,True,True,proven_optimal,,64,0.7,,False,0.5,25,5,0.1,0.1-pilot,high,0.0,A,independent,0,0.0,mmr,9,0.009740406712142283,0.1959924267578406,7.055727363282261,3.4623598464420593,0.5996186844613918,2.7567871101138333,full_corpus,heuristic_no_guarantee,no_candidate_fits_budget,629,629,1049,True
synthetic_factorial,medium,0.9841017488076311,2318,False,,,,,-0.3779317153013123,,,0.0,,25,0.007992289814591522,-0.5180005371511215,0.4613331212955211,0.2937845155709141,0.13596963608103152,0.09248293478072254,0.8149909474445904,0.18340076017052379,-0.24614757092951947,0.25828956504635947,0.01662446580192511,-0.47421107200100693,0.47657023864336684,216,92.72,35,44.187592527012974,2318,True,True,proven_optimal,,64,0.7,,False,0.5,25,5,0.1,0.1-pilot,high,0.0,A,independent,0,0.0,greedy_objective,9,0.03617734017702975,0.17851761164545604,6.426634019236418,3.325852641437747,0.5996186844613918,2.6831892395141055,full_corpus,heuristic_no_guarantee,no_candidate_fits_budget,619,629,1049,True
synthetic_factorial,medium,0.9093799682034976,2318,False,,,,,-0.3779317153013123,,,0.0,,25,0.007992289814591522,-0.5180005371511215,0.4613331212955211,0.2937845155709141,0.13596963608103152,0.09248293478072254,0.8149909474445904,0.18340076017052379,-0.24614757092951947,0.25828956504635947,0.01662446580192511,-0.47421107200100693,0.47657023864336684,216,92.72,35,44.187592527012974,2318,True,True,proven_optimal,,64,0.7,,False,0.5,25,5,0.1,0.1-pilot,high,0.0,A,independent,0,0.0,greedy_token_aware,9,0.026451019679375184,0.2095842713100559,7.545033767162012,3.464769753537045,0.5996186844613918,2.7102663768208437,full_corpus,heuristic_no_guarantee,no_positive_marginal_gain,572,629,1049,True
synthetic_factorial,medium,1.0,2318,False,,,,,-0.3779317153013123,,,0.0,,25,0.007992289814591522,-0.5180005371511215,0.4613331212955211,0.2937845155709141,0.13596963608103152,0.09248293478072254,0.8149909474445904,0.18340076017052379,-0.24614757092951947,0.25828956504635947,0.01662446580192511,-0.47421107200100693,0.47657023864336684,216,92.72,35,44.187592527012974,2318,True,True,proven_optimal,,64,0.7,,False,0.5,25,5,0.1,0.1-pilot,high,0.0,A,independent,0,0.0,ilp,9,0.0,0.18978816132042706,6.832373807535374,3.467140842835389,0.5996186844613918,2.7839034620818515,full_corpus,proven_optimal,n/a,629,629,1049,True
synthetic_factorial,loose,0.7134688691232529,2318,False,,,,,-0.3779317153013123,,,0.0,,25,0.007992289814591522,-0.5180005371511215,0.4613331212955211,0.2937845155709141,0.13596963608103152,0.09248293478072254,0.8149909474445904,0.18340076017052379,-0.24614757092951947,0.25828956504635947,0.01662446580192511,-0.47421107200100693,0.47657023864336684,216,92.72,35,44.187592527012974,2318,True,True,proven_optimal,,64,0.7,,False,0.5,25,5,0.1,0.1-pilot,high,0.0,A,independent,0,0.0,top_k,15,0.006264746456165563,0.20808746682418666,21.8491840165396,5.3438781116791585,1.5004766444232602,3.1589597100251985,full_corpus,heuristic_no_guarantee,no_positive_marginal_gain,1123,1574,1049,True
synthetic_factorial,loose,0.7134688691232529,2318,False,,,,,-0.3779317153013123,,,0.0,,25,0.007992289814591522,-0.5180005371511215,0.4613331212955211,0.2937845155709141,0.13596963608103152,0.09248293478072254,0.8149909474445904,0.18340076017052379,-0.24614757092951947,0.25828956504635947,0.01662446580192511,-0.47421107200100693,0.47657023864336684,216,92.72,35,44.187592527012974,2318,True,True,proven_optimal,,64,0.7,,False,0.5,25,5,0.1,0.1-pilot,high,0.0,A,independent,0,0.0,mmr,15,0.006264746456165842,0.20808746682418666,21.8491840165396,5.343878111679158,1.5004766444232602,3.1589597100251976,full_corpus,heuristic_no_guarantee,no_positive_marginal_gain,1123,1574,1049,True
synthetic_factorial,loose,0.7134688691232529,2318,False,,,,,-0.3779317153013123,,,0.0,,25,0.007992289814591522,-0.5180005371511215,0.4613331212955211,0.2937845155709141,0.13596963608103152,0.09248293478072254,0.8149909474445904,0.18340076017052379,-0.24614757092951947,0.25828956504635947,0.01662446580192511,-0.47421107200100693,0.47657023864336684,216,92.72,35,44.187592527012974,2318,True,True,proven_optimal,,64,0.7,,False,0.5,25,5,0.1,0.1-pilot,high,0.0,A,independent,0,0.0,greedy_objective,15,0.006264746456165702,0.2080874668241867,21.849184016539603,5.3438781116791585,1.5004766444232602,3.158959710025198,full_corpus,heuristic_no_guarantee,no_positive_marginal_gain,1123,1574,1049,True
synthetic_factorial,loose,0.7134688691232529,2318,False,,,,,-0.3779317153013123,,,0.0,,25,0.007992289814591522,-0.5180005371511215,0.4613331212955211,0.2937845155709141,0.13596963608103152,0.09248293478072254,0.8149909474445904,0.18340076017052379,-0.24614757092951947,0.25828956504635947,0.01662446580192511,-0.47421107200100693,0.47657023864336684,216,92.72,35,44.187592527012974,2318,True,True,proven_optimal,,64,0.7,,False,0.5,25,5,0.1,0.1-pilot,high,0.0,A,independent,0,0.0,greedy_token_aware,15,0.006264746456165423,0.20808746682418663,21.849184016539596,5.3438781116791585,1.5004766444232602,3.158959710025199,full_corpus,heuristic_no_guarantee,no_positive_marginal_gain,1123,1574,1049,True
synthetic_factorial,loose,0.6664548919949174,2318,False,,,,,-0.3779317153013123,,,0.0,,25,0.007992289814591522,-0.5180005371511215,0.4613331212955211,0.2937845155709141,0.13596963608103152,0.09248293478072254,0.8149909474445904,0.18340076017052379,-0.24614757092951947,0.25828956504635947,0.01662446580192511,-0.47421107200100693,0.47657023864336684,216,92.72,35,44.187592527012974,2318,True,True,proven_optimal,,64,0.7,,False,0.5,25,5,0.1,0.1-pilot,high,0.0,A,independent,0,0.0,ilp,14,0.0,0.20230896779474453,18.410116069321752,5.019886160048605,1.5004766444232602,3.1788745531164295,full_corpus,proven_optimal,n/a,1049,1574,1049,True
synthetic_factorial,tight,0.9936170212765958,2316,False,,,,,-0.004703740054889069,,,0.5,,25,0.5936616389017246,-0.11210968927724925,0.4613331212955211,0.2937845155709141,0.13596963608103152,0.09248293478072254,0.44394491867271274,0.10081980578974037,-0.24653663246047935,0.13692498638921297,0.691466142811215,-0.08350973105825663,0.32411712836945106,165,92.64,42,30.026210772145948,2316,True,True,proven_optimal,,64,0.15,,False,0.5,25,5,0.1,0.1-pilot,low,0.5,B,positive_sublinear,0,0.5,top_k,6,0.02766483352918029,0.14686447282054502,2.2029670923081754,2.2728381427990025,0.25026624068157616,2.052541433568185,full_corpus,heuristic_no_guarantee,no_candidate_fits_budget,467,470,1878,True
synthetic_factorial,tight,0.9638297872340426,2316,False,,,,,-0.004703740054889069,,,0.5,,25,0.5936616389017246,-0.11210968927724925,0.4613331212955211,0.2937845155709141,0.13596963608103152,0.09248293478072254,0.44394491867271274,0.10081980578974037,-0.24653663246047935,0.13692498638921297,0.691466142811215,-0.08350973105825663,0.32411712836945106,165,92.64,42,30.026210772145948,2316,True,True,proven_optimal,,64,0.15,,False,0.5,25,5,0.1,0.1-pilot,low,0.5,B,positive_sublinear,0,0.5,mmr,6,0.030840207038092957,0.1116164151297319,1.6742462269459786,2.21326303253306,0.25026624068157616,2.045838409838462,full_corpus,heuristic_no_guarantee,no_candidate_fits_budget,453,470,1878,True
synthetic_factorial,tight,0.9723404255319149,2316,False,,,,,-0.004703740054889069,,,0.5,,25,0.5936616389017246,-0.11210968927724925,0.4613331212955211,0.2937845155709141,0.13596963608103152,0.09248293478072254,0.44394491867271274,0.10081980578974037,-0.24653663246047935,0.13692498638921297,0.691466142811215,-0.08350973105825663,0.32411712836945106,165,92.64,42,30.026210772145948,2316,True,True,proven_optimal,,64,0.15,,False,0.5,25,5,0.1,0.1-pilot,low,0.5,B,positive_sublinear,0,0.5,greedy_objective,5,0.08737699356129872,0.1463073736107153,1.463073736107153,2.0728000055104117,0.25026624068157616,1.9264926318996964,full_corpus,heuristic_no_guarantee,no_candidate_fits_budget,457,470,1878,True
synthetic_factorial,tight,0.9787234042553191,2316,False,,,,,-0.004703740054889069,,,0.5,,25,0.5936616389017246,-0.11210968927724925,0.4613331212955211,0.2937845155709141,0.13596963608103152,0.09248293478072254,0.44394491867271274,0.10081980578974037,-0.24653663246047935,0.13692498638921297,0.691466142811215,-0.08350973105825663,0.32411712836945106,165,92.64,42,30.026210772145948,2316,True,True,proven_optimal,,64,0.15,,False,0.5,25,5,0.1,0.1-pilot,low,0.5,B,positive_sublinear,0,0.5,greedy_token_aware,6,0.0076444591845671065,0.15604977218488256,2.3407465827732383,2.328877905749673,0.25026624068157616,2.094803247472349,full_corpus,heuristic_no_guarantee,no_candidate_fits_budget,460,470,1878,True
synthetic_factorial,tight,0.997872340425532,2316,False,,,,,-0.004703740054889069,,,0.5,,25,0.5936616389017246,-0.11210968927724925,0.4613331212955211,0.2937845155709141,0.13596963608103152,0.09248293478072254,0.44394491867271274,0.10081980578974037,-0.24653663246047935,0.13692498638921297,0.691466142811215,-0.08350973105825663,0.32411712836945106,165,92.64,42,30.026210772145948,2316,True,True,proven_optimal,,64,0.15,,False,0.5,25,5,0.1,0.1-pilot,low,0.5,B,positive_sublinear,0,0.5,ilp,6,0.0,0.16417966214495433,2.462694932174315,2.3572097372261656,0.25026624068157616,2.110940244008734,full_corpus,proven_optimal,n/a,469,470,1878,True
synthetic_factorial,medium,0.9929015084294588,2316,False,,,,,-0.004703740054889069,,,0.5,,25,0.5936616389017246,-0.11210968927724925,0.4613331212955211,0.2937845155709141,0.13596963608103152,0.09248293478072254,0.44394491867271274,0.10081980578974037,-0.24653663246047935,0.13692498638921297,0.691466142811215,-0.08350973105825663,0.32411712836945106,165,92.64,42,30.026210772145948,2316,True,True,proven_optimal,,64,0.15,,False,0.5,25,5,0.1,0.1-pilot,low,0.5,B,positive_sublinear,0,0.5,top_k,13,0.015014132271291782,0.15148150354683118,11.815557276652832,4.762303509843582,0.6001064962726305,3.5807477821782987,full_corpus,heuristic_no_guarantee,no_candidate_fits_budget,1119,1127,1878,True
synthetic_factorial,medium,0.9866903283052352,2316,False,,,,,-0.004703740054889069,,,0.5,,25,0.5936616389017246,-0.11210968927724925,0.4613331212955211,0.2937845155709141,0.13596963608103152,0.09248293478072254,0.44394491867271274,0.10081980578974037,-0.24653663246047935,0.13692498638921297,0.691466142811215,-0.08350973105825663,0.32411712836945106,165,92.64,42,30.026210772145948,2316,True,True,proven_optimal,,64,0.15,,False,0.5,25,5,0.1,0.1-pilot,low,0.5,B,positive_sublinear,0,0.5,mmr,13,0.021988414792188483,0.12454768480595127,9.714719414864199,4.526865911506406,0.6001064962726305,3.5553939700199866,full_corpus,heuristic_no_guarantee,no_candidate_fits_budget,1112,1127,1878,True
synthetic_factorial,medium,0.9884649511978705,2316,False,,,,,-0.004703740054889069,,,0.5,,25,0.5936616389017246,-0.11210968927724925,0.4613331212955211,0.2937845155709141,0.13596963608103152,0.09248293478072254,0.44394491867271274,0.10081980578974037,-0.24653663246047935,0.13692498638921297,0.691466142811215,-0.08350973105825663,0.32411712836945106,165,92.64,42,30.026210772145948,2316,True,True,proven_optimal,,64,0.15,,False,0.5,25,5,0.1,0.1-pilot,low,0.5,B,positive_sublinear,0,0.5,greedy_objective,13,0.012850520175962126,0.13622630777118977,10.625652006152801,4.6511784247919605,0.6001064962726305,3.5886132241766804,full_corpus,heuristic_no_guarantee,no_candidate_fits_budget,1114,1127,1878,True
synthetic_factorial,medium,0.997338065661047,2316,False,,,,,-0.004703740054889069,,,0.5,,25,0.5936616389017246,-0.11210968927724925,0.4613331212955211,0.2937845155709141,0.13596963608103152,0.09248293478072254,0.44394491867271274,0.10081980578974037,-0.24653663246047935,0.13692498638921297,0.691466142811215,-0.08350973105825663,0.32411712836945106,165,92.64,42,30.026210772145948,2316,True,True,proven_optimal,,64,0.15,,False,0.5,25,5,0.1,0.1-pilot,low,0.5,B,positive_sublinear,0,0.5,greedy_token_aware,13,0.0,0.14403757739394793,11.234931036727938,4.758822197718774,0.6001064962726305,3.6353290940459804,full_corpus,heuristic_no_guarantee,no_candidate_fits_budget,1124,1127,1878,True
synthetic_factorial,medium,0.997338065661047,2316,False,,,,,-0.004703740054889069,,,0.5,,25,0.5936616389017246,-0.11210968927724925,0.4613331212955211,0.2937845155709141,0.13596963608103152,0.09248293478072254,0.44394491867271274,0.10081980578974037,-0.24653663246047935,0.13692498638921297,0.691466142811215,-0.08350973105825663,0.32411712836945106,165,92.64,42,30.026210772145948,2316,True,True,proven_optimal,,64,0.15,,False,0.5,25,5,0.1,0.1-pilot,low,0.5,B,positive_sublinear,0,0.5,ilp,13,0.0,0.14403757739394793,11.234931036727938,4.758822197718774,0.6001064962726305,3.6353290940459804,full_corpus,proven_optimal,n/a,1124,1127,1878,True
synthetic_factorial,loose,0.6318778842740504,2316,False,,,,,-0.004703740054889069,,,0.5,,25,0.5936616389017246,-0.11210968927724925,0.4613331212955211,0.2937845155709141,0.13596963608103152,0.09248293478072254,0.44394491867271274,0.10081980578974037,-0.24653663246047935,0.13692498638921297,0.691466142811215,-0.08350973105825663,0.32411712836945106,165,92.64,42,30.026210772145948,2316,True,True,proven_optimal,,64,0.15,,False,0.5,25,5,0.1,0.1-pilot,low,0.5,B,positive_sublinear,0,0.5,top_k,19,0.003817855567410724,0.13439342359270723,22.981275434352938,6.287442720008075,1.5,3.9893151765727812,full_corpus,heuristic_no_guarantee,no_positive_marginal_gain,1780,2817,1878,True
synthetic_factorial,loose,0.6829960951366703,2316,False,,,,,-0.004703740054889069,,,0.5,,25,0.5936616389017246,-0.11210968927724925,0.4613331212955211,0.2937845155709141,0.13596963608103152,0.09248293478072254,0.44394491867271274,0.10081980578974037,-0.24653663246047935,0.13692498638921297,0.691466142811215,-0.08350973105825663,0.32411712836945106,165,92.64,42,30.026210772145948,2316,True,True,proven_optimal,,64,0.15,,False,0.5,25,5,0.1,0.1-pilot,low,0.5,B,positive_sublinear,0,0.5,mmr,20,0.0036764778624411025,0.12779629936868295,24.281296880049762,6.418011026325603,1.5,3.9898813383206266,full_corpus,heuristic_no_guarantee,no_positive_marginal_gain,1924,2817,1878,True
synthetic_factorial,loose,0.6666666666666666,2316,False,,,,,-0.004703740054889069,,,0.5,,25,0.5936616389017246,-0.11210968927724925,0.4613331212955211,0.2937845155709141,0.13596963608103152,0.09248293478072254,0.44394491867271274,0.10081980578974037,-0.24653663246047935,0.13692498638921297,0.691466142811215,-0.08350973105825663,0.32411712836945106,165,92.64,42,30.026210772145948,2316,True,True,proven_optimal,,64,0.15,,False,0.5,25,5,0.1,0.1-pilot,low,0.5,B,positive_sublinear,0,0.5,greedy_objective,19,-4.4357863122549246e-16,0.1306429954546797,22.339952222750227,6.238599399199955,1.5,4.004604176924932,full_corpus,heuristic_no_guarantee,no_positive_marginal_gain,1878,2817,1878,True
synthetic_factorial,loose,0.6318778842740504,2316,False,,,,,-0.004703740054889069,,,0.5,,25,0.5936616389017246,-0.11210968927724925,0.4613331212955211,0.2937845155709141,0.13596963608103152,0.09248293478072254,0.44394491867271274,0.10081980578974037,-0.24653663246047935,0.13692498638921297,0.691466142811215,-0.08350973105825663,0.32411712836945106,165,92.64,42,30.026210772145948,2316,True,True,proven_optimal,,64,0.15,,False,0.5,25,5,0.1,0.1-pilot,low,0.5,B,positive_sublinear,0,0.5,greedy_token_aware,19,0.003817855567410502,0.13439342359270723,22.981275434352938,6.287442720008076,1.5,3.989315176572782,full_corpus,heuristic_no_guarantee,no_positive_marginal_gain,1780,2817,1878,True
synthetic_factorial,loose,0.6666666666666666,2316,False,,,,,-0.004703740054889069,,,0.5,,25,0.5936616389017246,-0.11210968927724925,0.4613331212955211,0.2937845155709141,0.13596963608103152,0.09248293478072254,0.44394491867271274,0.10081980578974037,-0.24653663246047935,0.13692498638921297,0.691466142811215,-0.08350973105825663,0.32411712836945106,165,92.64,42,30.026210772145948,2316,True,True,proven_optimal,,64,0.15,,False,0.5,25,5,0.1,0.1-pilot,low,0.5,B,positive_sublinear,0,0.5,ilp,19,0.0,0.1306429954546797,22.339952222750227,6.238599399199954,1.5,4.00460417692493,full_corpus,proven_optimal,n/a,1878,2817,1878,True
synthetic_factorial,tight,0.9904458598726115,2316,False,,,,,-0.004703740054889069,,,0.5,,25,0.5936616389017246,-0.11210968927724925,0.4613331212955211,0.2937845155709141,0.13596963608103152,0.09248293478072254,0.8149909474445904,0.18340076017052379,-0.24614757092951947,0.25828956504635947,0.691466142811215,-0.08350973105825663,0.32411712836945106,165,92.64,42,30.026210772145948,2316,True,True,proven_optimal,,64,0.7,,False,0.5,25,5,0.1,0.1-pilot,high,0.5,B,positive_sublinear,0,0.5,top_k,4,0.02221269334513271,0.30936233822439557,1.8561740293463735,1.7006897688097975,0.250199203187251,1.5150723658751601,full_corpus,heuristic_no_guarantee,no_candidate_fits_budget,311,314,1255,True
synthetic_factorial,tight,0.9840764331210191,2316,False,,,,,-0.004703740054889069,,,0.5,,25,0.5936616389017246,-0.11210968927724925,0.4613331212955211,0.2937845155709141,0.13596963608103152,0.09248293478072254,0.8149909474445904,0.18340076017052379,-0.24614757092951947,0.25828956504635947,0.691466142811215,-0.08350973105825663,0.32411712836945106,165,92.64,42,30.026210772145948,2316,True,True,proven_optimal,,64,0.7,,False,0.5,25,5,0.1,0.1-pilot,high,0.5,B,positive_sublinear,0,0.5,mmr,4,0.09254743644195733,0.10081530200873418,0.604891812052405,1.466578514777097,0.250199203187251,1.4060893335718565,full_corpus,heuristic_no_guarantee,no_candidate_fits_budget,309,314,1255,True
synthetic_factorial,tight,0.9936305732484076,2316,False,,,,,-0.004703740054889069,,,0.5,,25,0.5936616389017246,-0.11210968927724925,0.4613331212955211,0.2937845155709141,0.13596963608103152,0.09248293478072254,0.8149909474445904,0.18340076017052379,-0.24614757092951947,0.25828956504635947,0.691466142811215,-0.08350973105825663,0.32411712836945106,165,92.64,42,30.026210772145948,2316,True,True,proven_optimal,,64,0.7,,False,0.5,25,5,0.1,0.1-pilot,high,0.5,B,positive_sublinear,0,0.5,greedy_objective,4,1.4330166736390742e-16,0.19648042016752232,1.178882521005134,1.66737898036371,0.250199203187251,1.5494907282631967,full_corpus,heuristic_no_guarantee,no_candidate_fits_budget,312,314,1255,True
synthetic_factorial,tight,0.9777070063694268,2316,False,,,,,-0.004703740054889069,,,0.5,,25,0.5936616389017246,-0.11210968927724925,0.4613331212955211,0.2937845155709141,0.13596963608103152,0.09248293478072254,0.8149909474445904,0.18340076017052379,-0.24614757092951947,0.25828956504635947,0.691466142811215,-0.08350973105825663,0.32411712836945106,165,92.64,42,30.026210772145948,2316,True,True,proven_optimal,,64,0.7,,False,0.5,25,5,0.1,0.1-pilot,high,0.5,B,positive_sublinear,0,0.5,greedy_token_aware,5,0.02646081293031023,0.1444937192768872,1.444937192768872,1.6529836632422614,0.250199203187251,1.5084899439653743,full_corpus,heuristic_no_guarantee,no_candidate_fits_budget,307,314,1255,True
synthetic_factorial,tight,0.9936305732484076,2316,False,,,,,-0.004703740054889069,,,0.5,,25,0.5936616389017246,-0.11210968927724925,0.4613331212955211,0.2937845155709141,0.13596963608103152,0.09248293478072254,0.8149909474445904,0.18340076017052379,-0.24614757092951947,0.25828956504635947,0.691466142811215,-0.08350973105825663,0.32411712836945106,165,92.64,42,30.026210772145948,2316,True,True,proven_optimal,,64,0.7,,False,0.5,25,5,0.1,0.1-pilot,high,0.5,B,positive_sublinear,0,0.5,ilp,4,0.0,0.19648042016752232,1.178882521005134,1.6673789803637102,0.250199203187251,1.549490728263197,full_corpus,proven_optimal,n/a,312,314,1255,True
synthetic_factorial,medium,0.9641434262948207,2316,False,,,,,-0.004703740054889069,,,0.5,,25,0.5936616389017246,-0.11210968927724925,0.4613331212955211,0.2937845155709141,0.13596963608103152,0.09248293478072254,0.8149909474445904,0.18340076017052379,-0.24614757092951947,0.25828956504635947,0.691466142811215,-0.08350973105825663,0.32411712836945106,165,92.64,42,30.026210772145948,2316,True,True,proven_optimal,,64,0.7,,False,0.5,25,5,0.1,0.1-pilot,high,0.5,B,positive_sublinear,0,0.5,top_k,8,0.070011443248088,0.23248714517445698,6.509640064884795,3.1714807226813297,0.6,2.52051671619285,full_corpus,heuristic_no_guarantee,no_candidate_fits_budget,726,753,1255,True
synthetic_factorial,medium,0.953519256308101,2316,False,,,,,-0.004703740054889069,,,0.5,,25,0.5936616389017246,-0.11210968927724925,0.4613331212955211,0.2937845155709141,0.13596963608103152,0.09248293478072254,0.8149909474445904,0.18340076017052379,-0.24614757092951947,0.25828956504635947,0.691466142811215,-0.08350973105825663,0.32411712836945106,165,92.64,42,30.026210772145948,2316,True,True,proven_optimal,,64,0.7,,False,0.5,25,5,0.1,0.1-pilot,high,0.5,B,positive_sublinear,0,0.5,mmr,8,0.048889568512083884,0.19002695701910183,5.320754796534851,3.109838102758749,0.6,2.5777626231052637,full_corpus,heuristic_no_guarantee,no_candidate_fits_budget,718,753,1255,True
synthetic_factorial,medium,0.9774236387782205,2316,False,,,,,-0.004703740054889069,,,0.5,,25,0.5936616389017246,-0.11210968927724925,0.4613331212955211,0.2937845155709141,0.13596963608103152,0.09248293478072254,0.8149909474445904,0.18340076017052379,-0.24614757092951947,0.25828956504635947,0.691466142811215,-0.08350973105825663,0.32411712836945106,165,92.64,42,30.026210772145948,2316,True,True,proven_optimal,,64,0.7,,False,0.5,25,5,0.1,0.1-pilot,high,0.5,B,positive_sublinear,0,0.5,greedy_objective,8,0.03465921379425858,0.18349697873432996,5.137915404561239,3.1301222154833432,0.6,2.6163306750272195,full_corpus,heuristic_no_guarantee,no_candidate_fits_budget,736,753,1255,True
synthetic_factorial,medium,0.9282868525896414,2316,False,,,,,-0.004703740054889069,,,0.5,,25,0.5936616389017246,-0.11210968927724925,0.4613331212955211,0.2937845155709141,0.13596963608103152,0.09248293478072254,0.8149909474445904,0.18340076017052379,-0.24614757092951947,0.25828956504635947,0.691466142811215,-0.08350973105825663,0.32411712836945106,165,92.64,42,30.026210772145948,2316,True,True,proven_optimal,,64,0.7,,False,0.5,25,5,0.1,0.1-pilot,high,0.5,B,positive_sublinear,0,0.5,greedy_token_aware,9,0.03924161219271728,0.20222527844880167,7.28011002415686,3.3319221571383655,0.6,2.603911154722679,full_corpus,heuristic_no_guarantee,no_positive_marginal_gain,699,753,1255,True
synthetic_factorial,medium,0.9840637450199203,2316,False,,,,,-0.004703740054889069,,,0.5,,25,0.5936616389017246,-0.11210968927724925,0.4613331212955211,0.2937845155709141,0.13596963608103152,0.09248293478072254,0.8149909474445904,0.18340076017052379,-0.24614757092951947,0.25828956504635947,0.691466142811215,-0.08350973105825663,0.32411712836945106,165,92.64,42,30.026210772145948,2316,True,True,proven_optimal,,64,0.7,,False,0.5,25,5,0.1,0.1-pilot,high,0.5,B,positive_sublinear,0,0.5,ilp,9,0.0,0.20958427131005586,7.545033767162011,3.4647697535370447,0.6,2.7102663768208437,full_corpus,proven_optimal,n/a,741,753,1255,True
synthetic_factorial,loose,0.7114771519659936,2316,False,,,,,-0.004703740054889069,,,0.5,,25,0.5936616389017246,-0.11210968927724925,0.4613331212955211,0.2937845155709141,0.13596963608103152,0.09248293478072254,0.8149909474445904,0.18340076017052379,-0.24614757092951947,0.25828956504635947,0.691466142811215,-0.08350973105825663,0.32411712836945106,165,92.64,42,30.026210772145948,2316,True,True,proven_optimal,,64,0.7,,False,0.5,25,5,0.1,0.1-pilot,high,0.5,B,positive_sublinear,0,0.5,top_k,15,0.006264746456165563,0.20808746682418666,21.8491840165396,5.3438781116791585,1.499601593625498,3.1589597100251985,full_corpus,heuristic_no_guarantee,no_positive_marginal_gain,1339,1882,1255,True
synthetic_factorial,loose,0.7114771519659936,2316,False,,,,,-0.004703740054889069,,,0.5,,25,0.5936616389017246,-0.11210968927724925,0.4613331212955211,0.2937845155709141,0.13596963608103152,0.09248293478072254,0.8149909474445904,0.18340076017052379,-0.24614757092951947,0.25828956504635947,0.691466142811215,-0.08350973105825663,0.32411712836945106,165,92.64,42,30.026210772145948,2316,True,True,proven_optimal,,64,0.7,,False,0.5,25,5,0.1,0.1-pilot,high,0.5,B,positive_sublinear,0,0.5,mmr,15,0.006264746456165842,0.20808746682418666,21.8491840165396,5.343878111679158,1.499601593625498,3.1589597100251976,full_corpus,heuristic_no_guarantee,no_positive_marginal_gain,1339,1882,1255,True
synthetic_factorial,loose,0.7114771519659936,2316,False,,,,,-0.004703740054889069,,,0.5,,25,0.5936616389017246,-0.11210968927724925,0.4613331212955211,0.2937845155709141,0.13596963608103152,0.09248293478072254,0.8149909474445904,0.18340076017052379,-0.24614757092951947,0.25828956504635947,0.691466142811215,-0.08350973105825663,0.32411712836945106,165,92.64,42,30.026210772145948,2316,True,True,proven_optimal,,64,0.7,,False,0.5,25,5,0.1,0.1-pilot,high,0.5,B,positive_sublinear,0,0.5,greedy_objective,15,0.006264746456165702,0.2080874668241867,21.849184016539603,5.3438781116791585,1.499601593625498,3.158959710025198,full_corpus,heuristic_no_guarantee,no_positive_marginal_gain,1339,1882,1255,True
synthetic_factorial,loose,0.6891604675876727,2316,False,,,,,-0.004703740054889069,,,0.5,,25,0.5936616389017246,-0.11210968927724925,0.4613331212955211,0.2937845155709141,0.13596963608103152,0.09248293478072254,0.8149909474445904,0.18340076017052379,-0.24614757092951947,0.25828956504635947,0.691466142811215,-0.08350973105825663,0.32411712836945106,165,92.64,42,30.026210772145948,2316,True,True,proven_optimal,,64,0.7,,False,0.5,25,5,0.1,0.1-pilot,high,0.5,B,positive_sublinear,0,0.5,greedy_token_aware,15,0.012414746250828494,0.19773399560254623,20.762069538267355,5.215616586003009,1.499601593625498,3.1394096321762732,full_corpus,heuristic_no_guarantee,no_positive_marginal_gain,1297,1882,1255,True
synthetic_factorial,loose,0.6668437832093518,2316,False,,,,,-0.004703740054889069,,,0.5,,25,0.5936616389017246,-0.11210968927724925,0.4613331212955211,0.2937845155709141,0.13596963608103152,0.09248293478072254,0.8149909474445904,0.18340076017052379,-0.24614757092951947,0.25828956504635947,0.691466142811215,-0.08350973105825663,0.32411712836945106,165,92.64,42,30.026210772145948,2316,True,True,proven_optimal,,64,0.7,,False,0.5,25,5,0.1,0.1-pilot,high,0.5,B,positive_sublinear,0,0.5,ilp,14,0.0,0.20230896779474453,18.410116069321752,5.019886160048605,1.499601593625498,3.1788745531164295,full_corpus,proven_optimal,n/a,1255,1882,1255,True
synthetic_factorial,tight,0.9472361809045227,2231,False,,,,,-0.4895467010126793,,,-0.5,,25,7.49673702912819e-05,-0.7080702307819875,0.4613331212955211,0.2937845155709141,0.13596963608103152,0.09248293478072254,0.44394491867271274,0.10081980578974037,-0.24653663246047935,0.13692498638921297,2.0313617445341075e-05,-0.7437924522971876,0.5378975697654104,214,89.24,26,48.00197912586522,2231,True,True,proven_optimal,,64,0.15,,False,0.5,25,5,0.1,0.1-pilot,low,-0.5,C,negative,0,-0.5,top_k,7,0.006441884503981771,0.16671416040038153,3.5009973684080125,2.8145708688517526,0.2501571338780641,2.464471132010951,full_corpus,heuristic_no_guarantee,no_candidate_fits_budget,377,398,1591,True
synthetic_factorial,tight,0.9849246231155779,2231,False,,,,,-0.4895467010126793,,,-0.5,,25,7.49673702912819e-05,-0.7080702307819875,0.4613331212955211,0.2937845155709141,0.13596963608103152,0.09248293478072254,0.44394491867271274,0.10081980578974037,-0.24653663246047935,0.13692498638921297,2.0313617445341075e-05,-0.7437924522971876,0.5378975697654104,214,89.24,26,48.00197912586522,2231,True,True,proven_optimal,,64,0.15,,False,0.5,25,5,0.1,0.1-pilot,low,-0.5,C,negative,0,-0.5,mmr,7,0.005148119051203623,0.12270939385247702,2.5768972709020175,2.7253699794940482,0.2501571338780641,2.4676802524038464,full_corpus,heuristic_no_guarantee,no_candidate_fits_budget,392,398,1591,True
synthetic_factorial,tight,0.9798994974874372,2231,False,,,,,-0.4895467010126793,,,-0.5,,25,7.49673702912819e-05,-0.7080702307819875,0.4613331212955211,0.2937845155709141,0.13596963608103152,0.09248293478072254,0.44394491867271274,0.10081980578974037,-0.24653663246047935,0.13692498638921297,2.0313617445341075e-05,-0.7437924522971876,0.5378975697654104,214,89.24,26,48.00197912586522,2231,True,True,proven_optimal,,64,0.15,,False,0.5,25,5,0.1,0.1-pilot,low,-0.5,C,negative,0,-0.5,greedy_objective,7,0.0,0.1323037989923183,2.7783797788386844,2.758287881693071,0.2501571338780641,2.4804499038092027,full_corpus,heuristic_no_guarantee,no_candidate_fits_budget,390,398,1591,True
synthetic_factorial,tight,0.871859296482412,2231,False,,,,,-0.4895467010126793,,,-0.5,,25,7.49673702912819e-05,-0.7080702307819875,0.4613331212955211,0.2937845155709141,0.13596963608103152,0.09248293478072254,0.44394491867271274,0.10081980578974037,-0.24653663246047935,0.13692498638921297,2.0313617445341075e-05,-0.7437924522971876,0.5378975697654104,214,89.24,26,48.00197912586522,2231,True,True,proven_optimal,,64,0.15,,False,0.5,25,5,0.1,0.1-pilot,low,-0.5,C,negative,0,-0.5,greedy_token_aware,7,0.027973059229787423,0.1850008849264532,3.8850185834555173,2.799565990078979,0.2501571338780641,2.4110641317334274,full_corpus,heuristic_no_guarantee,no_candidate_fits_budget,347,398,1591,True
synthetic_factorial,tight,0.9798994974874372,2231,False,,,,,-0.4895467010126793,,,-0.5,,25,7.49673702912819e-05,-0.7080702307819875,0.4613331212955211,0.2937845155709141,0.13596963608103152,0.09248293478072254,0.44394491867271274,0.10081980578974037,-0.24653663246047935,0.13692498638921297,2.0313617445341075e-05,-0.7437924522971876,0.5378975697654104,214,89.24,26,48.00197912586522,2231,True,True,proven_optimal,,64,0.15,,False,0.5,25,5,0.1,0.1-pilot,low,-0.5,C,negative,0,-0.5,ilp,7,0.0,0.1323037989923183,2.7783797788386844,2.758287881693071,0.2501571338780641,2.4804499038092027,full_corpus,proven_optimal,n/a,390,398,1591,True
synthetic_factorial,medium,0.9926701570680628,2231,False,,,,,-0.4895467010126793,,,-0.5,,25,7.49673702912819e-05,-0.7080702307819875,0.4613331212955211,0.2937845155709141,0.13596963608103152,0.09248293478072254,0.44394491867271274,0.10081980578974037,-0.24653663246047935,0.13692498638921297,2.0313617445341075e-05,-0.7437924522971876,0.5378975697654104,214,89.24,26,48.00197912586522,2231,True,True,proven_optimal,,64,0.15,,False,0.5,25,5,0.1,0.1-pilot,low,-0.5,C,negative,0,-0.5,top_k,15,0.013517115391129897,0.14852149866833758,15.594757360175446,5.347359423803965,0.6002514142049026,3.7878836877864206,full_corpus,heuristic_no_guarantee,no_candidate_fits_budget,948,955,1591,True
synthetic_factorial,medium,0.9832460732984293,2231,False,,,,,-0.4895467010126793,,,-0.5,,25,7.49673702912819e-05,-0.7080702307819875,0.4613331212955211,0.2937845155709141,0.13596963608103152,0.09248293478072254,0.44394491867271274,0.10081980578974037,-0.24653663246047935,0.13692498638921297,2.0313617445341075e-05,-0.7437924522971876,0.5378975697654104,214,89.24,26,48.00197912586522,2231,True,True,proven_optimal,,64,0.15,,False,0.5,25,5,0.1,0.1-pilot,low,-0.5,C,negative,0,-0.5,mmr,14,0.042122685214776544,0.12045062500999447,10.961006875909497,4.774145093819244,0.6002514142049026,3.678044406228294,full_corpus,heuristic_no_guarantee,no_candidate_fits_budget,939,955,1591,True
synthetic_factorial,medium,1.0,2231,False,,,,,-0.4895467010126793,,,-0.5,,25,7.49673702912819e-05,-0.7080702307819875,0.4613331212955211,0.2937845155709141,0.13596963608103152,0.09248293478072254,0.44394491867271274,0.10081980578974037,-0.24653663246047935,0.13692498638921297,2.0313617445341075e-05,-0.7437924522971876,0.5378975697654104,214,89.24,26,48.00197912586522,2231,True,True,proven_optimal,,64,0.15,,False,0.5,25,5,0.1,0.1-pilot,low,-0.5,C,negative,0,-0.5,greedy_objective,15,2.3130932249536646e-16,0.143246817747866,15.040915863525928,5.343878111679158,0.6002514142049026,3.8397865253265646,full_corpus,heuristic_no_guarantee,no_candidate_fits_budget,955,955,1591,True
synthetic_factorial,medium,1.0,2231,False,,,,,-0.4895467010126793,,,-0.5,,25,7.49673702912819e-05,-0.7080702307819875,0.4613331212955211,0.2937845155709141,0.13596963608103152,0.09248293478072254,0.44394491867271274,0.10081980578974037,-0.24653663246047935,0.13692498638921297,2.0313617445341075e-05,-0.7437924522971876,0.5378975697654104,214,89.24,26,48.00197912586522,2231,True,True,proven_optimal,,64,0.15,,False,0.5,25,5,0.1,0.1-pilot,low,-0.5,C,negative,0,-0.5,greedy_token_aware,15,2.3130932249536646e-16,0.143246817747866,15.040915863525928,5.343878111679158,0.6002514142049026,3.8397865253265646,full_corpus,heuristic_no_guarantee,no_candidate_fits_budget,955,955,1591,True
synthetic_factorial,medium,1.0,2231,False,,,,,-0.4895467010126793,,,-0.5,,25,7.49673702912819e-05,-0.7080702307819875,0.4613331212955211,0.2937845155709141,0.13596963608103152,0.09248293478072254,0.44394491867271274,0.10081980578974037,-0.24653663246047935,0.13692498638921297,2.0313617445341075e-05,-0.7437924522971876,0.5378975697654104,214,89.24,26,48.00197912586522,2231,True,True,proven_optimal,,64,0.15,,False,0.5,25,5,0.1,0.1-pilot,low,-0.5,C,negative,0,-0.5,ilp,15,0.0,0.143246817747866,15.040915863525928,5.3438781116791585,0.6002514142049026,3.8397865253265655,full_corpus,proven_optimal,n/a,955,955,1591,True
synthetic_factorial,loose,0.6064543168482817,2231,False,,,,,-0.4895467010126793,,,-0.5,,25,7.49673702912819e-05,-0.7080702307819875,0.4613331212955211,0.2937845155709141,0.13596963608103152,0.09248293478072254,0.44394491867271274,0.10081980578974037,-0.24653663246047935,0.13692498638921297,2.0313617445341075e-05,-0.7437924522971876,0.5378975697654104,214,89.24,26,48.00197912586522,2231,True,True,proven_optimal,,64,0.15,,False,0.5,25,5,0.1,0.1-pilot,low,-0.5,C,negative,0,-0.5,top_k,19,0.003817855567410724,0.13439342359270723,22.981275434352938,6.287442720008075,1.4996857322438717,3.9893151765727812,full_corpus,heuristic_no_guarantee,no_positive_marginal_gain,1447,2386,1591,True
synthetic_factorial,loose,0.6944677284157585,2231,False,,,,,-0.4895467010126793,,,-0.5,,25,7.49673702912819e-05,-0.7080702307819875,0.4613331212955211,0.2937845155709141,0.13596963608103152,0.09248293478072254,0.44394491867271274,0.10081980578974037,-0.24653663246047935,0.13692498638921297,2.0313617445341075e-05,-0.7437924522971876,0.5378975697654104,214,89.24,26,48.00197912586522,2231,True,True,proven_optimal,,64,0.15,,False,0.5,25,5,0.1,0.1-pilot,low,-0.5,C,negative,0,-0.5,mmr,20,0.0036764778624411025,0.12779629936868295,24.281296880049762,6.418011026325603,1.4996857322438717,3.9898813383206266,full_corpus,heuristic_no_guarantee,no_positive_marginal_gain,1657,2386,1591,True
synthetic_factorial,loose,0.6668063704945516,2231,False,,,,,-0.4895467010126793,,,-0.5,,25,7.49673702912819e-05,-0.7080702307819875,0.4613331212955211,0.2937845155709141,0.13596963608103152,0.09248293478072254,0.44394491867271274,0.10081980578974037,-0.24653663246047935,0.13692498638921297,2.0313617445341075e-05,-0.7437924522971876,0.5378975697654104,214,89.24,26,48.00197912586522,2231,True,True,proven_optimal,,64,0.15,,False,0.5,25,5,0.1,0.1-pilot,low,-0.5,C,negative,0,-0.5,greedy_objective,19,-4.4357863122549246e-16,0.1306429954546797,22.339952222750227,6.238599399199955,1.4996857322438717,4.004604176924932,full_corpus,heuristic_no_guarantee,no_positive_marginal_gain,1591,2386,1591,True
synthetic_factorial,loose,0.6064543168482817,2231,False,,,,,-0.4895467010126793,,,-0.5,,25,7.49673702912819e-05,-0.7080702307819875,0.4613331212955211,0.2937845155709141,0.13596963608103152,0.09248293478072254,0.44394491867271274,0.10081980578974037,-0.24653663246047935,0.13692498638921297,2.0313617445341075e-05,-0.7437924522971876,0.5378975697654104,214,89.24,26,48.00197912586522,2231,True,True,proven_optimal,,64,0.15,,False,0.5,25,5,0.1,0.1-pilot,low,-0.5,C,negative,0,-0.5,greedy_token_aware,19,0.003817855567410502,0.13439342359270723,22.981275434352934,6.287442720008076,1.4996857322438717,3.989315176572782,full_corpus,heuristic_no_guarantee,no_positive_marginal_gain,1447,2386,1591,True
synthetic_factorial,loose,0.6668063704945516,2231,False,,,,,-0.4895467010126793,,,-0.5,,25,7.49673702912819e-05,-0.7080702307819875,0.4613331212955211,0.2937845155709141,0.13596963608103152,0.09248293478072254,0.44394491867271274,0.10081980578974037,-0.24653663246047935,0.13692498638921297,2.0313617445341075e-05,-0.7437924522971876,0.5378975697654104,214,89.24,26,48.00197912586522,2231,True,True,proven_optimal,,64,0.15,,False,0.5,25,5,0.1,0.1-pilot,low,-0.5,C,negative,0,-0.5,ilp,19,0.0,0.1306429954546797,22.339952222750227,6.238599399199954,1.4996857322438717,4.00460417692493,full_corpus,proven_optimal,n/a,1591,2386,1591,True
synthetic_factorial,tight,0.9954954954954955,2231,False,,,,,-0.4895467010126793,,,-0.5,,25,7.49673702912819e-05,-0.7080702307819875,0.4613331212955211,0.2937845155709141,0.13596963608103152,0.09248293478072254,0.8149909474445904,0.18340076017052379,-0.24614757092951947,0.25828956504635947,2.0313617445341075e-05,-0.7437924522971876,0.5378975697654104,214,89.24,26,48.00197912586522,2231,True,True,proven_optimal,,64,0.7,,False,0.5,25,5,0.1,0.1-pilot,high,-0.5,C,negative,0,-0.5,top_k,5,0.0,0.21926234325901345,2.1926234325901346,2.075209912605397,0.24971878515185603,1.8559475693463836,full_corpus,heuristic_no_guarantee,no_candidate_fits_budget,221,222,889,True
synthetic_factorial,tight,0.9819819819819819,2231,False,,,,,-0.4895467010126793,,,-0.5,,25,7.49673702912819e-05,-0.7080702307819875,0.4613331212955211,0.2937845155709141,0.13596963608103152,0.09248293478072254,0.8149909474445904,0.18340076017052379,-0.24614757092951947,0.25828956504635947,2.0313617445341075e-05,-0.7437924522971876,0.5378975697654104,214,89.24,26,48.00197912586522,2231,True,True,proven_optimal,,64,0.7,,False,0.5,25,5,0.1,0.1-pilot,high,-0.5,C,negative,0,-0.5,mmr,4,0.14359315437919618,0.0887270318523838,0.5323621911143028,1.6426824226129648,0.24971878515185603,1.5894462035015344,full_corpus,heuristic_no_guarantee,no_candidate_fits_budget,218,222,889,True
synthetic_factorial,tight,0.9954954954954955,2231,False,,,,,-0.4895467010126793,,,-0.5,,25,7.49673702912819e-05,-0.7080702307819875,0.4613331212955211,0.2937845155709141,0.13596963608103152,0.09248293478072254,0.8149909474445904,0.18340076017052379,-0.24614757092951947,0.25828956504635947,2.0313617445341075e-05,-0.7437924522971876,0.5378975697654104,214,89.24,26,48.00197912586522,2231,True,True,proven_optimal,,64,0.7,,False,0.5,25,5,0.1,0.1-pilot,high,-0.5,C,negative,0,-0.5,greedy_objective,5,0.0,0.21926234325901345,2.1926234325901346,2.075209912605397,0.24971878515185603,1.8559475693463836,full_corpus,heuristic_no_guarantee,no_candidate_fits_budget,221,222,889,True
synthetic_factorial,tight,0.9954954954954955,2231,False,,,,,-0.4895467010126793,,,-0.5,,25,7.49673702912819e-05,-0.7080702307819875,0.4613331212955211,0.2937845155709141,0.13596963608103152,0.09248293478072254,0.8149909474445904,0.18340076017052379,-0.24614757092951947,0.25828956504635947,2.0313617445341075e-05,-0.7437924522971876,0.5378975697654104,214,89.24,26,48.00197912586522,2231,True,True,proven_optimal,,64,0.7,,False,0.5,25,5,0.1,0.1-pilot,high,-0.5,C,negative,0,-0.5,greedy_token_aware,5,0.0,0.21926234325901345,2.1926234325901346,2.075209912605397,0.24971878515185603,1.8559475693463836,full_corpus,heuristic_no_guarantee,no_candidate_fits_budget,221,222,889,True
synthetic_factorial,tight,0.9954954954954955,2231,False,,,,,-0.4895467010126793,,,-0.5,,25,7.49673702912819e-05,-0.7080702307819875,0.4613331212955211,0.2937845155709141,0.13596963608103152,0.09248293478072254,0.8149909474445904,0.18340076017052379,-0.24614757092951947,0.25828956504635947,2.0313617445341075e-05,-0.7437924522971876,0.5378975697654104,214,89.24,26,48.00197912586522,2231,True,True,proven_optimal,,64,0.7,,False,0.5,25,5,0.1,0.1-pilot,high,-0.5,C,negative,0,-0.5,ilp,5,0.0,0.21926234325901345,2.1926234325901346,2.075209912605397,0.24971878515185603,1.8559475693463836,full_corpus,proven_optimal,n/a,221,222,889,True
synthetic_factorial,medium,0.9380863039399625,2231,False,,,,,-0.4895467010126793,,,-0.5,,25,7.49673702912819e-05,-0.7080702307819875,0.4613331212955211,0.2937845155709141,0.13596963608103152,0.09248293478072254,0.8149909474445904,0.18340076017052379,-0.24614757092951947,0.25828956504635947,2.0313617445341075e-05,-0.7437924522971876,0.5378975697654104,214,89.24,26,48.00197912586522,2231,True,True,proven_optimal,,64,0.7,,False,0.5,25,5,0.1,0.1-pilot,high,-0.5,C,negative,0,-0.5,top_k,9,0.055499825330311926,0.23282139363372018,8.381570170813927,3.52400246636464,0.5995500562429696,2.6858454492832475,full_corpus,heuristic_no_guarantee,no_candidate_fits_budget,500,533,889,True
synthetic_factorial,medium,0.9662288930581614,2231,False,,,,,-0.4895467010126793,,,-0.5,,25,7.49673702912819e-05,-0.7080702307819875,0.4613331212955211,0.2937845155709141,0.13596963608103152,0.09248293478072254,0.8149909474445904,0.18340076017052379,-0.24614757092951947,0.25828956504635947,2.0313617445341075e-05,-0.7437924522971876,0.5378975697654104,214,89.24,26,48.00197912586522,2231,True,True,proven_optimal,,64,0.7,,False,0.5,25,5,0.1,0.1-pilot,high,-0.5,C,negative,0,-0.5,mmr,9,0.033348247338890843,0.1902757942423139,6.8499285927233,3.433830054389302,0.5995500562429696,2.748837195116972,full_corpus,heuristic_no_guarantee,no_candidate_fits_budget,515,533,889,True
synthetic_factorial,medium,0.9812382739212008,2231,False,,,,,-0.4895467010126793,,,-0.5,,25,7.49673702912819e-05,-0.7080702307819875,0.4613331212955211,0.2937845155709141,0.13596963608103152,0.09248293478072254,0.8149909474445904,0.18340076017052379,-0.24614757092951947,0.25828956504635947,2.0313617445341075e-05,-0.7437924522971876,0.5378975697654104,214,89.24,26,48.00197912586522,2231,True,True,proven_optimal,,64,0.7,,False,0.5,25,5,0.1,0.1-pilot,high,-0.5,C,negative,0,-0.5,greedy_objective,9,0.014291980540450038,0.180857573688452,6.510872652784273,3.454114167113896,0.5995500562429696,2.803026901835469,full_corpus,heuristic_no_guarantee,no_candidate_fits_budget,523,533,889,True
synthetic_factorial,medium,0.99812382739212,2231,False,,,,,-0.4895467010126793,,,-0.5,,25,7.49673702912819e-05,-0.7080702307819875,0.4613331212955211,0.2937845155709141,0.13596963608103152,0.09248293478072254,0.8149909474445904,0.18340076017052379,-0.24614757092951947,0.25828956504635947,2.0313617445341075e-05,-0.7437924522971876,0.5378975697654104,214,89.24,26,48.00197912586522,2231,True,True,proven_optimal,,64,0.7,,False,0.5,25,5,0.1,0.1-pilot,high,-0.5,C,negative,0,-0.5,greedy_token_aware,10,1.5616771113328263e-16,0.21733578885412067,9.78011049843543,3.821679607366621,0.5995500562429696,2.843668557523078,full_corpus,heuristic_no_guarantee,no_candidate_fits_budget,532,533,889,True
synthetic_factorial,medium,0.99812382739212,2231,False,,,,,-0.4895467010126793,,,-0.5,,25,7.49673702912819e-05,-0.7080702307819875,0.4613331212955211,0.2937845155709141,0.13596963608103152,0.09248293478072254,0.8149909474445904,0.18340076017052379,-0.24614757092951947,0.25828956504635947,2.0313617445341075e-05,-0.7437924522971876,0.5378975697654104,214,89.24,26,48.00197912586522,2231,True,True,proven_optimal,,64,0.7,,False,0.5,25,5,0.1,0.1-pilot,high,-0.5,C,negative,0,-0.5,ilp,10,0.0,0.21733578885412064,9.780110498435429,3.8216796073666215,0.5995500562429696,2.8436685575230785,full_corpus,proven_optimal,n/a,532,533,889,True
synthetic_factorial,loose,0.7158920539730135,2231,False,,,,,-0.4895467010126793,,,-0.5,,25,7.49673702912819e-05,-0.7080702307819875,0.4613331212955211,0.2937845155709141,0.13596963608103152,0.09248293478072254,0.8149909474445904,0.18340076017052379,-0.24614757092951947,0.25828956504635947,2.0313617445341075e-05,-0.7437924522971876,0.5378975697654104,214,89.24,26,48.00197912586522,2231,True,True,proven_optimal,,64,0.7,,False,0.5,25,5,0.1,0.1-pilot,high,-0.5,C,negative,0,-0.5,top_k,15,0.006264746456165563,0.20808746682418666,21.8491840165396,5.3438781116791585,1.500562429696288,3.1589597100251985,full_corpus,heuristic_no_guarantee,no_positive_marginal_gain,955,1334,889,True
synthetic_factorial,loose,0.7158920539730135,2231,False,,,,,-0.4895467010126793,,,-0.5,,25,7.49673702912819e-05,-0.7080702307819875,0.4613331212955211,0.2937845155709141,0.13596963608103152,0.09248293478072254,0.8149909474445904,0.18340076017052379,-0.24614757092951947,0.25828956504635947,2.0313617445341075e-05,-0.7437924522971876,0.5378975697654104,214,89.24,26,48.00197912586522,2231,True,True,proven_optimal,,64,0.7,,False,0.5,25,5,0.1,0.1-pilot,high,-0.5,C,negative,0,-0.5,mmr,15,0.006264746456165842,0.20808746682418666,21.8491840165396,5.343878111679158,1.500562429696288,3.1589597100251976,full_corpus,heuristic_no_guarantee,no_positive_marginal_gain,955,1334,889,True
synthetic_factorial,loose,0.7158920539730135,2231,False,,,,,-0.4895467010126793,,,-0.5,,25,7.49673702912819e-05,-0.7080702307819875,0.4613331212955211,0.2937845155709141,0.13596963608103152,0.09248293478072254,0.8149909474445904,0.18340076017052379,-0.24614757092951947,0.25828956504635947,2.0313617445341075e-05,-0.7437924522971876,0.5378975697654104,214,89.24,26,48.00197912586522,2231,True,True,proven_optimal,,64,0.7,,False,0.5,25,5,0.1,0.1-pilot,high,-0.5,C,negative,0,-0.5,greedy_objective,15,0.006264746456165702,0.2080874668241867,21.849184016539603,5.3438781116791585,1.500562429696288,3.158959710025198,full_corpus,heuristic_no_guarantee,no_positive_marginal_gain,955,1334,889,True
synthetic_factorial,loose,0.7158920539730135,2231,False,,,,,-0.4895467010126793,,,-0.5,,25,7.49673702912819e-05,-0.7080702307819875,0.4613331212955211,0.2937845155709141,0.13596963608103152,0.09248293478072254,0.8149909474445904,0.18340076017052379,-0.24614757092951947,0.25828956504635947,2.0313617445341075e-05,-0.7437924522971876,0.5378975697654104,214,89.24,26,48.00197912586522,2231,True,True,proven_optimal,,64,0.7,,False,0.5,25,5,0.1,0.1-pilot,high,-0.5,C,negative,0,-0.5,greedy_token_aware,15,0.006264746456165842,0.20808746682418666,21.8491840165396,5.343878111679158,1.500562429696288,3.1589597100251976,full_corpus,heuristic_no_guarantee,no_positive_marginal_gain,955,1334,889,True
synthetic_factorial,loose,0.6664167916041979,2231,False,,,,,-0.4895467010126793,,,-0.5,,25,7.49673702912819e-05,-0.7080702307819875,0.4613331212955211,0.2937845155709141,0.13596963608103152,0.09248293478072254,0.8149909474445904,0.18340076017052379,-0.24614757092951947,0.25828956504635947,2.0313617445341075e-05,-0.7437924522971876,0.5378975697654104,214,89.24,26,48.00197912586522,2231,True,True,proven_optimal,,64,0.7,,False,0.5,25,5,0.1,0.1-pilot,high,-0.5,C,negative,0,-0.5,ilp,14,0.0,0.20230896779474453,18.410116069321752,5.019886160048605,1.500562429696288,3.1788745531164295,full_corpus,proven_optimal,n/a,889,1334,889,True
synthetic_factorial,tight,0.9944903581267218,3448,True,797,"[11, 0, 7, 10]","[210, 294, 444, 408]",1772,0.1335044864588204,,,,,25,0.052578370240908195,0.39206288195866656,0.4613331212955211,0.2937845155709141,0.13596963608103152,0.09248293478072254,0.44394491867271274,0.10081980578974037,-0.24653663246047935,0.13692498638921297,0.3424595269894565,0.1981150257844174,0.764251263968645,444,137.92,45,105.4055343265555,3448,True,True,proven_optimal,,64,0.15,,True,0.5,25,5,0.1,0.1-pilot,low,0.0,D,adversarial_mismatch,0,,top_k,5,0.32534562342307766,0.18982968515679616,1.8982968515679615,2.002002183537527,0.2501722949689869,1.8121724983807308,full_corpus,heuristic_no_guarantee,no_candidate_fits_budget,722,726,2902,True
synthetic_factorial,tight,0.9545454545454546,3448,True,797,"[11, 0, 7, 10]","[210, 294, 444, 408]",1772,0.1335044864588204,,,,,25,0.052578370240908195,0.39206288195866656,0.4613331212955211,0.2937845155709141,0.13596963608103152,0.09248293478072254,0.44394491867271274,0.10081980578974037,-0.24653663246047935,0.13692498638921297,0.3424595269894565,0.1981150257844174,0.764251263968645,444,137.92,45,105.4055343265555,3448,True,True,proven_optimal,,64,0.15,,True,0.5,25,5,0.1,0.1-pilot,low,0.0,D,adversarial_mismatch,0,,mmr,4,0.4581023785675938,0.1014904262665708,0.6089425575994248,1.516472105088209,0.2501722949689869,1.4555778493282665,full_corpus,heuristic_no_guarantee,no_candidate_fits_budget,693,726,2902,True
synthetic_factorial,tight,0.9669421487603306,3448,True,797,"[11, 0, 7, 10]","[210, 294, 444, 408]",1772,0.1335044864588204,,,,,25,0.052578370240908195,0.39206288195866656,0.4613331212955211,0.2937845155709141,0.13596963608103152,0.09248293478072254,0.44394491867271274,0.10081980578974037,-0.24653663246047935,0.13692498638921297,0.3424595269894565,0.1981150257844174,0.764251263968645,444,137.92,45,105.4055343265555,3448,True,True,proven_optimal,,64,0.15,,True,0.5,25,5,0.1,0.1-pilot,low,0.0,D,adversarial_mismatch,0,,greedy_objective,4,0.41633052338509,0.12483703713200883,0.749022222792053,1.6426824226129648,0.2501722949689869,1.5677802003337595,full_corpus,heuristic_no_guarantee,no_candidate_fits_budget,702,726,2902,True
synthetic_factorial,tight,0.9614325068870524,3448,True,797,"[11, 0, 7, 10]","[210, 294, 444, 408]",1772,0.1335044864588204,,,,,25,0.052578370240908195,0.39206288195866656,0.4613331212955211,0.2937845155709141,0.13596963608103152,0.09248293478072254,0.44394491867271274,0.10081980578974037,-0.24653663246047935,0.13692498638921297,0.3424595269894565,0.1981150257844174,0.764251263968645,444,137.92,45,105.4055343265555,3448,True,True,proven_optimal,,64,0.15,,True,0.5,25,5,0.1,0.1-pilot,low,0.0,D,adversarial_mismatch,0,,greedy_token_aware,9,0.0,0.11584549842270447,4.170437943217361,3.103119155716967,0.2501722949689869,2.686075361395231,full_corpus,heuristic_no_guarantee,no_candidate_fits_budget,698,726,2902,True
synthetic_factorial,tight,0.9614325068870524,3448,True,797,"[11, 0, 7, 10]","[210, 294, 444, 408]",1772,0.1335044864588204,,,,,25,0.052578370240908195,0.39206288195866656,0.4613331212955211,0.2937845155709141,0.13596963608103152,0.09248293478072254,0.44394491867271274,0.10081980578974037,-0.24653663246047935,0.13692498638921297,0.3424595269894565,0.1981150257844174,0.764251263968645,444,137.92,45,105.4055343265555,3448,True,True,proven_optimal,,64,0.15,,True,0.5,25,5,0.1,0.1-pilot,low,0.0,D,adversarial_mismatch,0,,ilp,9,0.0,0.11584549842270447,4.170437943217361,3.103119155716967,0.2501722949689869,2.686075361395231,full_corpus,proven_optimal,n/a,698,726,2902,True
synthetic_factorial,medium,0.9959793222286043,3448,True,797,"[11, 0, 7, 10]","[210, 294, 444, 408]",1772,0.1335044864588204,,,,,25,0.052578370240908195,0.39206288195866656,0.4613331212955211,0.2937845155709141,0.13596963608103152,0.09248293478072254,0.44394491867271274,0.10081980578974037,-0.24653663246047935,0.13692498638921297,0.3424595269894565,0.1981150257844174,0.764251263968645,444,137.92,45,105.4055343265555,3448,True,True,proven_optimal,,64,0.15,,True,0.5,25,5,0.1,0.1-pilot,low,0.0,D,adversarial_mismatch,0,,top_k,9,0.24091015445683062,0.1583788909858679,5.701640075491245,3.3672111486357337,0.5999310820124052,2.797047141086609,full_corpus,heuristic_no_guarantee,no_candidate_fits_budget,1734,1741,2902,True
synthetic_factorial,medium,0.9994256174612292,3448,True,797,"[11, 0, 7, 10]","[210, 294, 444, 408]",1772,0.1335044864588204,,,,,25,0.052578370240908195,0.39206288195866656,0.4613331212955211,0.2937845155709141,0.13596963608103152,0.09248293478072254,0.44394491867271274,0.10081980578974037,-0.24653663246047935,0.13692498638921297,0.3424595269894565,0.1981150257844174,0.764251263968645,444,137.92,45,105.4055343265555,3448,True,True,proven_optimal,,64,0.15,,True,0.5,25,5,0.1,0.1-pilot,low,0.0,D,adversarial_mismatch,0,,mmr,9,0.242667795643733,0.13539987925788982,4.874395653284034,3.278010259278029,0.5999310820124052,2.7905706939496255,full_corpus,heuristic_no_guarantee,no_candidate_fits_budget,1740,1741,2902,True
synthetic_factorial,medium,0.9787478460654796,3448,True,797,"[11, 0, 7, 10]","[210, 294, 444, 408]",1772,0.1335044864588204,,,,,25,0.052578370240908195,0.39206288195866656,0.4613331212955211,0.2937845155709141,0.13596963608103152,0.09248293478072254,0.44394491867271274,0.10081980578974037,-0.24653663246047935,0.13692498638921297,0.3424595269894565,0.1981150257844174,0.764251263968645,444,137.92,45,105.4055343265555,3448,True,True,proven_optimal,,64,0.15,,True,0.5,25,5,0.1,0.1-pilot,low,0.0,D,adversarial_mismatch,0,,greedy_objective,8,0.2545969288860274,0.13696687542287167,3.8350725118404068,3.1301222154833432,0.5999310820124052,2.7466149642993027,full_corpus,heuristic_no_guarantee,no_candidate_fits_budget,1704,1741,2902,True
synthetic_factorial,medium,0.9862148190695003,3448,True,797,"[11, 0, 7, 10]","[210, 294, 444, 408]",1772,0.1335044864588204,,,,,25,0.052578370240908195,0.39206288195866656,0.4613331212955211,0.2937845155709141,0.13596963608103152,0.09248293478072254,0.44394491867271274,0.10081980578974037,-0.24653663246047935,0.13692498638921297,0.3424595269894565,0.1981150257844174,0.764251263968645,444,137.92,45,105.4055343265555,3448,True,True,proven_optimal,,64,0.15,,True,0.5,25,5,0.1,0.1-pilot,low,0.0,D,adversarial_mismatch,0,,greedy_token_aware,16,0.0,0.13064665870477618,15.677599044573142,5.252497827785971,0.5999310820124052,3.6847379233286572,full_corpus,heuristic_no_guarantee,no_candidate_fits_budget,1717,1741,2902,True
synthetic_factorial,medium,0.9862148190695003,3448,True,797,"[11, 0, 7, 10]","[210, 294, 444, 408]",1772,0.1335044864588204,,,,,25,0.052578370240908195,0.39206288195866656,0.4613331212955211,0.2937845155709141,0.13596963608103152,0.09248293478072254,0.44394491867271274,0.10081980578974037,-0.24653663246047935,0.13692498638921297,0.3424595269894565,0.1981150257844174,0.764251263968645,444,137.92,45,105.4055343265555,3448,True,True,proven_optimal,,64,0.15,,True,0.5,25,5,0.1,0.1-pilot,low,0.0,D,adversarial_mismatch,0,,ilp,16,0.0,0.13064665870477618,15.677599044573142,5.252497827785971,0.5999310820124052,3.6847379233286572,full_corpus,proven_optimal,n/a,1717,1741,2902,True
synthetic_factorial,loose,0.6324373994946014,3448,True,797,"[11, 0, 7, 10]","[210, 294, 444, 408]",1772,0.1335044864588204,,,,,25,0.052578370240908195,0.39206288195866656,0.4613331212955211,0.2937845155709141,0.13596963608103152,0.09248293478072254,0.44394491867271274,0.10081980578974037,-0.24653663246047935,0.13692498638921297,0.3424595269894565,0.1981150257844174,0.764251263968645,444,137.92,45,105.4055343265555,3448,True,True,proven_optimal,,64,0.15,,True,0.5,25,5,0.1,0.1-pilot,low,0.0,D,adversarial_mismatch,0,,top_k,19,0.003817855567410724,0.13439342359270723,22.981275434352938,6.287442720008075,1.5,3.9893151765727812,full_corpus,heuristic_no_guarantee,no_positive_marginal_gain,2753,4353,2902,True
synthetic_factorial,loose,0.6788421778084079,3448,True,797,"[11, 0, 7, 10]","[210, 294, 444, 408]",1772,0.1335044864588204,,,,,25,0.052578370240908195,0.39206288195866656,0.4613331212955211,0.2937845155709141,0.13596963608103152,0.09248293478072254,0.44394491867271274,0.10081980578974037,-0.24653663246047935,0.13692498638921297,0.3424595269894565,0.1981150257844174,0.764251263968645,444,137.92,45,105.4055343265555,3448,True,True,proven_optimal,,64,0.15,,True,0.5,25,5,0.1,0.1-pilot,low,0.0,D,adversarial_mismatch,0,,mmr,20,0.0036764778624411025,0.12779629936868295,24.281296880049762,6.418011026325603,1.5,3.9898813383206266,full_corpus,heuristic_no_guarantee,no_positive_marginal_gain,2955,4353,2902,True
synthetic_factorial,loose,0.6666666666666666,3448,True,797,"[11, 0, 7, 10]","[210, 294, 444, 408]",1772,0.1335044864588204,,,,,25,0.052578370240908195,0.39206288195866656,0.4613331212955211,0.2937845155709141,0.13596963608103152,0.09248293478072254,0.44394491867271274,0.10081980578974037,-0.24653663246047935,0.13692498638921297,0.3424595269894565,0.1981150257844174,0.764251263968645,444,137.92,45,105.4055343265555,3448,True,True,proven_optimal,,64,0.15,,True,0.5,25,5,0.1,0.1-pilot,low,0.0,D,adversarial_mismatch,0,,greedy_objective,19,-4.4357863122549246e-16,0.1306429954546797,22.339952222750227,6.238599399199955,1.5,4.004604176924932,full_corpus,heuristic_no_guarantee,no_positive_marginal_gain,2902,4353,2902,True
synthetic_factorial,loose,0.6324373994946014,3448,True,797,"[11, 0, 7, 10]","[210, 294, 444, 408]",1772,0.1335044864588204,,,,,25,0.052578370240908195,0.39206288195866656,0.4613331212955211,0.2937845155709141,0.13596963608103152,0.09248293478072254,0.44394491867271274,0.10081980578974037,-0.24653663246047935,0.13692498638921297,0.3424595269894565,0.1981150257844174,0.764251263968645,444,137.92,45,105.4055343265555,3448,True,True,proven_optimal,,64,0.15,,True,0.5,25,5,0.1,0.1-pilot,low,0.0,D,adversarial_mismatch,0,,greedy_token_aware,19,0.003817855567410724,0.13439342359270723,22.981275434352938,6.287442720008075,1.5,3.9893151765727812,full_corpus,heuristic_no_guarantee,no_positive_marginal_gain,2753,4353,2902,True
synthetic_factorial,loose,0.6666666666666666,3448,True,797,"[11, 0, 7, 10]","[210, 294, 444, 408]",1772,0.1335044864588204,,,,,25,0.052578370240908195,0.39206288195866656,0.4613331212955211,0.2937845155709141,0.13596963608103152,0.09248293478072254,0.44394491867271274,0.10081980578974037,-0.24653663246047935,0.13692498638921297,0.3424595269894565,0.1981150257844174,0.764251263968645,444,137.92,45,105.4055343265555,3448,True,True,proven_optimal,,64,0.15,,True,0.5,25,5,0.1,0.1-pilot,low,0.0,D,adversarial_mismatch,0,,ilp,19,0.0,0.1306429954546797,22.339952222750227,6.238599399199954,1.5,4.00460417692493,full_corpus,proven_optimal,n/a,2902,4353,2902,True
synthetic_factorial,tight,0.9247706422018349,3448,True,472,"[11, 0, 7, 10]","[210, 294, 444, 408]",1049,0.1335044864588204,,,,,25,0.052578370240908195,0.39206288195866656,0.4613331212955211,0.2937845155709141,0.13596963608103152,0.09248293478072254,0.8149909474445904,0.18340076017052379,-0.24614757092951947,0.25828956504635947,0.3424595269894565,0.1981150257844174,0.764251263968645,444,137.92,45,105.4055343265555,3448,True,True,proven_optimal,,64,0.7,,True,0.5,25,5,0.1,0.1-pilot,high,0.0,D,adversarial_mismatch,0,,top_k,2,0.5849109477025195,0.1279480595908634,0.1279480595908634,0.9033214663666091,0.25011473152822394,0.8905266604075228,full_corpus,heuristic_no_guarantee,no_candidate_fits_budget,504,545,2179,True
synthetic_factorial,tight,0.9247706422018349,3448,True,472,"[11, 0, 7, 10]","[210, 294, 444, 408]",1049,0.1335044864588204,,,,,25,0.052578370240908195,0.39206288195866656,0.4613331212955211,0.2937845155709141,0.13596963608103152,0.09248293478072254,0.8149909474445904,0.18340076017052379,-0.24614757092951947,0.25828956504635947,0.3424595269894565,0.1981150257844174,0.764251263968645,444,137.92,45,105.4055343265555,3448,True,True,proven_optimal,,64,0.7,,True,0.5,25,5,0.1,0.1-pilot,high,0.0,D,adversarial_mismatch,0,,mmr,2,0.5849109477025195,0.1279480595908634,0.1279480595908634,0.9033214663666091,0.25011473152822394,0.8905266604075228,full_corpus,heuristic_no_guarantee,no_candidate_fits_budget,504,545,2179,True
synthetic_factorial,tight,0.9247706422018349,3448,True,472,"[11, 0, 7, 10]","[210, 294, 444, 408]",1049,0.1335044864588204,,,,,25,0.052578370240908195,0.39206288195866656,0.4613331212955211,0.2937845155709141,0.13596963608103152,0.09248293478072254,0.8149909474445904,0.18340076017052379,-0.24614757092951947,0.25828956504635947,0.3424595269894565,0.1981150257844174,0.764251263968645,444,137.92,45,105.4055343265555,3448,True,True,proven_optimal,,64,0.7,,True,0.5,25,5,0.1,0.1-pilot,high,0.0,D,adversarial_mismatch,0,,greedy_objective,2,0.5849109477025195,0.1279480595908634,0.1279480595908634,0.9033214663666091,0.25011473152822394,0.8905266604075228,full_corpus,heuristic_no_guarantee,no_candidate_fits_budget,504,545,2179,True
synthetic_factorial,tight,0.9871559633027523,3448,True,472,"[11, 0, 7, 10]","[210, 294, 444, 408]",1049,0.1335044864588204,,,,,25,0.052578370240908195,0.39206288195866656,0.4613331212955211,0.2937845155709141,0.13596963608103152,0.09248293478072254,0.8149909474445904,0.18340076017052379,-0.24614757092951947,0.25828956504635947,0.3424595269894565,0.1981150257844174,0.764251263968645,444,137.92,45,105.4055343265555,3448,True,True,proven_optimal,,64,0.7,,True,0.5,25,5,0.1,0.1-pilot,high,0.0,D,adversarial_mismatch,0,,greedy_token_aware,7,0.0,0.16121230366436845,3.3854583769517372,2.4839328467683788,0.25011473152822394,2.145387009073205,full_corpus,heuristic_no_guarantee,no_candidate_fits_budget,538,545,2179,True
synthetic_factorial,tight,0.9871559633027523,3448,True,472,"[11, 0, 7, 10]","[210, 294, 444, 408]",1049,0.1335044864588204,,,,,25,0.052578370240908195,0.39206288195866656,0.4613331212955211,0.2937845155709141,0.13596963608103152,0.09248293478072254,0.8149909474445904,0.18340076017052379,-0.24614757092951947,0.25828956504635947,0.3424595269894565,0.1981150257844174,0.764251263968645,444,137.92,45,105.4055343265555,3448,True,True,proven_optimal,,64,0.7,,True,0.5,25,5,0.1,0.1-pilot,high,0.0,D,adversarial_mismatch,0,,ilp,7,0.0,0.16121230366436845,3.3854583769517377,2.4839328467683783,0.25011473152822394,2.145387009073205,full_corpus,proven_optimal,n/a,538,545,2179,True
synthetic_factorial,medium,0.9801071155317521,3448,True,472,"[11, 0, 7, 10]","[210, 294, 444, 408]",1049,0.1335044864588204,,,,,25,0.052578370240908195,0.39206288195866656,0.4613331212955211,0.2937845155709141,0.13596963608103152,0.09248293478072254,0.8149909474445904,0.18340076017052379,-0.24614757092951947,0.25828956504635947,0.3424595269894565,0.1981150257844174,0.764251263968645,444,137.92,45,105.4055343265555,3448,True,True,proven_optimal,,64,0.7,,True,0.5,25,5,0.1,0.1-pilot,high,0.0,D,adversarial_mismatch,0,,top_k,7,0.21182207283553103,0.25142590598890363,5.2799440257669765,2.7969605788857295,0.5998164295548417,2.2689661763090316,full_corpus,heuristic_no_guarantee,no_candidate_fits_budget,1281,1307,2179,True
synthetic_factorial,medium,0.9808722264728386,3448,True,472,"[11, 0, 7, 10]","[210, 294, 444, 408]",1049,0.1335044864588204,,,,,25,0.052578370240908195,0.39206288195866656,0.4613331212955211,0.2937845155709141,0.13596963608103152,0.09248293478072254,0.8149909474445904,0.18340076017052379,-0.24614757092951947,0.25828956504635947,0.3424595269894565,0.1981150257844174,0.764251263968645,444,137.92,45,105.4055343265555,3448,True,True,proven_optimal,,64,0.7,,True,0.5,25,5,0.1,0.1-pilot,high,0.0,D,adversarial_mismatch,0,,mmr,7,0.18769123875479865,0.18899294077384057,3.9688517562506522,2.735317958963149,0.5998164295548417,2.338432783338084,full_corpus,heuristic_no_guarantee,no_candidate_fits_budget,1282,1307,2179,True
synthetic_factorial,medium,0.991583779648049,3448,True,472,"[11, 0, 7, 10]","[210, 294, 444, 408]",1049,0.1335044864588204,,,,,25,0.052578370240908195,0.39206288195866656,0.4613331212955211,0.2937845155709141,0.13596963608103152,0.09248293478072254,0.8149909474445904,0.18340076017052379,-0.24614757092951947,0.25828956504635947,0.3424595269894565,0.1981150257844174,0.764251263968645,444,137.92,45,105.4055343265555,3448,True,True,proven_optimal,,64,0.7,,True,0.5,25,5,0.1,0.1-pilot,high,0.0,D,adversarial_mismatch,0,,greedy_objective,7,0.17840008227764076,0.1859154208574754,3.9042238380069834,2.755602071687743,0.5998164295548417,2.3651796878870446,full_corpus,heuristic_no_guarantee,no_candidate_fits_budget,1296,1307,2179,True
synthetic_factorial,medium,0.9625095638867636,3448,True,472,"[11, 0, 7, 10]","[210, 294, 444, 408]",1049,0.1335044864588204,,,,,25,0.052578370240908195,0.39206288195866656,0.4613331212955211,0.2937845155709141,0.13596963608103152,0.09248293478072254,0.8149909474445904,0.18340076017052379,-0.24614757092951947,0.25828956504635947,0.3424595269894565,0.1981150257844174,0.764251263968645,444,137.92,45,105.4055343265555,3448,True,True,proven_optimal,,64,0.7,,True,0.5,25,5,0.1,0.1-pilot,high,0.0,D,adversarial_mismatch,0,,greedy_token_aware,13,0.0016115976888705981,0.18661398661006043,14.555890955584713,4.32969840208624,0.5998164295548417,2.874109306527769,full_corpus,heuristic_no_guarantee,no_positive_marginal_gain,1258,1307,2179,True
synthetic_factorial,medium,0.9762815608263198,3448,True,472,"[11, 0, 7, 10]","[210, 294, 444, 408]",1049,0.1335044864588204,,,,,25,0.052578370240908195,0.39206288195866656,0.4613331212955211,0.2937845155709141,0.13596963608103152,0.09248293478072254,0.8149909474445904,0.18340076017052379,-0.24614757092951947,0.25828956504635947,0.3424595269894565,0.1981150257844174,0.764251263968645,444,137.92,45,105.4055343265555,3448,True,True,proven_optimal,,64,0.7,,True,0.5,25,5,0.1,0.1-pilot,high,0.0,D,adversarial_mismatch,0,,ilp,12,0.0,0.20807817380055135,13.733159470836389,4.252064638349091,0.5998164295548417,2.878748691265452,full_corpus,proven_optimal,n/a,1276,1307,2179,True
synthetic_factorial,loose,0.6894124847001224,3448,True,472,"[11, 0, 7, 10]","[210, 294, 444, 408]",1049,0.1335044864588204,,,,,25,0.052578370240908195,0.39206288195866656,0.4613331212955211,0.2937845155709141,0.13596963608103152,0.09248293478072254,0.8149909474445904,0.18340076017052379,-0.24614757092951947,0.25828956504635947,0.3424595269894565,0.1981150257844174,0.764251263968645,444,137.92,45,105.4055343265555,3448,True,True,proven_optimal,,64,0.7,,True,0.5,25,5,0.1,0.1-pilot,high,0.0,D,adversarial_mismatch,0,,top_k,15,0.006264746456165563,0.20808746682418666,21.8491840165396,5.3438781116791585,1.4997705369435521,3.1589597100251985,full_corpus,heuristic_no_guarantee,no_positive_marginal_gain,2253,3268,2179,True
synthetic_factorial,loose,0.6894124847001224,3448,True,472,"[11, 0, 7, 10]","[210, 294, 444, 408]",1049,0.1335044864588204,,,,,25,0.052578370240908195,0.39206288195866656,0.4613331212955211,0.2937845155709141,0.13596963608103152,0.09248293478072254,0.8149909474445904,0.18340076017052379,-0.24614757092951947,0.25828956504635947,0.3424595269894565,0.1981150257844174,0.764251263968645,444,137.92,45,105.4055343265555,3448,True,True,proven_optimal,,64,0.7,,True,0.5,25,5,0.1,0.1-pilot,high,0.0,D,adversarial_mismatch,0,,mmr,15,0.006264746456165842,0.20808746682418666,21.8491840165396,5.343878111679158,1.4997705369435521,3.1589597100251976,full_corpus,heuristic_no_guarantee,no_positive_marginal_gain,2253,3268,2179,True
synthetic_factorial,loose,0.6894124847001224,3448,True,472,"[11, 0, 7, 10]","[210, 294, 444, 408]",1049,0.1335044864588204,,,,,25,0.052578370240908195,0.39206288195866656,0.4613331212955211,0.2937845155709141,0.13596963608103152,0.09248293478072254,0.8149909474445904,0.18340076017052379,-0.24614757092951947,0.25828956504635947,0.3424595269894565,0.1981150257844174,0.764251263968645,444,137.92,45,105.4055343265555,3448,True,True,proven_optimal,,64,0.7,,True,0.5,25,5,0.1,0.1-pilot,high,0.0,D,adversarial_mismatch,0,,greedy_objective,15,0.006264746456165702,0.2080874668241867,21.849184016539603,5.3438781116791585,1.4997705369435521,3.158959710025198,full_corpus,heuristic_no_guarantee,no_positive_marginal_gain,2253,3268,2179,True
synthetic_factorial,loose,0.6872705018359853,3448,True,472,"[11, 0, 7, 10]","[210, 294, 444, 408]",1049,0.1335044864588204,,,,,25,0.052578370240908195,0.39206288195866656,0.4613331212955211,0.2937845155709141,0.13596963608103152,0.09248293478072254,0.8149909474445904,0.18340076017052379,-0.24614757092951947,0.25828956504635947,0.3424595269894565,0.1981150257844174,0.764251263968645,444,137.92,45,105.4055343265555,3448,True,True,proven_optimal,,64,0.7,,True,0.5,25,5,0.1,0.1-pilot,high,0.0,D,adversarial_mismatch,0,,greedy_token_aware,15,0.011664958332177346,0.2100539342755102,22.05566309892857,5.347359423803964,1.4997705369435521,3.1417931139111075,full_corpus,heuristic_no_guarantee,no_positive_marginal_gain,2246,3268,2179,True
synthetic_factorial,loose,0.6667686658506732,3448,True,472,"[11, 0, 7, 10]","[210, 294, 444, 408]",1049,0.1335044864588204,,,,,25,0.052578370240908195,0.39206288195866656,0.4613331212955211,0.2937845155709141,0.13596963608103152,0.09248293478072254,0.8149909474445904,0.18340076017052379,-0.24614757092951947,0.25828956504635947,0.3424595269894565,0.1981150257844174,0.764251263968645,444,137.92,45,105.4055343265555,3448,True,True,proven_optimal,,64,0.7,,True,0.5,25,5,0.1,0.1-pilot,high,0.0,D,adversarial_mismatch,0,,ilp,14,0.0,0.20230896779474453,18.410116069321752,5.019886160048605,1.4997705369435521,3.1788745531164295,full_corpus,proven_optimal,n/a,2179,3268,2179,True
synthetic_factorial,tight,0.9975062344139651,2301,False,,,,,-0.1540941879739902,,,0.0,,25,0.25696834411620395,-0.23556864404378985,0.3931873779589222,0.21419893325364764,0.06400767122378753,0.09138007321165943,0.43927450769081167,0.0692591074327479,-0.27951440477790535,0.1190211673853651,0.4578491090259846,-0.1555342395072794,0.43602274810901587,208,92.04,32,40.13153373595382,2301,True,True,proven_optimal,,64,0.15,,False,0.5,25,5,0.1,0.1-pilot,low,0.0,A,independent,1,0.0,top_k,6,0.020881011670240073,0.12459229987947912,1.8688844981921868,1.9758328519232309,0.2498442367601246,1.7889444021040122,full_corpus,heuristic_no_guarantee,no_candidate_fits_budget,400,401,1605,True
synthetic_factorial,tight,0.942643391521197,2301,False,,,,,-0.1540941879739902,,,0.0,,25,0.25696834411620395,-0.23556864404378985,0.3931873779589222,0.21419893325364764,0.06400767122378753,0.09138007321165943,0.43927450769081167,0.0692591074327479,-0.27951440477790535,0.1190211673853651,0.4578491090259846,-0.1555342395072794,0.43602274810901587,208,92.04,32,40.13153373595382,2301,True,True,proven_optimal,,64,0.15,,False,0.5,25,5,0.1,0.1-pilot,low,0.0,A,independent,1,0.0,mmr,5,0.08412528468546229,0.12080413449197272,1.2080413449197271,1.794195177377897,0.2498442367601246,1.6733910428859242,full_corpus,heuristic_no_guarantee,no_candidate_fits_budget,378,401,1605,True
synthetic_factorial,tight,0.942643391521197,2301,False,,,,,-0.1540941879739902,,,0.0,,25,0.25696834411620395,-0.23556864404378985,0.3931873779589222,0.21419893325364764,0.06400767122378753,0.09138007321165943,0.43927450769081167,0.0692591074327479,-0.27951440477790535,0.1190211673853651,0.4578491090259846,-0.1555342395072794,0.43602274810901587,208,92.04,32,40.13153373595382,2301,True,True,proven_optimal,,64,0.15,,False,0.5,25,5,0.1,0.1-pilot,low,0.0,A,independent,1,0.0,greedy_objective,5,0.08412528468546229,0.12080413449197272,1.2080413449197271,1.794195177377897,0.2498442367601246,1.6733910428859242,full_corpus,heuristic_no_guarantee,no_candidate_fits_budget,378,401,1605,True
synthetic_factorial,tight,0.9351620947630923,2301,False,,,,,-0.1540941879739902,,,0.0,,25,0.25696834411620395,-0.23556864404378985,0.3931873779589222,0.21419893325364764,0.06400767122378753,0.09138007321165943,0.43927450769081167,0.0692591074327479,-0.27951440477790535,0.1190211673853651,0.4578491090259846,-0.1555342395072794,0.43602274810901587,208,92.04,32,40.13153373595382,2301,True,True,proven_optimal,,64,0.15,,False,0.5,25,5,0.1,0.1-pilot,low,0.0,A,independent,1,0.0,greedy_token_aware,7,0.029359286224764403,0.14093167737660936,2.9595652249087965,2.0694103029395094,0.2498442367601246,1.7734537804486297,full_corpus,heuristic_no_guarantee,no_candidate_fits_budget,375,401,1605,True
synthetic_factorial,tight,0.9975062344139651,2301,False,,,,,-0.1540941879739902,,,0.0,,25,0.25696834411620395,-0.23556864404378985,0.3931873779589222,0.21419893325364764,0.06400767122378753,0.09138007321165943,0.43927450769081167,0.0692591074327479,-0.27951440477790535,0.1190211673853651,0.4578491090259846,-0.1555342395072794,0.43602274810901587,208,92.04,32,40.13153373595382,2301,True,True,proven_optimal,,64,0.15,,False,0.5,25,5,0.1,0.1-pilot,low,0.0,A,independent,1,0.0,ilp,7,0.0,0.1221495737272724,2.5651410482727206,2.083610120149885,0.2498442367601246,1.8270960153226128,full_corpus,proven_optimal,n/a,400,401,1605,True
synthetic_factorial,medium,0.9875389408099688,2301,False,,,,,-0.1540941879739902,,,0.0,,25,0.25696834411620395,-0.23556864404378985,0.3931873779589222,0.21419893325364764,0.06400767122378753,0.09138007321165943,0.43927450769081167,0.0692591074327479,-0.27951440477790535,0.1190211673853651,0.4578491090259846,-0.1555342395072794,0.43602274810901587,208,92.04,32,40.13153373595382,2301,True,True,proven_optimal,,64,0.15,,False,0.5,25,5,0.1,0.1-pilot,low,0.0,A,independent,1,0.0,top_k,11,0.031373263158341984,0.09646254353866378,5.305439894626508,3.2130074741072523,0.6,2.6824634846446016,full_corpus,heuristic_no_guarantee,no_candidate_fits_budget,951,963,1605,True
synthetic_factorial,medium,0.980269989615784,2301,False,,,,,-0.1540941879739902,,,0.0,,25,0.25696834411620395,-0.23556864404378985,0.3931873779589222,0.21419893325364764,0.06400767122378753,0.09138007321165943,0.43927450769081167,0.0692591074327479,-0.27951440477790535,0.1190211673853651,0.4578491090259846,-0.1555342395072794,0.43602274810901587,208,92.04,32,40.13153373595382,2301,True,True,proven_optimal,,64,0.15,,False,0.5,25,5,0.1,0.1-pilot,low,0.0,A,independent,1,0.0,mmr,11,0.031150137148711735,0.09044990261987429,4.974744644093086,3.1805558623847556,0.6,2.683081397975447,full_corpus,heuristic_no_guarantee,no_candidate_fits_budget,944,963,1605,True
synthetic_factorial,medium,0.980269989615784,2301,False,,,,,-0.1540941879739902,,,0.0,,25,0.25696834411620395,-0.23556864404378985,0.3931873779589222,0.21419893325364764,0.06400767122378753,0.09138007321165943,0.43927450769081167,0.0692591074327479,-0.27951440477790535,0.1190211673853651,0.4578491090259846,-0.1555342395072794,0.43602274810901587,208,92.04,32,40.13153373595382,2301,True,True,proven_optimal,,64,0.15,,False,0.5,25,5,0.1,0.1-pilot,low,0.0,A,independent,1,0.0,greedy_objective,11,0.031150137148711576,0.09044990261987429,4.974744644093086,3.180555862384756,0.6,2.6830813979754473,full_corpus,heuristic_no_guarantee,no_candidate_fits_budget,944,963,1605,True
synthetic_factorial,medium,0.9844236760124611,2301,False,,,,,-0.1540941879739902,,,0.0,,25,0.25696834411620395,-0.23556864404378985,0.3931873779589222,0.21419893325364764,0.06400767122378753,0.09138007321165943,0.43927450769081167,0.0692591074327479,-0.27951440477790535,0.1190211673853651,0.4578491090259846,-0.1555342395072794,0.43602274810901587,208,92.04,32,40.13153373595382,2301,True,True,proven_optimal,,64,0.15,,False,0.5,25,5,0.1,0.1-pilot,low,0.0,A,independent,1,0.0,greedy_token_aware,13,0.003646113476359809,0.09642007215602866,7.520765628170235,3.5113261444443586,0.6,2.7592495816273352,full_corpus,heuristic_no_guarantee,no_candidate_fits_budget,948,963,1605,True
synthetic_factorial,medium,0.9989615784008308,2301,False,,,,,-0.1540941879739902,,,0.0,,25,0.25696834411620395,-0.23556864404378985,0.3931873779589222,0.21419893325364764,0.06400767122378753,0.09138007321165943,0.43927450769081167,0.0692591074327479,-0.27951440477790535,0.1190211673853651,0.4578491090259846,-0.1555342395072794,0.43602274810901587,208,92.04,32,40.13153373595382,2301,True,True,proven_optimal,,64,0.15,,False,0.5,25,5,0.1,0.1-pilot,low,0.0,A,independent,1,0.0,ilp,13,0.0,0.09571522339515405,7.465787424822016,3.5159256772892524,0.6,2.769346934807051,full_corpus,proven_optimal,n/a,962,963,1605,True
synthetic_factorial,loose,0.6798172757475083,2301,False,,,,,-0.1540941879739902,,,0.0,,25,0.25696834411620395,-0.23556864404378985,0.3931873779589222,0.21419893325364764,0.06400767122378753,0.09138007321165943,0.43927450769081167,0.0692591074327479,-0.27951440477790535,0.1190211673853651,0.4578491090259846,-0.1555342395072794,0.43602274810901587,208,92.04,32,40.13153373595382,2301,True,True,proven_optimal,,64,0.15,,False,0.5,25,5,0.1,0.1-pilot,low,0.0,A,independent,1,0.0,top_k,19,0.00014476428421723235,0.08735078946910894,14.93698499921763,4.64632505297488,1.5003115264797509,3.152626553053117,full_corpus,heuristic_no_guarantee,no_positive_marginal_gain,1637,2408,1605,True
synthetic_factorial,loose,0.717607973421927,2301,False,,,,,-0.1540941879739902,,,0.0,,25,0.25696834411620395,-0.23556864404378985,0.3931873779589222,0.21419893325364764,0.06400767122378753,0.09138007321165943,0.43927450769081167,0.0692591074327479,-0.27951440477790535,0.1190211673853651,0.4578491090259846,-0.1555342395072794,0.43602274810901587,208,92.04,32,40.13153373595382,2301,True,True,proven_optimal,,64,0.15,,False,0.5,25,5,0.1,0.1-pilot,low,0.0,A,independent,1,0.0,mmr,20,0.00560742899122807,0.0875156854797446,16.627980241151473,4.798200341908427,1.5003115264797509,3.1354023177932797,full_corpus,heuristic_no_guarantee,no_positive_marginal_gain,1728,2408,1605,True
synthetic_factorial,loose,0.6665282392026578,2301,False,,,,,-0.1540941879739902,,,0.0,,25,0.25696834411620395,-0.23556864404378985,0.3931873779589222,0.21419893325364764,0.06400767122378753,0.09138007321165943,0.43927450769081167,0.0692591074327479,-0.27951440477790535,0.1190211673853651,0.4578491090259846,-0.1555342395072794,0.43602274810901587,208,92.04,32,40.13153373595382,2301,True,True,proven_optimal,,64,0.15,,False,0.5,25,5,0.1,0.1-pilot,low,0.0,A,independent,1,0.0,greedy_objective,18,0.0,0.08676809866259919,13.275519095377675,4.4806349163954495,1.5003115264797509,3.153083006857682,full_corpus,heuristic_no_guarantee,no_positive_marginal_gain,1605,2408,1605,True
synthetic_factorial,loose,0.6798172757475083,2301,False,,,,,-0.1540941879739902,,,0.0,,25,0.25696834411620395,-0.23556864404378985,0.3931873779589222,0.21419893325364764,0.06400767122378753,0.09138007321165943,0.43927450769081167,0.0692591074327479,-0.27951440477790535,0.1190211673853651,0.4578491090259846,-0.1555342395072794,0.43602274810901587,208,92.04,32,40.13153373595382,2301,True,True,proven_optimal,,64,0.15,,False,0.5,25,5,0.1,0.1-pilot,low,0.0,A,independent,1,0.0,greedy_token_aware,19,0.0001447642842170915,0.08735078946910896,14.936984999217632,4.6463250529748805,1.5003115264797509,3.1526265530531172,full_corpus,heuristic_no_guarantee,no_positive_marginal_gain,1637,2408,1605,True
synthetic_factorial,loose,0.6665282392026578,2301,False,,,,,-0.1540941879739902,,,0.0,,25,0.25696834411620395,-0.23556864404378985,0.3931873779589222,0.21419893325364764,0.06400767122378753,0.09138007321165943,0.43927450769081167,0.0692591074327479,-0.27951440477790535,0.1190211673853651,0.4578491090259846,-0.1555342395072794,0.43602274810901587,208,92.04,32,40.13153373595382,2301,True,True,proven_optimal,,64,0.15,,False,0.5,25,5,0.1,0.1-pilot,low,0.0,A,independent,1,0.0,ilp,18,0.0,0.08676809866259919,13.275519095377675,4.4806349163954495,1.5003115264797509,3.153083006857682,full_corpus,proven_optimal,n/a,1605,2408,1605,True
synthetic_factorial,tight,0.9964664310954063,2301,False,,,,,-0.1540941879739902,,,0.0,,25,0.25696834411620395,-0.23556864404378985,0.3931873779589222,0.21419893325364764,0.06400767122378753,0.09138007321165943,0.8064293145652528,0.1551789721612778,-0.16412119215904236,0.25711340135747773,0.4578491090259846,-0.1555342395072794,0.43602274810901587,208,92.04,32,40.13153373595382,2301,True,True,proven_optimal,,64,0.7,,False,0.5,25,5,0.1,0.1-pilot,high,0.0,A,independent,1,0.0,top_k,4,0.11071768411560268,0.20926021829225014,1.2555613097535008,1.3306270162804972,0.25,1.205070885305147,full_corpus,heuristic_no_guarantee,no_candidate_fits_budget,282,283,1132,True
synthetic_factorial,tight,0.9929328621908127,2301,False,,,,,-0.1540941879739902,,,0.0,,25,0.25696834411620395,-0.23556864404378985,0.3931873779589222,0.21419893325364764,0.06400767122378753,0.09138007321165943,0.8064293145652528,0.1551789721612778,-0.16412119215904236,0.25711340135747773,0.4578491090259846,-0.1555342395072794,0.43602274810901587,208,92.04,32,40.13153373595382,2301,True,True,proven_optimal,,64,0.7,,False,0.5,25,5,0.1,0.1-pilot,high,0.0,A,independent,1,0.0,mmr,4,0.1895766188573819,0.056083248658587825,0.33649949195152695,1.1318587001633675,0.25,1.0982087509682148,full_corpus,heuristic_no_guarantee,no_candidate_fits_budget,281,283,1132,True
synthetic_factorial,tight,0.9964664310954063,2301,False,,,,,-0.1540941879739902,,,0.0,,25,0.25696834411620395,-0.23556864404378985,0.3931873779589222,0.21419893325364764,0.06400767122378753,0.09138007321165943,0.8064293145652528,0.1551789721612778,-0.16412119215904236,0.25711340135747773,0.4578491090259846,-0.1555342395072794,0.43602274810901587,208,92.04,32,40.13153373595382,2301,True,True,proven_optimal,,64,0.7,,False,0.5,25,5,0.1,0.1-pilot,high,0.0,A,independent,1,0.0,greedy_objective,4,0.11071768411560268,0.20926021829225014,1.2555613097535008,1.3306270162804972,0.25,1.205070885305147,full_corpus,heuristic_no_guarantee,no_candidate_fits_budget,282,283,1132,True
synthetic_factorial,tight,0.9611307420494699,2301,False,,,,,-0.1540941879739902,,,0.0,,25,0.25696834411620395,-0.23556864404378985,0.3931873779589222,0.21419893325364764,0.06400767122378753,0.09138007321165943,0.8064293145652528,0.1551789721612778,-0.16412119215904236,0.25711340135747773,0.4578491090259846,-0.1555342395072794,0.43602274810901587,208,92.04,32,40.13153373595382,2301,True,True,proven_optimal,,64,0.7,,False,0.5,25,5,0.1,0.1-pilot,high,0.0,A,independent,1,0.0,greedy_token_aware,5,0.0,0.22754050473224202,2.2754050473224203,1.5826454739643085,0.25,1.3551049692320665,full_corpus,heuristic_no_guarantee,no_candidate_fits_budget,272,283,1132,True
synthetic_factorial,tight,0.9611307420494699,2301,False,,,,,-0.1540941879739902,,,0.0,,25,0.25696834411620395,-0.23556864404378985,0.3931873779589222,0.21419893325364764,0.06400767122378753,0.09138007321165943,0.8064293145652528,0.1551789721612778,-0.16412119215904236,0.25711340135747773,0.4578491090259846,-0.1555342395072794,0.43602274810901587,208,92.04,32,40.13153373595382,2301,True,True,proven_optimal,,64,0.7,,False,0.5,25,5,0.1,0.1-pilot,high,0.0,A,independent,1,0.0,ilp,5,0.0,0.22754050473224202,2.2754050473224203,1.5826454739643085,0.25,1.3551049692320665,full_corpus,proven_optimal,n/a,272,283,1132,True
synthetic_factorial,medium,0.9366715758468336,2301,False,,,,,-0.1540941879739902,,,0.0,,25,0.25696834411620395,-0.23556864404378985,0.3931873779589222,0.21419893325364764,0.06400767122378753,0.09138007321165943,0.8064293145652528,0.1551789721612778,-0.16412119215904236,0.25711340135747773,0.4578491090259846,-0.1555342395072794,0.43602274810901587,208,92.04,32,40.13153373595382,2301,True,True,proven_optimal,,64,0.7,,False,0.5,25,5,0.1,0.1-pilot,high,0.0,A,independent,1,0.0,top_k,8,0.0525509505429575,0.1914414747411059,5.360361292750965,2.5748786962771764,0.5998233215547704,2.0388425670020798,full_corpus,heuristic_no_guarantee,no_positive_marginal_gain,636,679,1132,True
synthetic_factorial,medium,0.96759941089838,2301,False,,,,,-0.1540941879739902,,,0.0,,25,0.25696834411620395,-0.23556864404378985,0.3931873779589222,0.21419893325364764,0.06400767122378753,0.09138007321165943,0.8064293145652528,0.1551789721612778,-0.16412119215904236,0.25711340135747773,0.4578491090259846,-0.1555342395072794,0.43602274810901587,208,92.04,32,40.13153373595382,2301,True,True,proven_optimal,,64,0.7,,False,0.5,25,5,0.1,0.1-pilot,high,0.0,A,independent,1,0.0,mmr,8,0.018432483633778442,0.15478590712947657,4.334005399625344,2.5456636066686884,0.5998233215547704,2.112263066706154,full_corpus,heuristic_no_guarantee,no_candidate_fits_budget,657,679,1132,True
synthetic_factorial,medium,0.9970544918998527,2301,False,,,,,-0.1540941879739902,,,0.0,,25,0.25696834411620395,-0.23556864404378985,0.3931873779589222,0.21419893325364764,0.06400767122378753,0.09138007321165943,0.8064293145652528,0.1551789721612778,-0.16412119215904236,0.25711340135747773,0.4578491090259846,-0.1555342395072794,0.43602274810901587,208,92.04,32,40.13153373595382,2301,True,True,proven_optimal,,64,0.7,,False,0.5,25,5,0.1,0.1-pilot,high,0.0,A,independent,1,0.0,greedy_objective,8,0.010426331722046637,0.1527653195405184,4.277428947134515,2.5572346275150313,0.5998233215547704,2.1294917328015797,full_corpus,heuristic_no_guarantee,no_candidate_fits_budget,677,679,1132,True
synthetic_factorial,medium,0.9985272459499264,2301,False,,,,,-0.1540941879739902,,,0.0,,25,0.25696834411620395,-0.23556864404378985,0.3931873779589222,0.21419893325364764,0.06400767122378753,0.09138007321165943,0.8064293145652528,0.1551789721612778,-0.16412119215904236,0.25711340135747773,0.4578491090259846,-0.1555342395072794,0.43602274810901587,208,92.04,32,40.13153373595382,2301,True,True,proven_optimal,,64,0.7,,False,0.5,25,5,0.1,0.1-pilot,high,0.0,A,independent,1,0.0,greedy_token_aware,9,0.0,0.14631320283615568,5.267275302101604,2.6786559829016117,0.5998233215547704,2.1519284526914513,full_corpus,heuristic_no_guarantee,no_candidate_fits_budget,678,679,1132,True
synthetic_factorial,medium,0.9985272459499264,2301,False,,,,,-0.1540941879739902,,,0.0,,25,0.25696834411620395,-0.23556864404378985,0.3931873779589222,0.21419893325364764,0.06400767122378753,0.09138007321165943,0.8064293145652528,0.1551789721612778,-0.16412119215904236,0.25711340135747773,0.4578491090259846,-0.1555342395072794,0.43602274810901587,208,92.04,32,40.13153373595382,2301,True,True,proven_optimal,,64,0.7,,False,0.5,25,5,0.1,0.1-pilot,high,0.0,A,independent,1,0.0,ilp,9,0.0,0.14631320283615568,5.267275302101604,2.6786559829016117,0.5998233215547704,2.1519284526914513,full_corpus,proven_optimal,n/a,678,679,1132,True
synthetic_factorial,loose,0.6666666666666666,2301,False,,,,,-0.1540941879739902,,,0.0,,25,0.25696834411620395,-0.23556864404378985,0.3931873779589222,0.21419893325364764,0.06400767122378753,0.09138007321165943,0.8064293145652528,0.1551789721612778,-0.16412119215904236,0.25711340135747773,0.4578491090259846,-0.1555342395072794,0.43602274810901587,208,92.04,32,40.13153373595382,2301,True,True,proven_optimal,,64,0.7,,False,0.5,25,5,0.1,0.1-pilot,high,0.0,A,independent,1,0.0,top_k,13,0.0,0.15778441890394468,12.307184674507685,3.616696378699637,1.5,2.385977911248869,full_corpus,heuristic_no_guarantee,no_positive_marginal_gain,1132,1698,1132,True
synthetic_factorial,loose,0.732037691401649,2301,False,,,,,-0.1540941879739902,,,0.0,,25,0.25696834411620395,-0.23556864404378985,0.3931873779589222,0.21419893325364764,0.06400767122378753,0.09138007321165943,0.8064293145652528,0.1551789721612778,-0.16412119215904236,0.25711340135747773,0.4578491090259846,-0.1555342395072794,0.43602274810901587,208,92.04,32,40.13153373595382,2301,True,True,proven_optimal,,64,0.7,,False,0.5,25,5,0.1,0.1-pilot,high,0.0,A,independent,1,0.0,mmr,14,0.01395406753405825,0.15806396680237977,14.383820979016559,3.791065912242187,1.5,2.352683814340531,full_corpus,heuristic_no_guarantee,no_positive_marginal_gain,1243,1698,1132,True
synthetic_factorial,loose,0.6666666666666666,2301,False,,,,,-0.1540941879739902,,,0.0,,25,0.25696834411620395,-0.23556864404378985,0.3931873779589222,0.21419893325364764,0.06400767122378753,0.09138007321165943,0.8064293145652528,0.1551789721612778,-0.16412119215904236,0.25711340135747773,0.4578491090259846,-0.1555342395072794,0.43602274810901587,208,92.04,32,40.13153373595382,2301,True,True,proven_optimal,,64,0.7,,False,0.5,25,5,0.1,0.1-pilot,high,0.0,A,independent,1,0.0,greedy_objective,13,0.0,0.15778441890394465,12.307184674507683,3.616696378699637,1.5,2.385977911248869,full_corpus,heuristic_no_guarantee,no_positive_marginal_gain,1132,1698,1132,True
synthetic_factorial,loose,0.6643109540636042,2301,False,,,,,-0.1540941879739902,,,0.0,,25,0.25696834411620395,-0.23556864404378985,0.3931873779589222,0.21419893325364764,0.06400767122378753,0.09138007321165943,0.8064293145652528,0.1551789721612778,-0.16412119215904236,0.25711340135747773,0.4578491090259846,-0.1555342395072794,0.43602274810901587,208,92.04,32,40.13153373595382,2301,True,True,proven_optimal,,64,0.7,,False,0.5,25,5,0.1,0.1-pilot,high,0.0,A,independent,1,0.0,greedy_token_aware,13,0.010049941067936372,0.1541942348495808,12.027150318267303,3.5647140056781503,1.5,2.3619989738514198,full_corpus,heuristic_no_guarantee,no_positive_marginal_gain,1128,1698,1132,True
synthetic_factorial,loose,0.6666666666666666,2301,False,,,,,-0.1540941879739902,,,0.0,,25,0.25696834411620395,-0.23556864404378985,0.3931873779589222,0.21419893325364764,0.06400767122378753,0.09138007321165943,0.8064293145652528,0.1551789721612778,-0.16412119215904236,0.25711340135747773,0.4578491090259846,-0.1555342395072794,0.43602274810901587,208,92.04,32,40.13153373595382,2301,True,True,proven_optimal,,64,0.7,,False,0.5,25,5,0.1,0.1-pilot,high,0.0,A,independent,1,0.0,ilp,13,0.0,0.15778441890394465,12.307184674507683,3.616696378699637,1.5,2.385977911248869,full_corpus,proven_optimal,n/a,1132,1698,1132,True
synthetic_factorial,tight,0.9973474801061007,1968,False,,,,,0.4366994546126344,,,0.5,,25,0.09583381168560813,0.34047338162526675,0.3931873779589222,0.21419893325364764,0.06400767122378753,0.09138007321165943,0.43927450769081167,0.0692591074327479,-0.27951440477790535,0.1190211673853651,0.25645749726002814,0.23581458408902495,0.38521307056314663,155,78.72,24,30.323972914730902,1968,True,True,proven_optimal,,64,0.15,,False,0.5,25,5,0.1,0.1-pilot,low,0.5,B,positive_sublinear,1,0.5,top_k,4,0.1194659337443045,0.13931468779953127,0.8358881267971876,1.4695074983402427,0.24983432736911862,1.385918685660524,full_corpus,heuristic_no_guarantee,no_candidate_fits_budget,376,377,1509,True
synthetic_factorial,tight,0.9602122015915119,1968,False,,,,,0.4366994546126344,,,0.5,,25,0.09583381168560813,0.34047338162526675,0.3931873779589222,0.21419893325364764,0.06400767122378753,0.09138007321165943,0.43927450769081167,0.0692591074327479,-0.27951440477790535,0.1190211673853651,0.25645749726002814,0.23581458408902495,0.38521307056314663,155,78.72,24,30.323972914730902,1968,True,True,proven_optimal,,64,0.15,,False,0.5,25,5,0.1,0.1-pilot,low,0.5,B,positive_sublinear,1,0.5,mmr,4,0.1362065721800878,0.08152754653835116,0.48916527923010694,1.408486245943137,0.24983432736911862,1.3595697180201265,full_corpus,heuristic_no_guarantee,no_candidate_fits_budget,362,377,1509,True
synthetic_factorial,tight,0.9973474801061007,1968,False,,,,,0.4366994546126344,,,0.5,,25,0.09583381168560813,0.34047338162526675,0.3931873779589222,0.21419893325364764,0.06400767122378753,0.09138007321165943,0.43927450769081167,0.0692591074327479,-0.27951440477790535,0.1190211673853651,0.25645749726002814,0.23581458408902495,0.38521307056314663,155,78.72,24,30.323972914730902,1968,True,True,proven_optimal,,64,0.15,,False,0.5,25,5,0.1,0.1-pilot,low,0.5,B,positive_sublinear,1,0.5,greedy_objective,4,0.1194659337443045,0.13931468779953127,0.8358881267971876,1.4695074983402427,0.24983432736911862,1.385918685660524,full_corpus,heuristic_no_guarantee,no_candidate_fits_budget,376,377,1509,True
synthetic_factorial,tight,0.9628647214854111,1968,False,,,,,0.4366994546126344,,,0.5,,25,0.09583381168560813,0.34047338162526675,0.3931873779589222,0.21419893325364764,0.06400767122378753,0.09138007321165943,0.43927450769081167,0.0692591074327479,-0.27951440477790535,0.1190211673853651,0.25645749726002814,0.23581458408902495,0.38521307056314663,155,78.72,24,30.323972914730902,1968,True,True,proven_optimal,,64,0.15,,False,0.5,25,5,0.1,0.1-pilot,low,0.5,B,positive_sublinear,1,0.5,greedy_token_aware,6,0.0,0.1378898975650101,2.0683484634751514,1.7807872222662355,0.24983432736911862,1.5739523759187204,full_corpus,heuristic_no_guarantee,no_candidate_fits_budget,363,377,1509,True
synthetic_factorial,tight,0.9628647214854111,1968,False,,,,,0.4366994546126344,,,0.5,,25,0.09583381168560813,0.34047338162526675,0.3931873779589222,0.21419893325364764,0.06400767122378753,0.09138007321165943,0.43927450769081167,0.0692591074327479,-0.27951440477790535,0.1190211673853651,0.25645749726002814,0.23581458408902495,0.38521307056314663,155,78.72,24,30.323972914730902,1968,True,True,proven_optimal,,64,0.15,,False,0.5,25,5,0.1,0.1-pilot,low,0.5,B,positive_sublinear,1,0.5,ilp,6,0.0,0.1378898975650101,2.0683484634751514,1.7807872222662355,0.24983432736911862,1.5739523759187204,full_corpus,proven_optimal,n/a,363,377,1509,True
synthetic_factorial,medium,0.9845303867403314,1968,False,,,,,0.4366994546126344,,,0.5,,25,0.09583381168560813,0.34047338162526675,0.3931873779589222,0.21419893325364764,0.06400767122378753,0.09138007321165943,0.43927450769081167,0.0692591074327479,-0.27951440477790535,0.1190211673853651,0.25645749726002814,0.23581458408902495,0.38521307056314663,155,78.72,24,30.323972914730902,1968,True,True,proven_optimal,,64,0.15,,False,0.5,25,5,0.1,0.1-pilot,low,0.5,B,positive_sublinear,1,0.5,top_k,10,0.03421834983333085,0.10092276715750913,4.541524522087911,3.012580420372893,0.5997349237905898,2.5584279681641022,full_corpus,heuristic_no_guarantee,no_candidate_fits_budget,891,905,1509,True
synthetic_factorial,medium,0.974585635359116,1968,False,,,,,0.4366994546126344,,,0.5,,25,0.09583381168560813,0.34047338162526675,0.3931873779589222,0.21419893325364764,0.06400767122378753,0.09138007321165943,0.43927450769081167,0.0692591074327479,-0.27951440477790535,0.1190211673853651,0.25645749726002814,0.23581458408902495,0.38521307056314663,155,78.72,24,30.323972914730902,1968,True,True,proven_optimal,,64,0.15,,False,0.5,25,5,0.1,0.1-pilot,low,0.5,B,positive_sublinear,1,0.5,mmr,9,0.10002578706505344,0.090609992199917,3.261959719197012,2.7102951071661483,0.5997349237905898,2.384099135246447,full_corpus,heuristic_no_guarantee,no_candidate_fits_budget,882,905,1509,True
synthetic_factorial,medium,0.9900552486187846,1968,False,,,,,0.4366994546126344,,,0.5,,25,0.09583381168560813,0.34047338162526675,0.3931873779589222,0.21419893325364764,0.06400767122378753,0.09138007321165943,0.43927450769081167,0.0692591074327479,-0.27951440477790535,0.1190211673853651,0.25645749726002814,0.23581458408902495,0.38521307056314663,155,78.72,24,30.323972914730902,1968,True,True,proven_optimal,,64,0.15,,False,0.5,25,5,0.1,0.1-pilot,low,0.5,B,positive_sublinear,1,0.5,greedy_objective,10,0.043895643092874054,0.09954320917980845,4.479444413091381,2.9807365344003722,0.5997349237905898,2.532792093091234,full_corpus,heuristic_no_guarantee,no_candidate_fits_budget,896,905,1509,True
synthetic_factorial,medium,0.9867403314917127,1968,False,,,,,0.4366994546126344,,,0.5,,25,0.09583381168560813,0.34047338162526675,0.3931873779589222,0.21419893325364764,0.06400767122378753,0.09138007321165943,0.43927450769081167,0.0692591074327479,-0.27951440477790535,0.1190211673853651,0.25645749726002814,0.23581458408902495,0.38521307056314663,155,78.72,24,30.323972914730902,1968,True,True,proven_optimal,,64,0.15,,False,0.5,25,5,0.1,0.1-pilot,low,0.5,B,positive_sublinear,1,0.5,greedy_token_aware,12,0.0,0.0954515550756637,6.299802634993805,3.279055204737478,0.5997349237905898,2.649074941238098,full_corpus,heuristic_no_guarantee,no_candidate_fits_budget,893,905,1509,True
synthetic_factorial,medium,0.9867403314917127,1968,False,,,,,0.4366994546126344,,,0.5,,25,0.09583381168560813,0.34047338162526675,0.3931873779589222,0.21419893325364764,0.06400767122378753,0.09138007321165943,0.43927450769081167,0.0692591074327479,-0.27951440477790535,0.1190211673853651,0.25645749726002814,0.23581458408902495,0.38521307056314663,155,78.72,24,30.323972914730902,1968,True,True,proven_optimal,,64,0.15,,False,0.5,25,5,0.1,0.1-pilot,low,0.5,B,positive_sublinear,1,0.5,ilp,12,0.0,0.0954515550756637,6.299802634993805,3.2790552047374786,0.5997349237905898,2.649074941238098,full_corpus,proven_optimal,n/a,893,905,1509,True
synthetic_factorial,loose,0.6793286219081273,1968,False,,,,,0.4366994546126344,,,0.5,,25,0.09583381168560813,0.34047338162526675,0.3931873779589222,0.21419893325364764,0.06400767122378753,0.09138007321165943,0.43927450769081167,0.0692591074327479,-0.27951440477790535,0.1190211673853651,0.25645749726002814,0.23581458408902495,0.38521307056314663,155,78.72,24,30.323972914730902,1968,True,True,proven_optimal,,64,0.15,,False,0.5,25,5,0.1,0.1-pilot,low,0.5,B,positive_sublinear,1,0.5,top_k,19,0.00014476428421723235,0.08735078946910894,14.93698499921763,4.64632505297488,1.5003313452617628,3.152626553053117,full_corpus,heuristic_no_guarantee,no_positive_marginal_gain,1538,2264,1509,True
synthetic_factorial,loose,0.7098056537102474,1968,False,,,,,0.4366994546126344,,,0.5,,25,0.09583381168560813,0.34047338162526675,0.3931873779589222,0.21419893325364764,0.06400767122378753,0.09138007321165943,0.43927450769081167,0.0692591074327479,-0.27951440477790535,0.1190211673853651,0.25645749726002814,0.23581458408902495,0.38521307056314663,155,78.72,24,30.323972914730902,1968,True,True,proven_optimal,,64,0.15,,False,0.5,25,5,0.1,0.1-pilot,low,0.5,B,positive_sublinear,1,0.5,mmr,20,0.00560742899122807,0.0875156854797446,16.627980241151473,4.798200341908427,1.5003313452617628,3.1354023177932797,full_corpus,heuristic_no_guarantee,no_positive_marginal_gain,1607,2264,1509,True
synthetic_factorial,loose,0.6665194346289752,1968,False,,,,,0.4366994546126344,,,0.5,,25,0.09583381168560813,0.34047338162526675,0.3931873779589222,0.21419893325364764,0.06400767122378753,0.09138007321165943,0.43927450769081167,0.0692591074327479,-0.27951440477790535,0.1190211673853651,0.25645749726002814,0.23581458408902495,0.38521307056314663,155,78.72,24,30.323972914730902,1968,True,True,proven_optimal,,64,0.15,,False,0.5,25,5,0.1,0.1-pilot,low,0.5,B,positive_sublinear,1,0.5,greedy_objective,18,0.0,0.08676809866259919,13.275519095377675,4.4806349163954495,1.5003313452617628,3.153083006857682,full_corpus,heuristic_no_guarantee,no_positive_marginal_gain,1509,2264,1509,True
synthetic_factorial,loose,0.6793286219081273,1968,False,,,,,0.4366994546126344,,,0.5,,25,0.09583381168560813,0.34047338162526675,0.3931873779589222,0.21419893325364764,0.06400767122378753,0.09138007321165943,0.43927450769081167,0.0692591074327479,-0.27951440477790535,0.1190211673853651,0.25645749726002814,0.23581458408902495,0.38521307056314663,155,78.72,24,30.323972914730902,1968,True,True,proven_optimal,,64,0.15,,False,0.5,25,5,0.1,0.1-pilot,low,0.5,B,positive_sublinear,1,0.5,greedy_token_aware,19,0.00014476428421695067,0.08735078946910894,14.93698499921763,4.6463250529748805,1.5003313452617628,3.1526265530531177,full_corpus,heuristic_no_guarantee,no_positive_marginal_gain,1538,2264,1509,True
synthetic_factorial,loose,0.6665194346289752,1968,False,,,,,0.4366994546126344,,,0.5,,25,0.09583381168560813,0.34047338162526675,0.3931873779589222,0.21419893325364764,0.06400767122378753,0.09138007321165943,0.43927450769081167,0.0692591074327479,-0.27951440477790535,0.1190211673853651,0.25645749726002814,0.23581458408902495,0.38521307056314663,155,78.72,24,30.323972914730902,1968,True,True,proven_optimal,,64,0.15,,False,0.5,25,5,0.1,0.1-pilot,low,0.5,B,positive_sublinear,1,0.5,ilp,18,0.0,0.08676809866259919,13.275519095377675,4.4806349163954495,1.5003313452617628,3.153083006857682,full_corpus,proven_optimal,n/a,1509,2264,1509,True
synthetic_factorial,tight,0.9788732394366197,1968,False,,,,,0.4366994546126344,,,0.5,,25,0.09583381168560813,0.34047338162526675,0.3931873779589222,0.21419893325364764,0.06400767122378753,0.09138007321165943,0.8064293145652528,0.1551789721612778,-0.16412119215904236,0.25711340135747773,0.25645749726002814,0.23581458408902495,0.38521307056314663,155,78.72,24,30.323972914730902,1968,True,True,proven_optimal,,64,0.7,,False,0.5,25,5,0.1,0.1-pilot,high,0.5,B,positive_sublinear,1,0.5,top_k,3,0.12770252568649382,0.16620286490793176,0.49860859472379526,1.0837985669054828,0.2497801231310466,1.0339377074331033,full_corpus,heuristic_no_guarantee,no_candidate_fits_budget,278,284,1137,True
synthetic_factorial,tight,0.9577464788732394,1968,False,,,,,0.4366994546126344,,,0.5,,25,0.09583381168560813,0.34047338162526675,0.3931873779589222,0.21419893325364764,0.06400767122378753,0.09138007321165943,0.8064293145652528,0.1551789721612778,-0.16412119215904236,0.25711340135747773,0.25645749726002814,0.23581458408902495,0.38521307056314663,155,78.72,24,30.323972914730902,1968,True,True,proven_optimal,,64,0.7,,False,0.5,25,5,0.1,0.1-pilot,high,0.5,B,positive_sublinear,1,0.5,mmr,3,0.19116859583480963,0.07581953978567664,0.2274586193570299,0.9814569809614735,0.2497801231310466,0.9587111190257704,full_corpus,heuristic_no_guarantee,no_candidate_fits_budget,272,284,1137,True
synthetic_factorial,tight,0.9788732394366197,1968,False,,,,,0.4366994546126344,,,0.5,,25,0.09583381168560813,0.34047338162526675,0.3931873779589222,0.21419893325364764,0.06400767122378753,0.09138007321165943,0.8064293145652528,0.1551789721612778,-0.16412119215904236,0.25711340135747773,0.25645749726002814,0.23581458408902495,0.38521307056314663,155,78.72,24,30.323972914730902,1968,True,True,proven_optimal,,64,0.7,,False,0.5,25,5,0.1,0.1-pilot,high,0.5,B,positive_sublinear,1,0.5,greedy_objective,3,0.12770252568649382,0.16620286490793176,0.49860859472379526,1.0837985669054828,0.2497801231310466,1.0339377074331033,full_corpus,heuristic_no_guarantee,no_candidate_fits_budget,278,284,1137,True
synthetic_factorial,tight,0.8802816901408451,1968,False,,,,,0.4366994546126344,,,0.5,,25,0.09583381168560813,0.34047338162526675,0.3931873779589222,0.21419893325364764,0.06400767122378753,0.09138007321165943,0.8064293145652528,0.1551789721612778,-0.16412119215904236,0.25711340135747773,0.25645749726002814,0.23581458408902495,0.38521307056314663,155,78.72,24,30.323972914730902,1968,True,True,proven_optimal,,64,0.7,,False,0.5,25,5,0.1,0.1-pilot,high,0.5,B,positive_sublinear,1,0.5,greedy_token_aware,4,0.04499351083676133,0.183395368849937,1.100372213099622,1.2420102569607514,0.2497801231310466,1.131973035650789,full_corpus,heuristic_no_guarantee,no_positive_marginal_gain,250,284,1137,True
synthetic_factorial,tight,0.9471830985915493,1968,False,,,,,0.4366994546126344,,,0.5,,25,0.09583381168560813,0.34047338162526675,0.3931873779589222,0.21419893325364764,0.06400767122378753,0.09138007321165943,0.8064293145652528,0.1551789721612778,-0.16412119215904236,0.25711340135747773,0.25645749726002814,0.23581458408902495,0.38521307056314663,155,78.72,24,30.323972914730902,1968,True,True,proven_optimal,,64,0.7,,False,0.5,25,5,0.1,0.1-pilot,high,0.5,B,positive_sublinear,1,0.5,ilp,4,0.0,0.224275769120168,1.345654614721008,1.3198694866233913,0.2497801231310466,1.1853040251512905,full_corpus,proven_optimal,n/a,269,284,1137,True
synthetic_factorial,medium,0.998533724340176,1968,False,,,,,0.4366994546126344,,,0.5,,25,0.09583381168560813,0.34047338162526675,0.3931873779589222,0.21419893325364764,0.06400767122378753,0.09138007321165943,0.8064293145652528,0.1551789721612778,-0.16412119215904236,0.25711340135747773,0.25645749726002814,0.23581458408902495,0.38521307056314663,155,78.72,24,30.323972914730902,1968,True,True,proven_optimal,,64,0.7,,False,0.5,25,5,0.1,0.1-pilot,high,0.5,B,positive_sublinear,1,0.5,top_k,8,0.04174840845731626,0.20383288767925148,5.7073208550190415,2.5448367892654633,0.5998240985048373,1.974104703763559,full_corpus,heuristic_no_guarantee,no_candidate_fits_budget,681,682,1137,True
synthetic_factorial,medium,0.9633431085043989,1968,False,,,,,0.4366994546126344,,,0.5,,25,0.09583381168560813,0.34047338162526675,0.3931873779589222,0.21419893325364764,0.06400767122378753,0.09138007321165943,0.8064293145652528,0.1551789721612778,-0.16412119215904236,0.25711340135747773,0.25645749726002814,0.23581458408902495,0.38521307056314663,155,78.72,24,30.323972914730902,1968,True,True,proven_optimal,,64,0.7,,False,0.5,25,5,0.1,0.1-pilot,high,0.5,B,positive_sublinear,1,0.5,mmr,7,0.06287483619023537,0.14786241511224682,3.1051107173571832,2.241092988029512,0.5998240985048373,1.9305819162937938,full_corpus,heuristic_no_guarantee,no_positive_marginal_gain,657,682,1137,True
synthetic_factorial,medium,0.9838709677419355,1968,False,,,,,0.4366994546126344,,,0.5,,25,0.09583381168560813,0.34047338162526675,0.3931873779589222,0.21419893325364764,0.06400767122378753,0.09138007321165943,0.8064293145652528,0.1551789721612778,-0.16412119215904236,0.25711340135747773,0.25645749726002814,0.23581458408902495,0.38521307056314663,155,78.72,24,30.323972914730902,1968,True,True,proven_optimal,,64,0.7,,False,0.5,25,5,0.1,0.1-pilot,high,0.5,B,positive_sublinear,1,0.5,greedy_objective,8,0.0,0.16122262622250516,4.5142335342301445,2.5115344152637356,0.5998240985048373,2.060111061840721,full_corpus,heuristic_no_guarantee,no_candidate_fits_budget,671,682,1137,True
synthetic_factorial,medium,0.9882697947214076,1968,False,,,,,0.4366994546126344,,,0.5,,25,0.09583381168560813,0.34047338162526675,0.3931873779589222,0.21419893325364764,0.06400767122378753,0.09138007321165943,0.8064293145652528,0.1551789721612778,-0.16412119215904236,0.25711340135747773,0.25645749726002814,0.23581458408902495,0.38521307056314663,155,78.72,24,30.323972914730902,1968,True,True,proven_optimal,,64,0.7,,False,0.5,25,5,0.1,0.1-pilot,high,0.5,B,positive_sublinear,1,0.5,greedy_token_aware,10,0.06875978034870903,0.15212794504912455,6.845757527210605,2.603034030455668,0.5998240985048373,1.9184582777346073,full_corpus,heuristic_no_guarantee,no_candidate_fits_budget,674,682,1137,True
synthetic_factorial,medium,0.9838709677419355,1968,False,,,,,0.4366994546126344,,,0.5,,25,0.09583381168560813,0.34047338162526675,0.3931873779589222,0.21419893325364764,0.06400767122378753,0.09138007321165943,0.8064293145652528,0.1551789721612778,-0.16412119215904236,0.25711340135747773,0.25645749726002814,0.23581458408902495,0.38521307056314663,155,78.72,24,30.323972914730902,1968,True,True,proven_optimal,,64,0.7,,False,0.5,25,5,0.1,0.1-pilot,high,0.5,B,positive_sublinear,1,0.5,ilp,8,0.0,0.16122262622250516,4.5142335342301445,2.5115344152637356,0.5998240985048373,2.060111061840721,full_corpus,proven_optimal,n/a,671,682,1137,True
synthetic_factorial,loose,0.6664712778429074,1968,False,,,,,0.4366994546126344,,,0.5,,25,0.09583381168560813,0.34047338162526675,0.3931873779589222,0.21419893325364764,0.06400767122378753,0.09138007321165943,0.8064293145652528,0.1551789721612778,-0.16412119215904236,0.25711340135747773,0.25645749726002814,0.23581458408902495,0.38521307056314663,155,78.72,24,30.323972914730902,1968,True,True,proven_optimal,,64,0.7,,False,0.5,25,5,0.1,0.1-pilot,high,0.5,B,positive_sublinear,1,0.5,top_k,13,0.0,0.15778441890394468,12.307184674507685,3.616696378699637,1.5004397537379068,2.385977911248869,full_corpus,heuristic_no_guarantee,no_positive_marginal_gain,1137,1706,1137,True
synthetic_factorial,loose,0.7174677608440797,1968,False,,,,,0.4366994546126344,,,0.5,,25,0.09583381168560813,0.34047338162526675,0.3931873779589222,0.21419893325364764,0.06400767122378753,0.09138007321165943,0.8064293145652528,0.1551789721612778,-0.16412119215904236,0.25711340135747773,0.25645749726002814,0.23581458408902495,0.38521307056314663,155,78.72,24,30.323972914730902,1968,True,True,proven_optimal,,64,0.7,,False,0.5,25,5,0.1,0.1-pilot,high,0.5,B,positive_sublinear,1,0.5,mmr,14,0.01395406753405825,0.15806396680237977,14.383820979016559,3.791065912242187,1.5004397537379068,2.352683814340531,full_corpus,heuristic_no_guarantee,no_positive_marginal_gain,1224,1706,1137,True
synthetic_factorial,loose,0.6664712778429074,1968,False,,,,,0.4366994546126344,,,0.5,,25,0.09583381168560813,0.34047338162526675,0.3931873779589222,0.21419893325364764,0.06400767122378753,0.09138007321165943,0.8064293145652528,0.1551789721612778,-0.16412119215904236,0.25711340135747773,0.25645749726002814,0.23581458408902495,0.38521307056314663,155,78.72,24,30.323972914730902,1968,True,True,proven_optimal,,64,0.7,,False,0.5,25,5,0.1,0.1-pilot,high,0.5,B,positive_sublinear,1,0.5,greedy_objective,13,0.0,0.15778441890394465,12.307184674507683,3.616696378699637,1.5004397537379068,2.385977911248869,full_corpus,heuristic_no_guarantee,no_positive_marginal_gain,1137,1706,1137,True
synthetic_factorial,loose,0.6430246189917936,1968,False,,,,,0.4366994546126344,,,0.5,,25,0.09583381168560813,0.34047338162526675,0.3931873779589222,0.21419893325364764,0.06400767122378753,0.09138007321165943,0.8064293145652528,0.1551789721612778,-0.16412119215904236,0.25711340135747773,0.25645749726002814,0.23581458408902495,0.38521307056314663,155,78.72,24,30.323972914730902,1968,True,True,proven_optimal,,64,0.7,,False,0.5,25,5,0.1,0.1-pilot,high,0.5,B,positive_sublinear,1,0.5,greedy_token_aware,13,0.03251687228307019,0.15638227401587834,12.197817373238511,3.528175109562414,1.5004397537379068,2.308393372238563,full_corpus,heuristic_no_guarantee,no_positive_marginal_gain,1097,1706,1137,True
synthetic_factorial,loose,0.6664712778429074,1968,False,,,,,0.4366994546126344,,,0.5,,25,0.09583381168560813,0.34047338162526675,0.3931873779589222,0.21419893325364764,0.06400767122378753,0.09138007321165943,0.8064293145652528,0.1551789721612778,-0.16412119215904236,0.25711340135747773,0.25645749726002814,0.23581458408902495,0.38521307056314663,155,78.72,24,30.323972914730902,1968,True,True,proven_optimal,,64,0.7,,False,0.5,25,5,0.1,0.1-pilot,high,0.5,B,positive_sublinear,1,0.5,ilp,13,0.0,0.15778441890394465,12.307184674507683,3.616696378699637,1.5004397537379068,2.385977911248869,full_corpus,proven_optimal,n/a,1137,1706,1137,True
synthetic_factorial,tight,0.9879807692307693,2641,False,,,,,-0.5747327299475349,,,-0.5,,25,0.001821678898447775,-0.5920549295539632,0.3931873779589222,0.21419893325364764,0.06400767122378753,0.09138007321165943,0.43927450769081167,0.0692591074327479,-0.27951440477790535,0.1190211673853651,0.003137107717286583,-0.5667564867385811,0.5053142276705888,257,105.64,38,53.381395011121,2641,True,True,proven_optimal,,64,0.15,,False,0.5,25,5,0.1,0.1-pilot,low,-0.5,C,negative,1,-0.5,top_k,7,0.004245715330282616,0.14078284318025128,2.9564397067852766,2.2969075443190006,0.2503008423586041,2.0012635736404727,full_corpus,heuristic_no_guarantee,no_candidate_fits_budget,411,416,1662,True
synthetic_factorial,tight,0.9302884615384616,2641,False,,,,,-0.5747327299475349,,,-0.5,,25,0.001821678898447775,-0.5920549295539632,0.3931873779589222,0.21419893325364764,0.06400767122378753,0.09138007321165943,0.43927450769081167,0.0692591074327479,-0.27951440477790535,0.1190211673853651,0.003137107717286583,-0.5667564867385811,0.5053142276705888,257,105.64,38,53.381395011121,2641,True,True,proven_optimal,,64,0.15,,False,0.5,25,5,0.1,0.1-pilot,low,-0.5,C,negative,1,-0.5,mmr,5,0.22426391409442084,0.06404137059234274,0.6404137059234274,1.6231131168878723,0.2503008423586041,1.5590717462955295,full_corpus,heuristic_no_guarantee,no_candidate_fits_budget,387,416,1662,True
synthetic_factorial,tight,0.9783653846153846,2641,False,,,,,-0.5747327299475349,,,-0.5,,25,0.001821678898447775,-0.5920549295539632,0.3931873779589222,0.21419893325364764,0.06400767122378753,0.09138007321165943,0.43927450769081167,0.0692591074327479,-0.27951440477790535,0.1190211673853651,0.003137107717286583,-0.5667564867385811,0.5053142276705888,257,105.64,38,53.381395011121,2641,True,True,proven_optimal,,64,0.15,,False,0.5,25,5,0.1,0.1-pilot,low,-0.5,C,negative,1,-0.5,greedy_objective,7,-4.419245313893182e-16,0.1212663498712945,2.5465933472971845,2.264455932596505,0.2503008423586041,2.0097965978667864,full_corpus,heuristic_no_guarantee,no_candidate_fits_budget,407,416,1662,True
synthetic_factorial,tight,0.9783653846153846,2641,False,,,,,-0.5747327299475349,,,-0.5,,25,0.001821678898447775,-0.5920549295539632,0.3931873779589222,0.21419893325364764,0.06400767122378753,0.09138007321165943,0.43927450769081167,0.0692591074327479,-0.27951440477790535,0.1190211673853651,0.003137107717286583,-0.5667564867385811,0.5053142276705888,257,105.64,38,53.381395011121,2641,True,True,proven_optimal,,64,0.15,,False,0.5,25,5,0.1,0.1-pilot,low,-0.5,C,negative,1,-0.5,greedy_token_aware,7,-2.209622656946591e-16,0.1212663498712945,2.5465933472971845,2.2644559325965044,0.2503008423586041,2.009796597866786,full_corpus,heuristic_no_guarantee,no_candidate_fits_budget,407,416,1662,True
synthetic_factorial,tight,0.9783653846153846,2641,False,,,,,-0.5747327299475349,,,-0.5,,25,0.001821678898447775,-0.5920549295539632,0.3931873779589222,0.21419893325364764,0.06400767122378753,0.09138007321165943,0.43927450769081167,0.0692591074327479,-0.27951440477790535,0.1190211673853651,0.003137107717286583,-0.5667564867385811,0.5053142276705888,257,105.64,38,53.381395011121,2641,True,True,proven_optimal,,64,0.15,,False,0.5,25,5,0.1,0.1-pilot,low,-0.5,C,negative,1,-0.5,ilp,7,0.0,0.1212663498712945,2.5465933472971845,2.264455932596504,0.2503008423586041,2.0097965978667856,full_corpus,proven_optimal,n/a,407,416,1662,True
synthetic_factorial,medium,0.9949849548645938,2641,False,,,,,-0.5747327299475349,,,-0.5,,25,0.001821678898447775,-0.5920549295539632,0.3931873779589222,0.21419893325364764,0.06400767122378753,0.09138007321165943,0.43927450769081167,0.0692591074327479,-0.27951440477790535,0.1190211673853651,0.003137107717286583,-0.5667564867385811,0.5053142276705888,257,105.64,38,53.381395011121,2641,True,True,proven_optimal,,64,0.15,,False,0.5,25,5,0.1,0.1-pilot,low,-0.5,C,negative,1,-0.5,top_k,12,0.0,0.08785719725155611,5.798575018602703,3.429436324012795,0.5998796630565584,2.849578822152525,full_corpus,heuristic_no_guarantee,no_candidate_fits_budget,992,997,1662,True
synthetic_factorial,medium,0.9578736208625878,2641,False,,,,,-0.5747327299475349,,,-0.5,,25,0.001821678898447775,-0.5920549295539632,0.3931873779589222,0.21419893325364764,0.06400767122378753,0.09138007321165943,0.43927450769081167,0.0692591074327479,-0.27951440477790535,0.1190211673853651,0.003137107717286583,-0.5667564867385811,0.5053142276705888,257,105.64,38,53.381395011121,2641,True,True,proven_optimal,,64,0.15,,False,0.5,25,5,0.1,0.1-pilot,low,-0.5,C,negative,1,-0.5,mmr,11,0.05351295754775814,0.09182479070517828,5.0503634887848055,3.2021257804921666,0.5998796630565584,2.697089431613686,full_corpus,heuristic_no_guarantee,no_candidate_fits_budget,955,997,1662,True
synthetic_factorial,medium,0.9949849548645938,2641,False,,,,,-0.5747327299475349,,,-0.5,,25,0.001821678898447775,-0.5920549295539632,0.3931873779589222,0.21419893325364764,0.06400767122378753,0.09138007321165943,0.43927450769081167,0.0692591074327479,-0.27951440477790535,0.1190211673853651,0.003137107717286583,-0.5667564867385811,0.5053142276705888,257,105.64,38,53.381395011121,2641,True,True,proven_optimal,,64,0.15,,False,0.5,25,5,0.1,0.1-pilot,low,-0.5,C,negative,1,-0.5,greedy_objective,12,0.0,0.08785719725155611,5.798575018602703,3.429436324012795,0.5998796630565584,2.849578822152525,full_corpus,heuristic_no_guarantee,no_candidate_fits_budget,992,997,1662,True
synthetic_factorial,medium,0.9468405215646941,2641,False,,,,,-0.5747327299475349,,,-0.5,,25,0.001821678898447775,-0.5920549295539632,0.3931873779589222,0.21419893325364764,0.06400767122378753,0.09138007321165943,0.43927450769081167,0.0692591074327479,-0.27951440477790535,0.1190211673853651,0.003137107717286583,-0.5667564867385811,0.5053142276705888,257,105.64,38,53.381395011121,2641,True,True,proven_optimal,,64,0.15,,False,0.5,25,5,0.1,0.1-pilot,low,-0.5,C,negative,1,-0.5,greedy_token_aware,13,0.020682463555220444,0.09964942798655284,7.772655382951122,3.5679080503107397,0.5998796630565584,2.7906425120156273,full_corpus,heuristic_no_guarantee,no_candidate_fits_budget,944,997,1662,True
synthetic_factorial,medium,0.9949849548645938,2641,False,,,,,-0.5747327299475349,,,-0.5,,25,0.001821678898447775,-0.5920549295539632,0.3931873779589222,0.21419893325364764,0.06400767122378753,0.09138007321165943,0.43927450769081167,0.0692591074327479,-0.27951440477790535,0.1190211673853651,0.003137107717286583,-0.5667564867385811,0.5053142276705888,257,105.64,38,53.381395011121,2641,True,True,proven_optimal,,64,0.15,,False,0.5,25,5,0.1,0.1-pilot,low,-0.5,C,negative,1,-0.5,ilp,12,0.0,0.08785719725155611,5.798575018602703,3.429436324012795,0.5998796630565584,2.849578822152525,full_corpus,proven_optimal,n/a,992,997,1662,True
synthetic_factorial,loose,0.6847172081829122,2641,False,,,,,-0.5747327299475349,,,-0.5,,25,0.001821678898447775,-0.5920549295539632,0.3931873779589222,0.21419893325364764,0.06400767122378753,0.09138007321165943,0.43927450769081167,0.0692591074327479,-0.27951440477790535,0.1190211673853651,0.003137107717286583,-0.5667564867385811,0.5053142276705888,257,105.64,38,53.381395011121,2641,True,True,proven_optimal,,64,0.15,,False,0.5,25,5,0.1,0.1-pilot,low,-0.5,C,negative,1,-0.5,top_k,19,0.00014476428421723235,0.08735078946910894,14.93698499921763,4.64632505297488,1.5,3.152626553053117,full_corpus,heuristic_no_guarantee,no_positive_marginal_gain,1707,2493,1662,True
synthetic_factorial,loose,0.7304452466907341,2641,False,,,,,-0.5747327299475349,,,-0.5,,25,0.001821678898447775,-0.5920549295539632,0.3931873779589222,0.21419893325364764,0.06400767122378753,0.09138007321165943,0.43927450769081167,0.0692591074327479,-0.27951440477790535,0.1190211673853651,0.003137107717286583,-0.5667564867385811,0.5053142276705888,257,105.64,38,53.381395011121,2641,True,True,proven_optimal,,64,0.15,,False,0.5,25,5,0.1,0.1-pilot,low,-0.5,C,negative,1,-0.5,mmr,20,0.00560742899122807,0.0875156854797446,16.627980241151473,4.798200341908427,1.5,3.1354023177932797,full_corpus,heuristic_no_guarantee,no_positive_marginal_gain,1821,2493,1662,True
synthetic_factorial,loose,0.6666666666666666,2641,False,,,,,-0.5747327299475349,,,-0.5,,25,0.001821678898447775,-0.5920549295539632,0.3931873779589222,0.21419893325364764,0.06400767122378753,0.09138007321165943,0.43927450769081167,0.0692591074327479,-0.27951440477790535,0.1190211673853651,0.003137107717286583,-0.5667564867385811,0.5053142276705888,257,105.64,38,53.381395011121,2641,True,True,proven_optimal,,64,0.15,,False,0.5,25,5,0.1,0.1-pilot,low,-0.5,C,negative,1,-0.5,greedy_objective,18,0.0,0.08676809866259919,13.275519095377675,4.4806349163954495,1.5,3.153083006857682,full_corpus,heuristic_no_guarantee,no_positive_marginal_gain,1662,2493,1662,True
synthetic_factorial,loose,0.6847172081829122,2641,False,,,,,-0.5747327299475349,,,-0.5,,25,0.001821678898447775,-0.5920549295539632,0.3931873779589222,0.21419893325364764,0.06400767122378753,0.09138007321165943,0.43927450769081167,0.0692591074327479,-0.27951440477790535,0.1190211673853651,0.003137107717286583,-0.5667564867385811,0.5053142276705888,257,105.64,38,53.381395011121,2641,True,True,proven_optimal,,64,0.15,,False,0.5,25,5,0.1,0.1-pilot,low,-0.5,C,negative,1,-0.5,greedy_token_aware,19,0.0001447642842170915,0.08735078946910896,14.936984999217632,4.6463250529748805,1.5,3.1526265530531172,full_corpus,heuristic_no_guarantee,no_positive_marginal_gain,1707,2493,1662,True
synthetic_factorial,loose,0.6666666666666666,2641,False,,,,,-0.5747327299475349,,,-0.5,,25,0.001821678898447775,-0.5920549295539632,0.3931873779589222,0.21419893325364764,0.06400767122378753,0.09138007321165943,0.43927450769081167,0.0692591074327479,-0.27951440477790535,0.1190211673853651,0.003137107717286583,-0.5667564867385811,0.5053142276705888,257,105.64,38,53.381395011121,2641,True,True,proven_optimal,,64,0.15,,False,0.5,25,5,0.1,0.1-pilot,low,-0.5,C,negative,1,-0.5,ilp,18,0.0,0.08676809866259919,13.275519095377675,4.4806349163954495,1.5,3.153083006857682,full_corpus,proven_optimal,n/a,1662,2493,1662,True
synthetic_factorial,tight,0.8981818181818182,2641,False,,,,,-0.5747327299475349,,,-0.5,,25,0.001821678898447775,-0.5920549295539632,0.3931873779589222,0.21419893325364764,0.06400767122378753,0.09138007321165943,0.8064293145652528,0.1551789721612778,-0.16412119215904236,0.25711340135747773,0.003137107717286583,-0.5667564867385811,0.5053142276705888,257,105.64,38,53.381395011121,2641,True,True,proven_optimal,,64,0.7,,False,0.5,25,5,0.1,0.1-pilot,high,-0.5,C,negative,1,-0.5,top_k,4,0.03863243567907141,0.14446945433212574,0.8668167259927544,1.5055720967046233,0.2502274795268426,1.418890424105348,full_corpus,heuristic_no_guarantee,no_candidate_fits_budget,247,275,1099,True
synthetic_factorial,tight,0.9090909090909091,2641,False,,,,,-0.5747327299475349,,,-0.5,,25,0.001821678898447775,-0.5920549295539632,0.3931873779589222,0.21419893325364764,0.06400767122378753,0.09138007321165943,0.8064293145652528,0.1551789721612778,-0.16412119215904236,0.25711340135747773,0.003137107717286583,-0.5667564867385811,0.5053142276705888,257,105.64,38,53.381395011121,2641,True,True,proven_optimal,,64,0.7,,False,0.5,25,5,0.1,0.1-pilot,high,-0.5,C,negative,1,-0.5,mmr,4,0.08703574016616134,0.10172443921014489,0.6103466352608693,1.408486245943137,0.2502274795268426,1.34745158241705,full_corpus,heuristic_no_guarantee,no_candidate_fits_budget,250,275,1099,True
synthetic_factorial,tight,0.8981818181818182,2641,False,,,,,-0.5747327299475349,,,-0.5,,25,0.001821678898447775,-0.5920549295539632,0.3931873779589222,0.21419893325364764,0.06400767122378753,0.09138007321165943,0.8064293145652528,0.1551789721612778,-0.16412119215904236,0.25711340135747773,0.003137107717286583,-0.5667564867385811,0.5053142276705888,257,105.64,38,53.381395011121,2641,True,True,proven_optimal,,64,0.7,,False,0.5,25,5,0.1,0.1-pilot,high,-0.5,C,negative,1,-0.5,greedy_objective,4,0.03863243567907141,0.14446945433212574,0.8668167259927544,1.5055720967046233,0.2502274795268426,1.418890424105348,full_corpus,heuristic_no_guarantee,no_candidate_fits_budget,247,275,1099,True
synthetic_factorial,tight,0.9781818181818182,2641,False,,,,,-0.5747327299475349,,,-0.5,,25,0.001821678898447775,-0.5920549295539632,0.3931873779589222,0.21419893325364764,0.06400767122378753,0.09138007321165943,0.8064293145652528,0.1551789721612778,-0.16412119215904236,0.25711340135747773,0.003137107717286583,-0.5667564867385811,0.5053142276705888,257,105.64,38,53.381395011121,2641,True,True,proven_optimal,,64,0.7,,False,0.5,25,5,0.1,0.1-pilot,high,-0.5,C,negative,1,-0.5,greedy_token_aware,5,-1.5044606502434965e-16,0.22967005921145428,2.2967005921145427,1.7055784180581512,0.2502274795268426,1.475908358846697,full_corpus,heuristic_no_guarantee,no_candidate_fits_budget,269,275,1099,True
synthetic_factorial,tight,0.9781818181818182,2641,False,,,,,-0.5747327299475349,,,-0.5,,25,0.001821678898447775,-0.5920549295539632,0.3931873779589222,0.21419893325364764,0.06400767122378753,0.09138007321165943,0.8064293145652528,0.1551789721612778,-0.16412119215904236,0.25711340135747773,0.003137107717286583,-0.5667564867385811,0.5053142276705888,257,105.64,38,53.381395011121,2641,True,True,proven_optimal,,64,0.7,,False,0.5,25,5,0.1,0.1-pilot,high,-0.5,C,negative,1,-0.5,ilp,5,0.0,0.22967005921145428,2.2967005921145427,1.705578418058151,0.2502274795268426,1.4759083588466968,full_corpus,proven_optimal,n/a,269,275,1099,True
synthetic_factorial,medium,0.9726858877086495,2641,False,,,,,-0.5747327299475349,,,-0.5,,25,0.001821678898447775,-0.5920549295539632,0.3931873779589222,0.21419893325364764,0.06400767122378753,0.09138007321165943,0.8064293145652528,0.1551789721612778,-0.16412119215904236,0.25711340135747773,0.003137107717286583,-0.5667564867385811,0.5053142276705888,257,105.64,38,53.381395011121,2641,True,True,proven_optimal,,64,0.7,,False,0.5,25,5,0.1,0.1-pilot,high,-0.5,C,negative,1,-0.5,top_k,9,0.054735904903551715,0.2004333100537766,7.215599161935957,2.7872202617894795,0.5996360327570519,2.0656603455958837,full_corpus,heuristic_no_guarantee,no_candidate_fits_budget,641,659,1099,True
synthetic_factorial,medium,0.992412746585736,2641,False,,,,,-0.5747327299475349,,,-0.5,,25,0.001821678898447775,-0.5920549295539632,0.3931873779589222,0.21419893325364764,0.06400767122378753,0.09138007321165943,0.8064293145652528,0.1551789721612778,-0.16412119215904236,0.25711340135747773,0.003137107717286583,-0.5667564867385811,0.5053142276705888,257,105.64,38,53.381395011121,2641,True,True,proven_optimal,,64,0.7,,False,0.5,25,5,0.1,0.1-pilot,high,-0.5,C,negative,1,-0.5,mmr,8,0.06440423250066228,0.15728662167929214,4.40402540702018,2.4849349485827346,0.5996360327570519,2.0445324078807166,full_corpus,heuristic_no_guarantee,no_candidate_fits_budget,654,659,1099,True
synthetic_factorial,medium,1.0,2641,False,,,,,-0.5747327299475349,,,-0.5,,25,0.001821678898447775,-0.5920549295539632,0.3931873779589222,0.21419893325364764,0.06400767122378753,0.09138007321165943,0.8064293145652528,0.1551789721612778,-0.16412119215904236,0.25711340135747773,0.003137107717286583,-0.5667564867385811,0.5053142276705888,257,105.64,38,53.381395011121,2641,True,True,proven_optimal,,64,0.7,,False,0.5,25,5,0.1,0.1-pilot,high,-0.5,C,negative,1,-0.5,greedy_objective,9,0.0,0.1583619781017327,5.701031211662377,2.7553763758169585,0.5996360327570519,2.1852732546507205,full_corpus,heuristic_no_guarantee,no_candidate_fits_budget,659,659,1099,True
synthetic_factorial,medium,0.9757207890743551,2641,False,,,,,-0.5747327299475349,,,-0.5,,25,0.001821678898447775,-0.5920549295539632,0.3931873779589222,0.21419893325364764,0.06400767122378753,0.09138007321165943,0.8064293145652528,0.1551789721612778,-0.16412119215904236,0.25711340135747773,0.003137107717286583,-0.5667564867385811,0.5053142276705888,257,105.64,38,53.381395011121,2641,True,True,proven_optimal,,64,0.7,,False,0.5,25,5,0.1,0.1-pilot,high,-0.5,C,negative,1,-0.5,greedy_token_aware,9,0.0226272075997891,0.16448240058716845,5.921366421138065,2.7279632651692785,0.5996360327570519,2.135826623055472,full_corpus,heuristic_no_guarantee,no_candidate_fits_budget,643,659,1099,True
synthetic_factorial,medium,1.0,2641,False,,,,,-0.5747327299475349,,,-0.5,,25,0.001821678898447775,-0.5920549295539632,0.3931873779589222,0.21419893325364764,0.06400767122378753,0.09138007321165943,0.8064293145652528,0.1551789721612778,-0.16412119215904236,0.25711340135747773,0.003137107717286583,-0.5667564867385811,0.5053142276705888,257,105.64,38,53.381395011121,2641,True,True,proven_optimal,,64,0.7,,False,0.5,25,5,0.1,0.1-pilot,high,-0.5,C,negative,1,-0.5,ilp,9,0.0,0.1583619781017327,5.701031211662377,2.755376375816958,0.5996360327570519,2.1852732546507205,full_corpus,proven_optimal,n/a,659,659,1099,True
synthetic_factorial,loose,0.6668689320388349,2641,False,,,,,-0.5747327299475349,,,-0.5,,25,0.001821678898447775,-0.5920549295539632,0.3931873779589222,0.21419893325364764,0.06400767122378753,0.09138007321165943,0.8064293145652528,0.1551789721612778,-0.16412119215904236,0.25711340135747773,0.003137107717286583,-0.5667564867385811,0.5053142276705888,257,105.64,38,53.381395011121,2641,True,True,proven_optimal,,64,0.7,,False,0.5,25,5,0.1,0.1-pilot,high,-0.5,C,negative,1,-0.5,top_k,13,0.0,0.15778441890394468,12.307184674507685,3.616696378699637,1.499545040946315,2.385977911248869,full_corpus,heuristic_no_guarantee,no_positive_marginal_gain,1099,1648,1099,True
synthetic_factorial,loose,0.7445388349514563,2641,False,,,,,-0.5747327299475349,,,-0.5,,25,0.001821678898447775,-0.5920549295539632,0.3931873779589222,0.21419893325364764,0.06400767122378753,0.09138007321165943,0.8064293145652528,0.1551789721612778,-0.16412119215904236,0.25711340135747773,0.003137107717286583,-0.5667564867385811,0.5053142276705888,257,105.64,38,53.381395011121,2641,True,True,proven_optimal,,64,0.7,,False,0.5,25,5,0.1,0.1-pilot,high,-0.5,C,negative,1,-0.5,mmr,14,0.01395406753405825,0.15806396680237977,14.383820979016559,3.791065912242187,1.499545040946315,2.352683814340531,full_corpus,heuristic_no_guarantee,no_positive_marginal_gain,1227,1648,1099,True
synthetic_factorial,loose,0.6668689320388349,2641,False,,,,,-0.5747327299475349,,,-0.5,,25,0.001821678898447775,-0.5920549295539632,0.3931873779589222,0.21419893325364764,0.06400767122378753,0.09138007321165943,0.8064293145652528,0.1551789721612778,-0.16412119215904236,0.25711340135747773,0.003137107717286583,-0.5667564867385811,0.5053142276705888,257,105.64,38,53.381395011121,2641,True,True,proven_optimal,,64,0.7,,False,0.5,25,5,0.1,0.1-pilot,high,-0.5,C,negative,1,-0.5,greedy_objective,13,0.0,0.15778441890394465,12.307184674507683,3.616696378699637,1.499545040946315,2.385977911248869,full_corpus,heuristic_no_guarantee,no_positive_marginal_gain,1099,1648,1099,True
synthetic_factorial,loose,0.6668689320388349,2641,False,,,,,-0.5747327299475349,,,-0.5,,25,0.001821678898447775,-0.5920549295539632,0.3931873779589222,0.21419893325364764,0.06400767122378753,0.09138007321165943,0.8064293145652528,0.1551789721612778,-0.16412119215904236,0.25711340135747773,0.003137107717286583,-0.5667564867385811,0.5053142276705888,257,105.64,38,53.381395011121,2641,True,True,proven_optimal,,64,0.7,,False,0.5,25,5,0.1,0.1-pilot,high,-0.5,C,negative,1,-0.5,greedy_token_aware,13,0.0,0.15778441890394465,12.307184674507683,3.616696378699637,1.499545040946315,2.385977911248869,full_corpus,heuristic_no_guarantee,no_positive_marginal_gain,1099,1648,1099,True
synthetic_factorial,loose,0.6668689320388349,2641,False,,,,,-0.5747327299475349,,,-0.5,,25,0.001821678898447775,-0.5920549295539632,0.3931873779589222,0.21419893325364764,0.06400767122378753,0.09138007321165943,0.8064293145652528,0.1551789721612778,-0.16412119215904236,0.25711340135747773,0.003137107717286583,-0.5667564867385811,0.5053142276705888,257,105.64,38,53.381395011121,2641,True,True,proven_optimal,,64,0.7,,False,0.5,25,5,0.1,0.1-pilot,high,-0.5,C,negative,1,-0.5,ilp,13,0.0,0.15778441890394465,12.307184674507683,3.616696378699637,1.499545040946315,2.385977911248869,full_corpus,proven_optimal,n/a,1099,1648,1099,True
synthetic_factorial,tight,0.9923273657289002,3825,True,722,"[4, 15, 16, 17]","[722, 270, 462, 384]",1605,0.28712726735361843,,,,,25,0.0002485615502894402,0.6699739998645715,0.3931873779589222,0.21419893325364764,0.06400767122378753,0.09138007321165943,0.43927450769081167,0.0692591074327479,-0.27951440477790535,0.1190211673853651,0.09820812529320977,0.3382070277279109,1.026391807724982,722,153.0,32,157.03794658192226,3825,True,True,proven_optimal,,64,0.15,,True,0.5,25,5,0.1,0.1-pilot,low,0.0,D,adversarial_mismatch,1,,top_k,2,0.641095155337971,0.11736683306135895,0.11736683306135895,0.6977579965980988,0.24992010226909556,0.6860213132919629,full_corpus,heuristic_no_guarantee,no_candidate_fits_budget,776,782,3129,True
synthetic_factorial,tight,0.9731457800511509,3825,True,722,"[4, 15, 16, 17]","[722, 270, 462, 384]",1605,0.28712726735361843,,,,,25,0.0002485615502894402,0.6699739998645715,0.3931873779589222,0.21419893325364764,0.06400767122378753,0.09138007321165943,0.43927450769081167,0.0692591074327479,-0.27951440477790535,0.1190211673853651,0.09820812529320977,0.3382070277279109,1.026391807724982,722,153.0,32,157.03794658192226,3825,True,True,proven_optimal,,64,0.15,,True,0.5,25,5,0.1,0.1-pilot,low,0.0,D,adversarial_mismatch,1,,mmr,2,0.6906351390361827,0.0,0.0,0.5913291262608493,0.24992010226909556,0.5913291262608493,full_corpus,heuristic_no_guarantee,no_candidate_fits_budget,761,782,3129,True
synthetic_factorial,tight,0.9923273657289002,3825,True,722,"[4, 15, 16, 17]","[722, 270, 462, 384]",1605,0.28712726735361843,,,,,25,0.0002485615502894402,0.6699739998645715,0.3931873779589222,0.21419893325364764,0.06400767122378753,0.09138007321165943,0.43927450769081167,0.0692591074327479,-0.27951440477790535,0.1190211673853651,0.09820812529320977,0.3382070277279109,1.026391807724982,722,153.0,32,157.03794658192226,3825,True,True,proven_optimal,,64,0.15,,True,0.5,25,5,0.1,0.1-pilot,low,0.0,D,adversarial_mismatch,1,,greedy_objective,2,0.641095155337971,0.11736683306135895,0.11736683306135895,0.6977579965980988,0.24992010226909556,0.6860213132919629,full_corpus,heuristic_no_guarantee,no_candidate_fits_budget,776,782,3129,True
synthetic_factorial,tight,0.9462915601023018,3825,True,722,"[4, 15, 16, 17]","[722, 270, 462, 384]",1605,0.28712726735361843,,,,,25,0.0002485615502894402,0.6699739998645715,0.3931873779589222,0.21419893325364764,0.06400767122378753,0.09138007321165943,0.43927450769081167,0.0692591074327479,-0.27951440477790535,0.1190211673853651,0.09820812529320977,0.3382070277279109,1.026391807724982,722,153.0,32,157.03794658192226,3825,True,True,proven_optimal,,64,0.15,,True,0.5,25,5,0.1,0.1-pilot,low,0.0,D,adversarial_mismatch,1,,greedy_token_aware,10,0.0025113824463114187,0.07466563010350889,3.3599533546579003,2.2426245202915096,0.24992010226909556,1.9066291848257195,full_corpus,heuristic_no_guarantee,no_candidate_fits_budget,740,782,3129,True
synthetic_factorial,tight,0.9757033248081841,3825,True,722,"[4, 15, 16, 17]","[722, 270, 462, 384]",1605,0.28712726735361843,,,,,25,0.0002485615502894402,0.6699739998645715,0.3931873779589222,0.21419893325364764,0.06400767122378753,0.09138007321165943,0.43927450769081167,0.0692591074327479,-0.27951440477790535,0.1190211673853651,0.09820812529320977,0.3382070277279109,1.026391807724982,722,153.0,32,157.03794658192226,3825,True,True,proven_optimal,,64,0.15,,True,0.5,25,5,0.1,0.1-pilot,low,0.0,D,adversarial_mismatch,1,,ilp,10,0.0,0.07228354928682557,3.2527597179071503,2.236705487148666,0.24992010226909556,1.911429515357951,full_corpus,proven_optimal,n/a,763,782,3129,True
synthetic_factorial,medium,1.0,3825,True,722,"[4, 15, 16, 17]","[722, 270, 462, 384]",1605,0.28712726735361843,,,,,25,0.0002485615502894402,0.6699739998645715,0.3931873779589222,0.21419893325364764,0.06400767122378753,0.09138007321165943,0.43927450769081167,0.0692591074327479,-0.27951440477790535,0.1190211673853651,0.09820812529320977,0.3382070277279109,1.026391807724982,722,153.0,32,157.03794658192226,3825,True,True,proven_optimal,,64,0.15,,True,0.5,25,5,0.1,0.1-pilot,low,0.0,D,adversarial_mismatch,1,,top_k,5,0.4255179337569344,0.13357607366891971,1.3357607366891973,1.7037138450065503,0.5998721636305528,1.5701377713376306,full_corpus,heuristic_no_guarantee,no_candidate_fits_budget,1877,1877,3129,True
synthetic_factorial,medium,0.9936068193926478,3825,True,722,"[4, 15, 16, 17]","[722, 270, 462, 384]",1605,0.28712726735361843,,,,,25,0.0002485615502894402,0.6699739998645715,0.3931873779589222,0.21419893325364764,0.06400767122378753,0.09138007321165943,0.43927450769081167,0.0692591074327479,-0.27951440477790535,0.1190211673853651,0.09820812529320977,0.3382070277279109,1.026391807724982,722,153.0,32,157.03794658192226,3825,True,True,proven_optimal,,64,0.15,,True,0.5,25,5,0.1,0.1-pilot,low,0.0,D,adversarial_mismatch,1,,mmr,8,0.2454215562807444,0.07755316829920471,2.171488712377732,2.279514583833368,0.5998721636305528,2.0623657125955948,full_corpus,heuristic_no_guarantee,no_candidate_fits_budget,1865,1877,3129,True
synthetic_factorial,medium,1.0,3825,True,722,"[4, 15, 16, 17]","[722, 270, 462, 384]",1605,0.28712726735361843,,,,,25,0.0002485615502894402,0.6699739998645715,0.3931873779589222,0.21419893325364764,0.06400767122378753,0.09138007321165943,0.43927450769081167,0.0692591074327479,-0.27951440477790535,0.1190211673853651,0.09820812529320977,0.3382070277279109,1.026391807724982,722,153.0,32,157.03794658192226,3825,True,True,proven_optimal,,64,0.15,,True,0.5,25,5,0.1,0.1-pilot,low,0.0,D,adversarial_mismatch,1,,greedy_objective,5,0.4255179337569344,0.13357607366891971,1.3357607366891973,1.7037138450065503,0.5998721636305528,1.5701377713376306,full_corpus,heuristic_no_guarantee,no_candidate_fits_budget,1877,1877,3129,True
synthetic_factorial,medium,0.986680873734683,3825,True,722,"[4, 15, 16, 17]","[722, 270, 462, 384]",1605,0.28712726735361843,,,,,25,0.0002485615502894402,0.6699739998645715,0.3931873779589222,0.21419893325364764,0.06400767122378753,0.09138007321165943,0.43927450769081167,0.0692591074327479,-0.27951440477790535,0.1190211673853651,0.09820812529320977,0.3382070277279109,1.026391807724982,722,153.0,32,157.03794658192226,3825,True,True,proven_optimal,,64,0.15,,True,0.5,25,5,0.1,0.1-pilot,low,0.0,D,adversarial_mismatch,1,,greedy_token_aware,16,-1.6248337663616079e-16,0.0801892172424318,9.622706069091816,3.6954068762549674,0.5998721636305528,2.7331362693457857,full_corpus,heuristic_no_guarantee,no_candidate_fits_budget,1852,1877,3129,True
synthetic_factorial,medium,0.986680873734683,3825,True,722,"[4, 15, 16, 17]","[722, 270, 462, 384]",1605,0.28712726735361843,,,,,25,0.0002485615502894402,0.6699739998645715,0.3931873779589222,0.21419893325364764,0.06400767122378753,0.09138007321165943,0.43927450769081167,0.0692591074327479,-0.27951440477790535,0.1190211673853651,0.09820812529320977,0.3382070277279109,1.026391807724982,722,153.0,32,157.03794658192226,3825,True,True,proven_optimal,,64,0.15,,True,0.5,25,5,0.1,0.1-pilot,low,0.0,D,adversarial_mismatch,1,,ilp,16,0.0,0.0801892172424318,9.622706069091816,3.695406876254967,0.5998721636305528,2.7331362693457852,full_corpus,proven_optimal,n/a,1852,1877,3129,True
synthetic_factorial,loose,0.6734128674904133,3825,True,722,"[4, 15, 16, 17]","[722, 270, 462, 384]",1605,0.28712726735361843,,,,,25,0.0002485615502894402,0.6699739998645715,0.3931873779589222,0.21419893325364764,0.06400767122378753,0.09138007321165943,0.43927450769081167,0.0692591074327479,-0.27951440477790535,0.1190211673853651,0.09820812529320977,0.3382070277279109,1.026391807724982,722,153.0,32,157.03794658192226,3825,True,True,proven_optimal,,64,0.15,,True,0.5,25,5,0.1,0.1-pilot,low,0.0,D,adversarial_mismatch,1,,top_k,19,0.00014476428421723235,0.08735078946910894,14.93698499921763,4.64632505297488,1.5001597954618089,3.152626553053117,full_corpus,heuristic_no_guarantee,no_positive_marginal_gain,3161,4694,3129,True
synthetic_factorial,loose,0.6927993182786536,3825,True,722,"[4, 15, 16, 17]","[722, 270, 462, 384]",1605,0.28712726735361843,,,,,25,0.0002485615502894402,0.6699739998645715,0.3931873779589222,0.21419893325364764,0.06400767122378753,0.09138007321165943,0.43927450769081167,0.0692591074327479,-0.27951440477790535,0.1190211673853651,0.09820812529320977,0.3382070277279109,1.026391807724982,722,153.0,32,157.03794658192226,3825,True,True,proven_optimal,,64,0.15,,True,0.5,25,5,0.1,0.1-pilot,low,0.0,D,adversarial_mismatch,1,,mmr,20,0.00560742899122807,0.0875156854797446,16.627980241151473,4.798200341908427,1.5001597954618089,3.1354023177932797,full_corpus,heuristic_no_guarantee,no_positive_marginal_gain,3252,4694,3129,True
synthetic_factorial,loose,0.6665956540264167,3825,True,722,"[4, 15, 16, 17]","[722, 270, 462, 384]",1605,0.28712726735361843,,,,,25,0.0002485615502894402,0.6699739998645715,0.3931873779589222,0.21419893325364764,0.06400767122378753,0.09138007321165943,0.43927450769081167,0.0692591074327479,-0.27951440477790535,0.1190211673853651,0.09820812529320977,0.3382070277279109,1.026391807724982,722,153.0,32,157.03794658192226,3825,True,True,proven_optimal,,64,0.15,,True,0.5,25,5,0.1,0.1-pilot,low,0.0,D,adversarial_mismatch,1,,greedy_objective,18,0.0,0.08676809866259919,13.275519095377675,4.4806349163954495,1.5001597954618089,3.153083006857682,full_corpus,heuristic_no_guarantee,no_positive_marginal_gain,3129,4694,3129,True
synthetic_factorial,loose,0.6734128674904133,3825,True,722,"[4, 15, 16, 17]","[722, 270, 462, 384]",1605,0.28712726735361843,,,,,25,0.0002485615502894402,0.6699739998645715,0.3931873779589222,0.21419893325364764,0.06400767122378753,0.09138007321165943,0.43927450769081167,0.0692591074327479,-0.27951440477790535,0.1190211673853651,0.09820812529320977,0.3382070277279109,1.026391807724982,722,153.0,32,157.03794658192226,3825,True,True,proven_optimal,,64,0.15,,True,0.5,25,5,0.1,0.1-pilot,low,0.0,D,adversarial_mismatch,1,,greedy_token_aware,19,0.0001447642842170915,0.08735078946910896,14.936984999217632,4.6463250529748805,1.5001597954618089,3.1526265530531172,full_corpus,heuristic_no_guarantee,no_positive_marginal_gain,3161,4694,3129,True
synthetic_factorial,loose,0.6665956540264167,3825,True,722,"[4, 15, 16, 17]","[722, 270, 462, 384]",1605,0.28712726735361843,,,,,25,0.0002485615502894402,0.6699739998645715,0.3931873779589222,0.21419893325364764,0.06400767122378753,0.09138007321165943,0.43927450769081167,0.0692591074327479,-0.27951440477790535,0.1190211673853651,0.09820812529320977,0.3382070277279109,1.026391807724982,722,153.0,32,157.03794658192226,3825,True,True,proven_optimal,,64,0.15,,True,0.5,25,5,0.1,0.1-pilot,low,0.0,D,adversarial_mismatch,1,,ilp,18,0.0,0.08676809866259919,13.275519095377675,4.4806349163954495,1.5001597954618089,3.153083006857682,full_corpus,proven_optimal,n/a,3129,4694,3129,True
synthetic_factorial,tight,0.9852700490998363,3612,True,509,"[4, 15, 16, 17]","[509, 270, 462, 384]",1132,0.2948868687461442,,,,,25,0.00015184103559772873,0.6863226768063843,0.3931873779589222,0.21419893325364764,0.06400767122378753,0.09138007321165943,0.8064293145652528,0.1551789721612778,-0.16412119215904236,0.25711340135747773,0.09820812529320977,0.3382070277279109,0.8857174671633117,509,144.48,32,127.96845965575527,3612,True,True,proven_optimal,,64,0.7,,True,0.5,25,5,0.1,0.1-pilot,high,0.0,D,adversarial_mismatch,1,,top_k,3,0.4262322025156194,0.11113534730368448,0.33340604191105344,0.8958997449000259,0.25010233319688907,0.8625591407089206,full_corpus,heuristic_no_guarantee,no_candidate_fits_budget,602,611,2443,True
synthetic_factorial,tight,0.9901800327332242,3612,True,509,"[4, 15, 16, 17]","[509, 270, 462, 384]",1132,0.2948868687461442,,,,,25,0.00015184103559772873,0.6863226768063843,0.3931873779589222,0.21419893325364764,0.06400767122378753,0.09138007321165943,0.8064293145652528,0.1551789721612778,-0.16412119215904236,0.25711340135747773,0.09820812529320977,0.3382070277279109,0.8857174671633117,509,144.48,32,127.96845965575527,3612,True,True,proven_optimal,,64,0.7,,True,0.5,25,5,0.1,0.1-pilot,high,0.0,D,adversarial_mismatch,1,,mmr,3,0.4933731726803597,0.28625371485580464,0.8587611445674139,0.8475005952116268,0.25010233319688907,0.7616244807548854,full_corpus,heuristic_no_guarantee,no_candidate_fits_budget,605,611,2443,True
synthetic_factorial,tight,0.9852700490998363,3612,True,509,"[4, 15, 16, 17]","[509, 270, 462, 384]",1132,0.2948868687461442,,,,,25,0.00015184103559772873,0.6863226768063843,0.3931873779589222,0.21419893325364764,0.06400767122378753,0.09138007321165943,0.8064293145652528,0.1551789721612778,-0.16412119215904236,0.25711340135747773,0.09820812529320977,0.3382070277279109,0.8857174671633117,509,144.48,32,127.96845965575527,3612,True,True,proven_optimal,,64,0.7,,True,0.5,25,5,0.1,0.1-pilot,high,0.0,D,adversarial_mismatch,1,,greedy_objective,3,0.4262322025156194,0.11113534730368448,0.33340604191105344,0.8958997449000259,0.25010233319688907,0.8625591407089206,full_corpus,heuristic_no_guarantee,no_candidate_fits_budget,602,611,2443,True
synthetic_factorial,tight,0.9967266775777414,3612,True,509,"[4, 15, 16, 17]","[509, 270, 462, 384]",1132,0.2948868687461442,,,,,25,0.00015184103559772873,0.6863226768063843,0.3931873779589222,0.21419893325364764,0.06400767122378753,0.09138007321165943,0.8064293145652528,0.1551789721612778,-0.16412119215904236,0.25711340135747773,0.09820812529320977,0.3382070277279109,0.8857174671633117,509,144.48,32,127.96845965575527,3612,True,True,proven_optimal,,64,0.7,,True,0.5,25,5,0.1,0.1-pilot,high,0.0,D,adversarial_mismatch,1,,greedy_token_aware,9,0.015440415483402125,0.1396873053079534,5.028742991086323,1.9829867643267363,0.25010233319688907,1.4801124652181041,full_corpus,heuristic_no_guarantee,no_candidate_fits_budget,609,611,2443,True
synthetic_factorial,tight,0.9443535188216039,3612,True,509,"[4, 15, 16, 17]","[509, 270, 462, 384]",1132,0.2948868687461442,,,,,25,0.00015184103559772873,0.6863226768063843,0.3931873779589222,0.21419893325364764,0.06400767122378753,0.09138007321165943,0.8064293145652528,0.1551789721612778,-0.16412119215904236,0.25711340135747773,0.09820812529320977,0.3382070277279109,0.8857174671633117,509,144.48,32,127.96845965575527,3612,True,True,proven_optimal,,64,0.7,,True,0.5,25,5,0.1,0.1-pilot,high,0.0,D,adversarial_mismatch,1,,ilp,8,0.0,0.11213293174849634,3.1397220889578974,1.8172966277473053,0.25010233319688907,1.5033244188515156,full_corpus,proven_optimal,n/a,577,611,2443,True
synthetic_factorial,medium,0.9897680763983628,3612,True,509,"[4, 15, 16, 17]","[509, 270, 462, 384]",1132,0.2948868687461442,,,,,25,0.00015184103559772873,0.6863226768063843,0.3931873779589222,0.21419893325364764,0.06400767122378753,0.09138007321165943,0.8064293145652528,0.1551789721612778,-0.16412119215904236,0.25711340135747773,0.09820812529320977,0.3382070277279109,0.8857174671633117,509,144.48,32,127.96845965575527,3612,True,True,proven_optimal,,64,0.7,,True,0.5,25,5,0.1,0.1-pilot,high,0.0,D,adversarial_mismatch,1,,top_k,6,0.15941690968572633,0.1837163760857306,2.755745641285959,1.9904015187203965,0.6000818665575113,1.7148269545918007,full_corpus,heuristic_no_guarantee,no_candidate_fits_budget,1451,1466,2443,True
synthetic_factorial,medium,0.990450204638472,3612,True,509,"[4, 15, 16, 17]","[509, 270, 462, 384]",1132,0.2948868687461442,,,,,25,0.00015184103559772873,0.6863226768063843,0.3931873779589222,0.21419893325364764,0.06400767122378753,0.09138007321165943,0.8064293145652528,0.1551789721612778,-0.16412119215904236,0.25711340135747773,0.09820812529320977,0.3382070277279109,0.8857174671633117,509,144.48,32,127.96845965575527,3612,True,True,proven_optimal,,64,0.7,,True,0.5,25,5,0.1,0.1-pilot,high,0.0,D,adversarial_mismatch,1,,mmr,6,0.17137215541908613,0.10996422395931173,1.649463359389676,1.8553840565947524,0.6000818665575113,1.6904377206557848,full_corpus,heuristic_no_guarantee,no_candidate_fits_budget,1452,1466,2443,True
synthetic_factorial,medium,0.9870395634379263,3612,True,509,"[4, 15, 16, 17]","[509, 270, 462, 384]",1132,0.2948868687461442,,,,,25,0.00015184103559772873,0.6863226768063843,0.3931873779589222,0.21419893325364764,0.06400767122378753,0.09138007321165943,0.8064293145652528,0.1551789721612778,-0.16412119215904236,0.25711340135747773,0.09820812529320977,0.3382070277279109,0.8857174671633117,509,144.48,32,127.96845965575527,3612,True,True,proven_optimal,,64,0.7,,True,0.5,25,5,0.1,0.1-pilot,high,0.0,D,adversarial_mismatch,1,,greedy_objective,6,0.15209263855607866,0.13910023445710917,2.0865035168566375,1.93841914569891,0.6000818665575113,1.7297687940132462,full_corpus,heuristic_no_guarantee,no_candidate_fits_budget,1447,1466,2443,True
synthetic_factorial,medium,0.9522510231923602,3612,True,509,"[4, 15, 16, 17]","[509, 270, 462, 384]",1132,0.2948868687461442,,,,,25,0.00015184103559772873,0.6863226768063843,0.3931873779589222,0.21419893325364764,0.06400767122378753,0.09138007321165943,0.8064293145652528,0.1551789721612778,-0.16412119215904236,0.25711340135747773,0.09820812529320977,0.3382070277279109,0.8857174671633117,509,144.48,32,127.96845965575527,3612,True,True,proven_optimal,,64,0.7,,True,0.5,25,5,0.1,0.1-pilot,high,0.0,D,adversarial_mismatch,1,,greedy_token_aware,12,0.04580310931797671,0.14813412930677622,9.776852534247231,2.924289422582412,0.6000818665575113,1.946604169157689,full_corpus,heuristic_no_guarantee,no_positive_marginal_gain,1396,1466,2443,True
synthetic_factorial,medium,0.9870395634379263,3612,True,509,"[4, 15, 16, 17]","[509, 270, 462, 384]",1132,0.2948868687461442,,,,,25,0.00015184103559772873,0.6863226768063843,0.3931873779589222,0.21419893325364764,0.06400767122378753,0.09138007321165943,0.8064293145652528,0.1551789721612778,-0.16412119215904236,0.25711340135747773,0.09820812529320977,0.3382070277279109,0.8857174671633117,509,144.48,32,127.96845965575527,3612,True,True,proven_optimal,,64,0.7,,True,0.5,25,5,0.1,0.1-pilot,high,0.0,D,adversarial_mismatch,1,,ilp,11,0.0,0.14246467259478884,7.835556992713386,2.823600252095579,0.6000818665575113,2.0400445528242406,full_corpus,proven_optimal,n/a,1447,1466,2443,True
synthetic_factorial,loose,0.6667576419213974,3612,True,509,"[4, 15, 16, 17]","[509, 270, 462, 384]",1132,0.2948868687461442,,,,,25,0.00015184103559772873,0.6863226768063843,0.3931873779589222,0.21419893325364764,0.06400767122378753,0.09138007321165943,0.8064293145652528,0.1551789721612778,-0.16412119215904236,0.25711340135747773,0.09820812529320977,0.3382070277279109,0.8857174671633117,509,144.48,32,127.96845965575527,3612,True,True,proven_optimal,,64,0.7,,True,0.5,25,5,0.1,0.1-pilot,high,0.0,D,adversarial_mismatch,1,,top_k,13,0.0,0.15778441890394468,12.307184674507685,3.616696378699637,1.4997953336062217,2.385977911248869,full_corpus,heuristic_no_guarantee,no_positive_marginal_gain,2443,3664,2443,True
synthetic_factorial,loose,0.6970524017467249,3612,True,509,"[4, 15, 16, 17]","[509, 270, 462, 384]",1132,0.2948868687461442,,,,,25,0.00015184103559772873,0.6863226768063843,0.3931873779589222,0.21419893325364764,0.06400767122378753,0.09138007321165943,0.8064293145652528,0.1551789721612778,-0.16412119215904236,0.25711340135747773,0.09820812529320977,0.3382070277279109,0.8857174671633117,509,144.48,32,127.96845965575527,3612,True,True,proven_optimal,,64,0.7,,True,0.5,25,5,0.1,0.1-pilot,high,0.0,D,adversarial_mismatch,1,,mmr,14,0.01395406753405825,0.15806396680237977,14.383820979016559,3.791065912242187,1.4997953336062217,2.352683814340531,full_corpus,heuristic_no_guarantee,no_positive_marginal_gain,2554,3664,2443,True
synthetic_factorial,loose,0.6667576419213974,3612,True,509,"[4, 15, 16, 17]","[509, 270, 462, 384]",1132,0.2948868687461442,,,,,25,0.00015184103559772873,0.6863226768063843,0.3931873779589222,0.21419893325364764,0.06400767122378753,0.09138007321165943,0.8064293145652528,0.1551789721612778,-0.16412119215904236,0.25711340135747773,0.09820812529320977,0.3382070277279109,0.8857174671633117,509,144.48,32,127.96845965575527,3612,True,True,proven_optimal,,64,0.7,,True,0.5,25,5,0.1,0.1-pilot,high,0.0,D,adversarial_mismatch,1,,greedy_objective,13,0.0,0.15778441890394465,12.307184674507683,3.616696378699637,1.4997953336062217,2.385977911248869,full_corpus,heuristic_no_guarantee,no_positive_marginal_gain,2443,3664,2443,True
synthetic_factorial,loose,0.6850436681222707,3612,True,509,"[4, 15, 16, 17]","[509, 270, 462, 384]",1132,0.2948868687461442,,,,,25,0.00015184103559772873,0.6863226768063843,0.3931873779589222,0.21419893325364764,0.06400767122378753,0.09138007321165943,0.8064293145652528,0.1551789721612778,-0.16412119215904236,0.25711340135747773,0.09820812529320977,0.3382070277279109,0.8857174671633117,509,144.48,32,127.96845965575527,3612,True,True,proven_optimal,,64,0.7,,True,0.5,25,5,0.1,0.1-pilot,high,0.0,D,adversarial_mismatch,1,,greedy_token_aware,15,0.06778766800296204,0.16231503407816933,17.04307857820778,3.9285458905595076,1.4997953336062217,2.2242380327387297,full_corpus,heuristic_no_guarantee,no_positive_marginal_gain,2510,3664,2443,True
synthetic_factorial,loose,0.6667576419213974,3612,True,509,"[4, 15, 16, 17]","[509, 270, 462, 384]",1132,0.2948868687461442,,,,,25,0.00015184103559772873,0.6863226768063843,0.3931873779589222,0.21419893325364764,0.06400767122378753,0.09138007321165943,0.8064293145652528,0.1551789721612778,-0.16412119215904236,0.25711340135747773,0.09820812529320977,0.3382070277279109,0.8857174671633117,509,144.48,32,127.96845965575527,3612,True,True,proven_optimal,,64,0.7,,True,0.5,25,5,0.1,0.1-pilot,high,0.0,D,adversarial_mismatch,1,,ilp,13,0.0,0.15778441890394465,12.307184674507683,3.616696378699637,1.4997953336062217,2.385977911248869,full_corpus,proven_optimal,n/a,2443,3664,2443,True
synthetic_factorial,tight,0.966824644549763,2182,False,,,,,0.01242400214861706,,,0.0,,25,0.8271627678069695,0.04600037591847842,0.45615175634056193,0.25920205928809975,0.08640247438318971,0.10191205515451497,0.4583189844474463,0.08363501519061785,-0.2834487785753492,0.13690597443916538,0.8867801795795353,0.03000577089550399,0.5430837719538963,224,87.28,30,47.40035161613607,2182,True,True,proven_optimal,,64,0.15,,False,0.5,25,5,0.1,0.1-pilot,low,0.0,A,independent,2,0.0,top_k,5,0.1814624344313903,0.1426102696032617,1.426102696032617,2.0277967231206584,0.25014819205690575,1.8851864535173968,full_corpus,heuristic_no_guarantee,no_candidate_fits_budget,408,422,1687,True
synthetic_factorial,tight,0.966824644549763,2182,False,,,,,0.01242400214861706,,,0.0,,25,0.8271627678069695,0.04600037591847842,0.45615175634056193,0.25920205928809975,0.08640247438318971,0.10191205515451497,0.4583189844474463,0.08363501519061785,-0.2834487785753492,0.13690597443916538,0.8867801795795353,0.03000577089550399,0.5430837719538963,224,87.28,30,47.40035161613607,2182,True,True,proven_optimal,,64,0.15,,False,0.5,25,5,0.1,0.1-pilot,low,0.0,A,independent,2,0.0,mmr,5,0.1814624344313903,0.1426102696032617,1.426102696032617,2.0277967231206584,0.25014819205690575,1.8851864535173968,full_corpus,heuristic_no_guarantee,no_candidate_fits_budget,408,422,1687,True
synthetic_factorial,tight,0.966824644549763,2182,False,,,,,0.01242400214861706,,,0.0,,25,0.8271627678069695,0.04600037591847842,0.45615175634056193,0.25920205928809975,0.08640247438318971,0.10191205515451497,0.4583189844474463,0.08363501519061785,-0.2834487785753492,0.13690597443916538,0.8867801795795353,0.03000577089550399,0.5430837719538963,224,87.28,30,47.40035161613607,2182,True,True,proven_optimal,,64,0.15,,False,0.5,25,5,0.1,0.1-pilot,low,0.0,A,independent,2,0.0,greedy_objective,5,0.1814624344313903,0.1426102696032617,1.426102696032617,2.0277967231206584,0.25014819205690575,1.8851864535173968,full_corpus,heuristic_no_guarantee,no_candidate_fits_budget,408,422,1687,True
synthetic_factorial,tight,0.9834123222748815,2182,False,,,,,0.01242400214861706,,,0.0,,25,0.8271627678069695,0.04600037591847842,0.45615175634056193,0.25920205928809975,0.08640247438318971,0.10191205515451497,0.4583189844474463,0.08363501519061785,-0.2834487785753492,0.13690597443916538,0.8867801795795353,0.03000577089550399,0.5430837719538963,224,87.28,30,47.40035161613607,2182,True,True,proven_optimal,,64,0.15,,False,0.5,25,5,0.1,0.1-pilot,low,0.0,A,independent,2,0.0,greedy_token_aware,8,0.0019948397911173227,0.12678279462290995,3.549918249441479,2.653512855263976,0.25014819205690575,2.2985210303198285,full_corpus,heuristic_no_guarantee,no_candidate_fits_budget,415,422,1687,True
synthetic_factorial,tight,0.9976303317535545,2182,False,,,,,0.01242400214861706,,,0.0,,25,0.8271627678069695,0.04600037591847842,0.45615175634056193,0.25920205928809975,0.08640247438318971,0.10191205515451497,0.4583189844474463,0.08363501519061785,-0.2834487785753492,0.13690597443916538,0.8867801795795353,0.03000577089550399,0.5430837719538963,224,87.28,30,47.40035161613607,2182,True,True,proven_optimal,,64,0.15,,False,0.5,25,5,0.1,0.1-pilot,low,0.0,A,independent,2,0.0,ilp,8,0.0,0.11124365241874992,3.114822267724998,2.6145976032889373,0.25014819205690575,2.3031153765164376,full_corpus,proven_optimal,n/a,421,422,1687,True
synthetic_factorial,medium,0.9693675889328063,2182,False,,,,,0.01242400214861706,,,0.0,,25,0.8271627678069695,0.04600037591847842,0.45615175634056193,0.25920205928809975,0.08640247438318971,0.10191205515451497,0.4583189844474463,0.08363501519061785,-0.2834487785753492,0.13690597443916538,0.8867801795795353,0.03000577089550399,0.5430837719538963,224,87.28,30,47.40035161613607,2182,True,True,proven_optimal,,64,0.15,,False,0.5,25,5,0.1,0.1-pilot,low,0.0,A,independent,2,0.0,top_k,11,0.056511209501341496,0.14007188466434847,7.703953656539166,3.91157873275298,0.5998814463544754,3.1411833670990634,full_corpus,heuristic_no_guarantee,no_candidate_fits_budget,981,1012,1687,True
synthetic_factorial,medium,0.9841897233201581,2182,False,,,,,0.01242400214861706,,,0.0,,25,0.8271627678069695,0.04600037591847842,0.45615175634056193,0.25920205928809975,0.08640247438318971,0.10191205515451497,0.4583189844474463,0.08363501519061785,-0.2834487785753492,0.13690597443916538,0.8867801795795353,0.03000577089550399,0.5430837719538963,224,87.28,30,47.40035161613607,2182,True,True,proven_optimal,,64,0.15,,False,0.5,25,5,0.1,0.1-pilot,low,0.0,A,independent,2,0.0,mmr,13,0.042502352910927334,0.11510715322549005,8.978357951588224,4.085659236583123,0.5998814463544754,3.1878234414243,full_corpus,heuristic_no_guarantee,no_candidate_fits_budget,996,1012,1687,True
synthetic_factorial,medium,0.9693675889328063,2182,False,,,,,0.01242400214861706,,,0.0,,25,0.8271627678069695,0.04600037591847842,0.45615175634056193,0.25920205928809975,0.08640247438318971,0.10191205515451497,0.4583189844474463,0.08363501519061785,-0.2834487785753492,0.13690597443916538,0.8867801795795353,0.03000577089550399,0.5430837719538963,224,87.28,30,47.40035161613607,2182,True,True,proven_optimal,,64,0.15,,False,0.5,25,5,0.1,0.1-pilot,low,0.0,A,independent,2,0.0,greedy_objective,11,0.056511209501341496,0.14007188466434847,7.703953656539166,3.91157873275298,0.5998814463544754,3.1411833670990634,full_corpus,heuristic_no_guarantee,no_candidate_fits_budget,981,1012,1687,True
synthetic_factorial,medium,0.9357707509881423,2182,False,,,,,0.01242400214861706,,,0.0,,25,0.8271627678069695,0.04600037591847842,0.45615175634056193,0.25920205928809975,0.08640247438318971,0.10191205515451497,0.4583189844474463,0.08363501519061785,-0.2834487785753492,0.13690597443916538,0.8867801795795353,0.03000577089550399,0.5430837719538963,224,87.28,30,47.40035161613607,2182,True,True,proven_optimal,,64,0.15,,False,0.5,25,5,0.1,0.1-pilot,low,0.0,A,independent,2,0.0,greedy_token_aware,14,0.005784014497185095,0.11166637377627123,10.161640013640682,4.326234824054872,0.5998814463544754,3.3100708226908035,full_corpus,heuristic_no_guarantee,no_positive_marginal_gain,947,1012,1687,True
synthetic_factorial,medium,0.9634387351778656,2182,False,,,,,0.01242400214861706,,,0.0,,25,0.8271627678069695,0.04600037591847842,0.45615175634056193,0.25920205928809975,0.08640247438318971,0.10191205515451497,0.4583189844474463,0.08363501519061785,-0.2834487785753492,0.13690597443916538,0.8867801795795353,0.03000577089550399,0.5430837719538963,224,87.28,30,47.40035161613607,2182,True,True,proven_optimal,,64,0.15,,False,0.5,25,5,0.1,0.1-pilot,low,0.0,A,independent,2,0.0,ilp,14,0.0,0.11812780841984628,10.749630566206012,4.404290759007893,0.5998814463544754,3.3293277023872916,full_corpus,proven_optimal,n/a,975,1012,1687,True
synthetic_factorial,loose,0.7177865612648221,2182,False,,,,,0.01242400214861706,,,0.0,,25,0.8271627678069695,0.04600037591847842,0.45615175634056193,0.25920205928809975,0.08640247438318971,0.10191205515451497,0.4583189844474463,0.08363501519061785,-0.2834487785753492,0.13690597443916538,0.8867801795795353,0.03000577089550399,0.5430837719538963,224,87.28,30,47.40035161613607,2182,True,True,proven_optimal,,64,0.15,,False,0.5,25,5,0.1,0.1-pilot,low,0.0,A,independent,2,0.0,top_k,20,0.017157375520591253,0.11843121483039652,22.50193081777534,5.827751518818224,1.4997036158861885,3.57755843704069,full_corpus,heuristic_no_guarantee,no_positive_marginal_gain,1816,2530,1687,True
synthetic_factorial,loose,0.6936758893280632,2182,False,,,,,0.01242400214861706,,,0.0,,25,0.8271627678069695,0.04600037591847842,0.45615175634056193,0.25920205928809975,0.08640247438318971,0.10191205515451497,0.4583189844474463,0.08363501519061785,-0.2834487785753492,0.13690597443916538,0.8867801795795353,0.03000577089550399,0.5430837719538963,224,87.28,30,47.40035161613607,2182,True,True,proven_optimal,,64,0.15,,False,0.5,25,5,0.1,0.1-pilot,low,0.0,A,independent,2,0.0,mmr,19,0.0025644337959953097,0.112567336874956,19.249014605617475,5.555578373020335,1.4997036158861885,3.6306769124585876,full_corpus,heuristic_no_guarantee,no_positive_marginal_gain,1755,2530,1687,True
synthetic_factorial,loose,0.666798418972332,2182,False,,,,,0.01242400214861706,,,0.0,,25,0.8271627678069695,0.04600037591847842,0.45615175634056193,0.25920205928809975,0.08640247438318971,0.10191205515451497,0.4583189844474463,0.08363501519061785,-0.2834487785753492,0.13690597443916538,0.8867801795795353,0.03000577089550399,0.5430837719538963,224,87.28,30,47.40035161613607,2182,True,True,proven_optimal,,64,0.15,,False,0.5,25,5,0.1,0.1-pilot,low,0.0,A,independent,2,0.0,greedy_objective,18,0.0,0.11397572183990769,17.438285441505876,5.383840025068652,1.4997036158861885,3.640011480918065,full_corpus,heuristic_no_guarantee,no_positive_marginal_gain,1687,2530,1687,True
synthetic_factorial,loose,0.6893280632411067,2182,False,,,,,0.01242400214861706,,,0.0,,25,0.8271627678069695,0.04600037591847842,0.45615175634056193,0.25920205928809975,0.08640247438318971,0.10191205515451497,0.4583189844474463,0.08363501519061785,-0.2834487785753492,0.13690597443916538,0.8867801795795353,0.03000577089550399,0.5430837719538963,224,87.28,30,47.40035161613607,2182,True,True,proven_optimal,,64,0.15,,False,0.5,25,5,0.1,0.1-pilot,low,0.0,A,independent,2,0.0,greedy_token_aware,19,8.29439069373329e-05,0.1149542763970898,19.657181263902356,5.605427690534777,1.4997036158861885,3.6397095641445407,full_corpus,heuristic_no_guarantee,no_positive_marginal_gain,1744,2530,1687,True
synthetic_factorial,loose,0.666798418972332,2182,False,,,,,0.01242400214861706,,,0.0,,25,0.8271627678069695,0.04600037591847842,0.45615175634056193,0.25920205928809975,0.08640247438318971,0.10191205515451497,0.4583189844474463,0.08363501519061785,-0.2834487785753492,0.13690597443916538,0.8867801795795353,0.03000577089550399,0.5430837719538963,224,87.28,30,47.40035161613607,2182,True,True,proven_optimal,,64,0.15,,False,0.5,25,5,0.1,0.1-pilot,low,0.0,A,independent,2,0.0,ilp,18,0.0,0.11397572183990769,17.438285441505876,5.383840025068652,1.4997036158861885,3.640011480918065,full_corpus,proven_optimal,n/a,1687,2530,1687,True
synthetic_factorial,tight,1.0,2182,False,,,,,0.01242400214861706,,,0.0,,25,0.8271627678069695,0.04600037591847842,0.45615175634056193,0.25920205928809975,0.08640247438318971,0.10191205515451497,0.8112924001372745,0.16537245553836907,-0.1623697704290685,0.25961101264307873,0.8867801795795353,0.03000577089550399,0.5430837719538963,224,87.28,30,47.40035161613607,2182,True,True,proven_optimal,,64,0.7,,False,0.5,25,5,0.1,0.1-pilot,high,0.0,A,independent,2,0.0,top_k,3,0.26159463769278074,0.16745472305959744,0.5023641691787923,1.260966217874706,0.24951267056530213,1.2107298009568268,full_corpus,heuristic_no_guarantee,no_candidate_fits_budget,256,256,1026,True
synthetic_factorial,tight,0.921875,2182,False,,,,,0.01242400214861706,,,0.0,,25,0.8271627678069695,0.04600037591847842,0.45615175634056193,0.25920205928809975,0.08640247438318971,0.10191205515451497,0.8112924001372745,0.16537245553836907,-0.1623697704290685,0.25961101264307873,0.8867801795795353,0.03000577089550399,0.5430837719538963,224,87.28,30,47.40035161613607,2182,True,True,proven_optimal,,64,0.7,,False,0.5,25,5,0.1,0.1-pilot,high,0.0,A,independent,2,0.0,mmr,4,0.12524103435907608,0.07204852894853885,0.43229117369123304,1.4775317408581847,0.24951267056530213,1.4343026234890615,full_corpus,heuristic_no_guarantee,no_candidate_fits_budget,236,256,1026,True
synthetic_factorial,tight,1.0,2182,False,,,,,0.01242400214861706,,,0.0,,25,0.8271627678069695,0.04600037591847842,0.45615175634056193,0.25920205928809975,0.08640247438318971,0.10191205515451497,0.8112924001372745,0.16537245553836907,-0.1623697704290685,0.25961101264307873,0.8867801795795353,0.03000577089550399,0.5430837719538963,224,87.28,30,47.40035161613607,2182,True,True,proven_optimal,,64,0.7,,False,0.5,25,5,0.1,0.1-pilot,high,0.0,A,independent,2,0.0,greedy_objective,3,0.26159463769278074,0.16745472305959744,0.5023641691787923,1.260966217874706,0.24951267056530213,1.2107298009568268,full_corpus,heuristic_no_guarantee,no_candidate_fits_budget,256,256,1026,True
synthetic_factorial,tight,0.98046875,2182,False,,,,,0.01242400214861706,,,0.0,,25,0.8271627678069695,0.04600037591847842,0.45615175634056193,0.25920205928809975,0.08640247438318971,0.10191205515451497,0.8112924001372745,0.16537245553836907,-0.1623697704290685,0.25961101264307873,0.8867801795795353,0.03000577089550399,0.5430837719538963,224,87.28,30,47.40035161613607,2182,True,True,proven_optimal,,64,0.7,,False,0.5,25,5,0.1,0.1-pilot,high,0.0,A,independent,2,0.0,greedy_token_aware,5,0.0,0.15480147302829034,1.5480147302829033,1.7944561434301736,0.24951267056530213,1.6396546704018833,full_corpus,heuristic_no_guarantee,no_candidate_fits_budget,251,256,1026,True
synthetic_factorial,tight,0.98046875,2182,False,,,,,0.01242400214861706,,,0.0,,25,0.8271627678069695,0.04600037591847842,0.45615175634056193,0.25920205928809975,0.08640247438318971,0.10191205515451497,0.8112924001372745,0.16537245553836907,-0.1623697704290685,0.25961101264307873,0.8867801795795353,0.03000577089550399,0.5430837719538963,224,87.28,30,47.40035161613607,2182,True,True,proven_optimal,,64,0.7,,False,0.5,25,5,0.1,0.1-pilot,high,0.0,A,independent,2,0.0,ilp,5,0.0,0.15480147302829034,1.5480147302829033,1.7944561434301736,0.24951267056530213,1.6396546704018833,full_corpus,proven_optimal,n/a,251,256,1026,True
synthetic_factorial,medium,0.9383116883116883,2182,False,,,,,0.01242400214861706,,,0.0,,25,0.8271627678069695,0.04600037591847842,0.45615175634056193,0.25920205928809975,0.08640247438318971,0.10191205515451497,0.8112924001372745,0.16537245553836907,-0.1623697704290685,0.25961101264307873,0.8867801795795353,0.03000577089550399,0.5430837719538963,224,87.28,30,47.40035161613607,2182,True,True,proven_optimal,,64,0.7,,False,0.5,25,5,0.1,0.1-pilot,high,0.0,A,independent,2,0.0,top_k,7,0.1272716559032174,0.23376155052312542,4.9089925609856335,2.728102410086112,0.6003898635477583,2.2372031539875485,full_corpus,heuristic_no_guarantee,no_candidate_fits_budget,578,616,1026,True
synthetic_factorial,medium,0.9983766233766234,2182,False,,,,,0.01242400214861706,,,0.0,,25,0.8271627678069695,0.04600037591847842,0.45615175634056193,0.25920205928809975,0.08640247438318971,0.10191205515451497,0.8112924001372745,0.16537245553836907,-0.1623697704290685,0.25961101264307873,0.8867801795795353,0.03000577089550399,0.5430837719538963,224,87.28,30,47.40035161613607,2182,True,True,proven_optimal,,64,0.7,,False,0.5,25,5,0.1,0.1-pilot,high,0.0,A,independent,2,0.0,mmr,7,0.2065798291188231,0.14832636674982158,3.114853701746253,2.34538528959315,0.6003898635477583,2.0338999194185248,full_corpus,heuristic_no_guarantee,no_candidate_fits_budget,615,616,1026,True
synthetic_factorial,medium,0.987012987012987,2182,False,,,,,0.01242400214861706,,,0.0,,25,0.8271627678069695,0.04600037591847842,0.45615175634056193,0.25920205928809975,0.08640247438318971,0.10191205515451497,0.8112924001372745,0.16537245553836907,-0.1623697704290685,0.25961101264307873,0.8867801795795353,0.03000577089550399,0.5430837719538963,224,87.28,30,47.40035161613607,2182,True,True,proven_optimal,,64,0.7,,False,0.5,25,5,0.1,0.1-pilot,high,0.0,A,independent,2,0.0,greedy_objective,9,0.009211555377957538,0.18106844518071485,6.518464026505734,3.191691760299503,0.6003898635477583,2.5398453576489297,full_corpus,heuristic_no_guarantee,no_candidate_fits_budget,608,616,1026,True
synthetic_factorial,medium,0.9659090909090909,2182,False,,,,,0.01242400214861706,,,0.0,,25,0.8271627678069695,0.04600037591847842,0.45615175634056193,0.25920205928809975,0.08640247438318971,0.10191205515451497,0.8112924001372745,0.16537245553836907,-0.1623697704290685,0.25961101264307873,0.8867801795795353,0.03000577089550399,0.5430837719538963,224,87.28,30,47.40035161613607,2182,True,True,proven_optimal,,64,0.7,,False,0.5,25,5,0.1,0.1-pilot,high,0.0,A,independent,2,0.0,greedy_token_aware,10,-1.7323828640814208e-16,0.16131348670226153,7.259106901601769,3.28936949050762,0.6003898635477583,2.5634588003474432,full_corpus,heuristic_no_guarantee,no_candidate_fits_budget,595,616,1026,True
synthetic_factorial,medium,0.9659090909090909,2182,False,,,,,0.01242400214861706,,,0.0,,25,0.8271627678069695,0.04600037591847842,0.45615175634056193,0.25920205928809975,0.08640247438318971,0.10191205515451497,0.8112924001372745,0.16537245553836907,-0.1623697704290685,0.25961101264307873,0.8867801795795353,0.03000577089550399,0.5430837719538963,224,87.28,30,47.40035161613607,2182,True,True,proven_optimal,,64,0.7,,False,0.5,25,5,0.1,0.1-pilot,high,0.0,A,independent,2,0.0,ilp,10,0.0,0.16131348670226153,7.259106901601769,3.2893694905076196,0.6003898635477583,2.563458800347443,full_corpus,proven_optimal,n/a,595,616,1026,True
synthetic_factorial,loose,0.7433398310591293,2182,False,,,,,0.01242400214861706,,,0.0,,25,0.8271627678069695,0.04600037591847842,0.45615175634056193,0.25920205928809975,0.08640247438318971,0.10191205515451497,0.8112924001372745,0.16537245553836907,-0.1623697704290685,0.25961101264307873,0.8867801795795353,0.03000577089550399,0.5430837719538963,224,87.28,30,47.40035161613607,2182,True,True,proven_optimal,,64,0.7,,False,0.5,25,5,0.1,0.1-pilot,high,0.0,A,independent,2,0.0,top_k,13,0.0040061784053344275,0.191730161049928,14.954952561894384,4.356434943329523,1.5,2.8609396871400845,full_corpus,heuristic_no_guarantee,no_positive_marginal_gain,1144,1539,1026,True
synthetic_factorial,loose,0.6666666666666666,2182,False,,,,,0.01242400214861706,,,0.0,,25,0.8271627678069695,0.04600037591847842,0.45615175634056193,0.25920205928809975,0.08640247438318971,0.10191205515451497,0.8112924001372745,0.16537245553836907,-0.1623697704290685,0.25961101264307873,0.8867801795795353,0.03000577089550399,0.5430837719538963,224,87.28,30,47.40035161613607,2182,True,True,proven_optimal,,64,0.7,,False,0.5,25,5,0.1,0.1-pilot,high,0.0,A,independent,2,0.0,mmr,12,3.092061753246333e-16,0.1908445100335765,12.595737662216049,4.132020989397639,1.5,2.8724472231760343,full_corpus,heuristic_no_guarantee,no_positive_marginal_gain,1026,1539,1026,True
synthetic_factorial,loose,0.6666666666666666,2182,False,,,,,0.01242400214861706,,,0.0,,25,0.8271627678069695,0.04600037591847842,0.45615175634056193,0.25920205928809975,0.08640247438318971,0.10191205515451497,0.8112924001372745,0.16537245553836907,-0.1623697704290685,0.25961101264307873,0.8867801795795353,0.03000577089550399,0.5430837719538963,224,87.28,30,47.40035161613607,2182,True,True,proven_optimal,,64,0.7,,False,0.5,25,5,0.1,0.1-pilot,high,0.0,A,independent,2,0.0,greedy_objective,12,0.0,0.19084451003357653,12.59573766221605,4.13202098939764,1.5,2.872447223176035,full_corpus,heuristic_no_guarantee,no_positive_marginal_gain,1026,1539,1026,True
synthetic_factorial,loose,0.6991552956465237,2182,False,,,,,0.01242400214861706,,,0.0,,25,0.8271627678069695,0.04600037591847842,0.45615175634056193,0.25920205928809975,0.08640247438318971,0.10191205515451497,0.8112924001372745,0.16537245553836907,-0.1623697704290685,0.25961101264307873,0.8867801795795353,0.03000577089550399,0.5430837719538963,224,87.28,30,47.40035161613607,2182,True,True,proven_optimal,,64,0.7,,False,0.5,25,5,0.1,0.1-pilot,high,0.0,A,independent,2,0.0,greedy_token_aware,13,0.005811665930782619,0.19242854227912745,15.009426297771942,4.356696149288326,1.5,2.855753519511132,full_corpus,heuristic_no_guarantee,no_positive_marginal_gain,1076,1539,1026,True
synthetic_factorial,loose,0.6666666666666666,2182,False,,,,,0.01242400214861706,,,0.0,,25,0.8271627678069695,0.04600037591847842,0.45615175634056193,0.25920205928809975,0.08640247438318971,0.10191205515451497,0.8112924001372745,0.16537245553836907,-0.1623697704290685,0.25961101264307873,0.8867801795795353,0.03000577089550399,0.5430837719538963,224,87.28,30,47.40035161613607,2182,True,True,proven_optimal,,64,0.7,,False,0.5,25,5,0.1,0.1-pilot,high,0.0,A,independent,2,0.0,ilp,12,0.0,0.1908445100335765,12.595737662216049,4.13202098939764,1.5,2.872447223176035,full_corpus,proven_optimal,n/a,1026,1539,1026,True
synthetic_factorial,tight,0.9218390804597701,2130,False,,,,,0.42239646169148565,,,0.5,,25,0.028099912507332906,0.43907750998401296,0.45615175634056193,0.25920205928809975,0.08640247438318971,0.10191205515451497,0.4583189844474463,0.08363501519061785,-0.2834487785753492,0.13690597443916538,0.03872047391234441,0.4157846006630242,0.5301540683600626,208,85.2,41,45.16912662427734,2130,True,True,proven_optimal,,64,0.15,,False,0.5,25,5,0.1,0.1-pilot,low,0.5,B,positive_sublinear,2,0.5,top_k,4,0.24838436728352314,0.15952532154569077,0.9571519292741446,1.6434444225157938,0.2498564043653073,1.5477292295883793,full_corpus,heuristic_no_guarantee,no_candidate_fits_budget,401,435,1741,True
synthetic_factorial,tight,0.9126436781609195,2130,False,,,,,0.42239646169148565,,,0.5,,25,0.028099912507332906,0.43907750998401296,0.45615175634056193,0.25920205928809975,0.08640247438318971,0.10191205515451497,0.4583189844474463,0.08363501519061785,-0.2834487785753492,0.13690597443916538,0.03872047391234441,0.4157846006630242,0.5301540683600626,208,85.2,41,45.16912662427734,2130,True,True,proven_optimal,,64,0.15,,False,0.5,25,5,0.1,0.1-pilot,low,0.5,B,positive_sublinear,2,0.5,mmr,3,0.3995989111722557,0.0719109963960524,0.21573298918815723,1.2579210732418147,0.2498564043653073,1.236347774322999,full_corpus,heuristic_no_guarantee,no_candidate_fits_budget,397,435,1741,True
synthetic_factorial,tight,0.9816091954022989,2130,False,,,,,0.42239646169148565,,,0.5,,25,0.028099912507332906,0.43907750998401296,0.45615175634056193,0.25920205928809975,0.08640247438318971,0.10191205515451497,0.4583189844474463,0.08363501519061785,-0.2834487785753492,0.13690597443916538,0.03872047391234441,0.4157846006630242,0.5301540683600626,208,85.2,41,45.16912662427734,2130,True,True,proven_optimal,,64,0.15,,False,0.5,25,5,0.1,0.1-pilot,low,0.5,B,positive_sublinear,2,0.5,greedy_objective,4,0.23598589812718965,0.107887838952894,0.647327033717364,1.6379928988955275,0.2498564043653073,1.573260195523791,full_corpus,heuristic_no_guarantee,no_candidate_fits_budget,427,435,1741,True
synthetic_factorial,tight,0.9885057471264368,2130,False,,,,,0.42239646169148565,,,0.5,,25,0.028099912507332906,0.43907750998401296,0.45615175634056193,0.25920205928809975,0.08640247438318971,0.10191205515451497,0.4583189844474463,0.08363501519061785,-0.2834487785753492,0.13690597443916538,0.03872047391234441,0.4157846006630242,0.5301540683600626,208,85.2,41,45.16912662427734,2130,True,True,proven_optimal,,64,0.15,,False,0.5,25,5,0.1,0.1-pilot,low,0.5,B,positive_sublinear,2,0.5,greedy_token_aware,7,0.0,0.09556037339532181,2.006767841301758,2.259879869082789,0.2498564043653073,2.059203084952613,full_corpus,heuristic_no_guarantee,no_candidate_fits_budget,430,435,1741,True
synthetic_factorial,tight,0.9885057471264368,2130,False,,,,,0.42239646169148565,,,0.5,,25,0.028099912507332906,0.43907750998401296,0.45615175634056193,0.25920205928809975,0.08640247438318971,0.10191205515451497,0.4583189844474463,0.08363501519061785,-0.2834487785753492,0.13690597443916538,0.03872047391234441,0.4157846006630242,0.5301540683600626,208,85.2,41,45.16912662427734,2130,True,True,proven_optimal,,64,0.15,,False,0.5,25,5,0.1,0.1-pilot,low,0.5,B,positive_sublinear,2,0.5,ilp,7,0.0,0.09556037339532181,2.006767841301758,2.259879869082789,0.2498564043653073,2.059203084952613,full_corpus,proven_optimal,n/a,430,435,1741,True
synthetic_factorial,medium,0.9674641148325359,2130,False,,,,,0.42239646169148565,,,0.5,,25,0.028099912507332906,0.43907750998401296,0.45615175634056193,0.25920205928809975,0.08640247438318971,0.10191205515451497,0.4583189844474463,0.08363501519061785,-0.2834487785753492,0.13690597443916538,0.03872047391234441,0.4157846006630242,0.5301540683600626,208,85.2,41,45.16912662427734,2130,True,True,proven_optimal,,64,0.15,,False,0.5,25,5,0.1,0.1-pilot,low,0.5,B,positive_sublinear,2,0.5,top_k,9,0.13924962236848507,0.15643492300695364,5.631657228250331,3.369654811500383,0.6002297530155083,2.8064890886753497,full_corpus,heuristic_no_guarantee,no_candidate_fits_budget,1011,1045,1741,True
synthetic_factorial,medium,0.9827751196172249,2130,False,,,,,0.42239646169148565,,,0.5,,25,0.028099912507332906,0.43907750998401296,0.45615175634056193,0.25920205928809975,0.08640247438318971,0.10191205515451497,0.4583189844474463,0.08363501519061785,-0.2834487785753492,0.13690597443916538,0.03872047391234441,0.4157846006630242,0.5301540683600626,208,85.2,41,45.16912662427734,2130,True,True,proven_optimal,,64,0.15,,False,0.5,25,5,0.1,0.1-pilot,low,0.5,B,positive_sublinear,2,0.5,mmr,12,0.06171657901977425,0.10978660809628094,7.245916134354542,3.783878314315979,0.6002297530155083,3.059286700880525,full_corpus,heuristic_no_guarantee,no_candidate_fits_budget,1027,1045,1741,True
synthetic_factorial,medium,0.9913875598086125,2130,False,,,,,0.42239646169148565,,,0.5,,25,0.028099912507332906,0.43907750998401296,0.45615175634056193,0.25920205928809975,0.08640247438318971,0.10191205515451497,0.4583189844474463,0.08363501519061785,-0.2834487785753492,0.13690597443916538,0.03872047391234441,0.4157846006630242,0.5301540683600626,208,85.2,41,45.16912662427734,2130,True,True,proven_optimal,,64,0.15,,False,0.5,25,5,0.1,0.1-pilot,low,0.5,B,positive_sublinear,2,0.5,greedy_objective,11,0.05323582659895612,0.13662980608460532,7.5146393346532925,3.83840225059989,0.6002297530155083,3.086938317134561,full_corpus,heuristic_no_guarantee,no_candidate_fits_budget,1036,1045,1741,True
synthetic_factorial,medium,0.9904306220095693,2130,False,,,,,0.42239646169148565,,,0.5,,25,0.028099912507332906,0.43907750998401296,0.45615175634056193,0.25920205928809975,0.08640247438318971,0.10191205515451497,0.4583189844474463,0.08363501519061785,-0.2834487785753492,0.13690597443916538,0.03872047391234441,0.4157846006630242,0.5301540683600626,208,85.2,41,45.16912662427734,2130,True,True,proven_optimal,,64,0.15,,False,0.5,25,5,0.1,0.1-pilot,low,0.5,B,positive_sublinear,2,0.5,greedy_token_aware,14,-2.72404376431011e-16,0.1113235951978314,10.130447163002657,4.273559218074672,0.6002297530155083,3.2605145017744057,full_corpus,heuristic_no_guarantee,no_candidate_fits_budget,1035,1045,1741,True
synthetic_factorial,medium,0.9904306220095693,2130,False,,,,,0.42239646169148565,,,0.5,,25,0.028099912507332906,0.43907750998401296,0.45615175634056193,0.25920205928809975,0.08640247438318971,0.10191205515451497,0.4583189844474463,0.08363501519061785,-0.2834487785753492,0.13690597443916538,0.03872047391234441,0.4157846006630242,0.5301540683600626,208,85.2,41,45.16912662427734,2130,True,True,proven_optimal,,64,0.15,,False,0.5,25,5,0.1,0.1-pilot,low,0.5,B,positive_sublinear,2,0.5,ilp,14,0.0,0.1113235951978314,10.130447163002657,4.273559218074671,0.6002297530155083,3.260514501774405,full_corpus,proven_optimal,n/a,1035,1045,1741,True
synthetic_factorial,loose,0.7132465543644717,2130,False,,,,,0.42239646169148565,,,0.5,,25,0.028099912507332906,0.43907750998401296,0.45615175634056193,0.25920205928809975,0.08640247438318971,0.10191205515451497,0.4583189844474463,0.08363501519061785,-0.2834487785753492,0.13690597443916538,0.03872047391234441,0.4157846006630242,0.5301540683600626,208,85.2,41,45.16912662427734,2130,True,True,proven_optimal,,64,0.15,,False,0.5,25,5,0.1,0.1-pilot,low,0.5,B,positive_sublinear,2,0.5,top_k,20,0.017157375520591253,0.11843121483039652,22.50193081777534,5.827751518818224,1.5002871912693854,3.57755843704069,full_corpus,heuristic_no_guarantee,no_positive_marginal_gain,1863,2612,1741,True
synthetic_factorial,loose,0.6883614088820827,2130,False,,,,,0.42239646169148565,,,0.5,,25,0.028099912507332906,0.43907750998401296,0.45615175634056193,0.25920205928809975,0.08640247438318971,0.10191205515451497,0.4583189844474463,0.08363501519061785,-0.2834487785753492,0.13690597443916538,0.03872047391234441,0.4157846006630242,0.5301540683600626,208,85.2,41,45.16912662427734,2130,True,True,proven_optimal,,64,0.15,,False,0.5,25,5,0.1,0.1-pilot,low,0.5,B,positive_sublinear,2,0.5,mmr,19,0.0025644337959953097,0.112567336874956,19.249014605617475,5.555578373020335,1.5002871912693854,3.6306769124585876,full_corpus,heuristic_no_guarantee,no_positive_marginal_gain,1798,2612,1741,True
synthetic_factorial,loose,0.6665390505359877,2130,False,,,,,0.42239646169148565,,,0.5,,25,0.028099912507332906,0.43907750998401296,0.45615175634056193,0.25920205928809975,0.08640247438318971,0.10191205515451497,0.4583189844474463,0.08363501519061785,-0.2834487785753492,0.13690597443916538,0.03872047391234441,0.4157846006630242,0.5301540683600626,208,85.2,41,45.16912662427734,2130,True,True,proven_optimal,,64,0.15,,False,0.5,25,5,0.1,0.1-pilot,low,0.5,B,positive_sublinear,2,0.5,greedy_objective,18,0.0,0.11397572183990769,17.438285441505876,5.383840025068652,1.5002871912693854,3.640011480918065,full_corpus,heuristic_no_guarantee,no_positive_marginal_gain,1741,2612,1741,True
synthetic_factorial,loose,0.6875957120980092,2130,False,,,,,0.42239646169148565,,,0.5,,25,0.028099912507332906,0.43907750998401296,0.45615175634056193,0.25920205928809975,0.08640247438318971,0.10191205515451497,0.4583189844474463,0.08363501519061785,-0.2834487785753492,0.13690597443916538,0.03872047391234441,0.4157846006630242,0.5301540683600626,208,85.2,41,45.16912662427734,2130,True,True,proven_optimal,,64,0.15,,False,0.5,25,5,0.1,0.1-pilot,low,0.5,B,positive_sublinear,2,0.5,greedy_token_aware,19,8.29439069373329e-05,0.1149542763970898,19.657181263902356,5.605427690534777,1.5002871912693854,3.6397095641445407,full_corpus,heuristic_no_guarantee,no_positive_marginal_gain,1796,2612,1741,True
synthetic_factorial,loose,0.6665390505359877,2130,False,,,,,0.42239646169148565,,,0.5,,25,0.028099912507332906,0.43907750998401296,0.45615175634056193,0.25920205928809975,0.08640247438318971,0.10191205515451497,0.4583189844474463,0.08363501519061785,-0.2834487785753492,0.13690597443916538,0.03872047391234441,0.4157846006630242,0.5301540683600626,208,85.2,41,45.16912662427734,2130,True,True,proven_optimal,,64,0.15,,False,0.5,25,5,0.1,0.1-pilot,low,0.5,B,positive_sublinear,2,0.5,ilp,18,0.0,0.11397572183990769,17.438285441505876,5.383840025068652,1.5002871912693854,3.640011480918065,full_corpus,proven_optimal,n/a,1741,2612,1741,True
synthetic_factorial,tight,0.9831081081081081,2130,False,,,,,0.42239646169148565,,,0.5,,25,0.028099912507332906,0.43907750998401296,0.45615175634056193,0.25920205928809975,0.08640247438318971,0.10191205515451497,0.8112924001372745,0.16537245553836907,-0.1623697704290685,0.25961101264307873,0.03872047391234441,0.4157846006630242,0.5301540683600626,208,85.2,41,45.16912662427734,2130,True,True,proven_optimal,,64,0.7,,False,0.5,25,5,0.1,0.1-pilot,high,0.5,B,positive_sublinear,2,0.5,top_k,4,0.04757408435172256,0.24132194611664534,1.447931676699872,1.5740138867855138,0.249789029535865,1.4292207191155266,full_corpus,heuristic_no_guarantee,no_candidate_fits_budget,291,296,1185,True
synthetic_factorial,tight,0.9087837837837838,2130,False,,,,,0.42239646169148565,,,0.5,,25,0.028099912507332906,0.43907750998401296,0.45615175634056193,0.25920205928809975,0.08640247438318971,0.10191205515451497,0.8112924001372745,0.16537245553836907,-0.1623697704290685,0.25961101264307873,0.03872047391234441,0.4157846006630242,0.5301540683600626,208,85.2,41,45.16912662427734,2130,True,True,proven_optimal,,64,0.7,,False,0.5,25,5,0.1,0.1-pilot,high,0.5,B,positive_sublinear,2,0.5,mmr,3,0.2593511079528101,0.055641482340310515,0.16692444702093154,1.1281182519086206,0.249789029535865,1.1114258072065275,full_corpus,heuristic_no_guarantee,no_candidate_fits_budget,269,296,1185,True
synthetic_factorial,tight,0.9831081081081081,2130,False,,,,,0.42239646169148565,,,0.5,,25,0.028099912507332906,0.43907750998401296,0.45615175634056193,0.25920205928809975,0.08640247438318971,0.10191205515451497,0.8112924001372745,0.16537245553836907,-0.1623697704290685,0.25961101264307873,0.03872047391234441,0.4157846006630242,0.5301540683600626,208,85.2,41,45.16912662427734,2130,True,True,proven_optimal,,64,0.7,,False,0.5,25,5,0.1,0.1-pilot,high,0.5,B,positive_sublinear,2,0.5,greedy_objective,4,0.04757408435172256,0.24132194611664534,1.447931676699872,1.5740138867855138,0.249789029535865,1.4292207191155266,full_corpus,heuristic_no_guarantee,no_candidate_fits_budget,291,296,1185,True
synthetic_factorial,tight,0.8885135135135135,2130,False,,,,,0.42239646169148565,,,0.5,,25,0.028099912507332906,0.43907750998401296,0.45615175634056193,0.25920205928809975,0.08640247438318971,0.10191205515451497,0.8112924001372745,0.16537245553836907,-0.1623697704290685,0.25961101264307873,0.03872047391234441,0.4157846006630242,0.5301540683600626,208,85.2,41,45.16912662427734,2130,True,True,proven_optimal,,64,0.7,,False,0.5,25,5,0.1,0.1-pilot,high,0.5,B,positive_sublinear,2,0.5,greedy_token_aware,5,0.05105106174342651,0.12822064919254855,1.2822064919254854,1.552223778103448,0.249789029535865,1.4240031289108994,full_corpus,heuristic_no_guarantee,no_candidate_fits_budget,263,296,1185,True
synthetic_factorial,tight,0.9932432432432432,2130,False,,,,,0.42239646169148565,,,0.5,,25,0.028099912507332906,0.43907750998401296,0.45615175634056193,0.25920205928809975,0.08640247438318971,0.10191205515451497,0.8112924001372745,0.16537245553836907,-0.1623697704290685,0.25961101264307873,0.03872047391234441,0.4157846006630242,0.5301540683600626,208,85.2,41,45.16912662427734,2130,True,True,proven_optimal,,64,0.7,,False,0.5,25,5,0.1,0.1-pilot,high,0.5,B,positive_sublinear,2,0.5,ilp,6,0.0,0.10621009343319988,1.5931514014979982,1.659926049233174,0.249789029535865,1.5006109090833741,full_corpus,proven_optimal,n/a,294,296,1185,True
synthetic_factorial,medium,0.9704641350210971,2130,False,,,,,0.42239646169148565,,,0.5,,25,0.028099912507332906,0.43907750998401296,0.45615175634056193,0.25920205928809975,0.08640247438318971,0.10191205515451497,0.8112924001372745,0.16537245553836907,-0.1623697704290685,0.25961101264307873,0.03872047391234441,0.4157846006630242,0.5301540683600626,208,85.2,41,45.16912662427734,2130,True,True,proven_optimal,,64,0.7,,False,0.5,25,5,0.1,0.1-pilot,high,0.5,B,positive_sublinear,2,0.5,top_k,6,0.18493459257002162,0.2237149560620008,3.355724340930012,2.3801159295200036,0.6,2.0445434954270025,full_corpus,heuristic_no_guarantee,no_candidate_fits_budget,690,711,1185,True
synthetic_factorial,medium,0.9817158931082982,2130,False,,,,,0.42239646169148565,,,0.5,,25,0.028099912507332906,0.43907750998401296,0.45615175634056193,0.25920205928809975,0.08640247438318971,0.10191205515451497,0.8112924001372745,0.16537245553836907,-0.1623697704290685,0.25961101264307873,0.03872047391234441,0.4157846006630242,0.5301540683600626,208,85.2,41,45.16912662427734,2130,True,True,proven_optimal,,64,0.7,,False,0.5,25,5,0.1,0.1-pilot,high,0.5,B,positive_sublinear,2,0.5,mmr,7,0.1836431892245464,0.13979898562598314,2.935778698145646,2.3413607743563394,0.6,2.0477829045417746,full_corpus,heuristic_no_guarantee,no_candidate_fits_budget,698,711,1185,True
synthetic_factorial,medium,0.9774964838255977,2130,False,,,,,0.42239646169148565,,,0.5,,25,0.028099912507332906,0.43907750998401296,0.45615175634056193,0.25920205928809975,0.08640247438318971,0.10191205515451497,0.8112924001372745,0.16537245553836907,-0.1623697704290685,0.25961101264307873,0.03872047391234441,0.4157846006630242,0.5301540683600626,208,85.2,41,45.16912662427734,2130,True,True,proven_optimal,,64,0.7,,False,0.5,25,5,0.1,0.1-pilot,high,0.5,B,positive_sublinear,2,0.5,greedy_objective,8,0.046448644626123324,0.1627865957645042,4.558024681406117,2.8477297949702054,0.6,2.3919273268295935,full_corpus,heuristic_no_guarantee,no_candidate_fits_budget,695,711,1185,True
synthetic_factorial,medium,0.9774964838255977,2130,False,,,,,0.42239646169148565,,,0.5,,25,0.028099912507332906,0.43907750998401296,0.45615175634056193,0.25920205928809975,0.08640247438318971,0.10191205515451497,0.8112924001372745,0.16537245553836907,-0.1623697704290685,0.25961101264307873,0.03872047391234441,0.4157846006630242,0.5301540683600626,208,85.2,41,45.16912662427734,2130,True,True,proven_optimal,,64,0.7,,False,0.5,25,5,0.1,0.1-pilot,high,0.5,B,positive_sublinear,2,0.5,greedy_token_aware,11,0.030393020824737084,0.1579246916351767,8.685858039934718,3.300787716039059,0.6,2.432201912045587,full_corpus,heuristic_no_guarantee,no_candidate_fits_budget,695,711,1185,True
synthetic_factorial,medium,0.9873417721518988,2130,False,,,,,0.42239646169148565,,,0.5,,25,0.028099912507332906,0.43907750998401296,0.45615175634056193,0.25920205928809975,0.08640247438318971,0.10191205515451497,0.8112924001372745,0.16537245553836907,-0.1623697704290685,0.25961101264307873,0.03872047391234441,0.4157846006630242,0.5301540683600626,208,85.2,41,45.16912662427734,2130,True,True,proven_optimal,,64,0.7,,False,0.5,25,5,0.1,0.1-pilot,high,0.5,B,positive_sublinear,2,0.5,ilp,10,0.0,0.14754568661932352,6.639555897869559,3.1723966017466587,0.6,2.508441011959703,full_corpus,proven_optimal,n/a,702,711,1185,True
synthetic_factorial,loose,0.7244094488188977,2130,False,,,,,0.42239646169148565,,,0.5,,25,0.028099912507332906,0.43907750998401296,0.45615175634056193,0.25920205928809975,0.08640247438318971,0.10191205515451497,0.8112924001372745,0.16537245553836907,-0.1623697704290685,0.25961101264307873,0.03872047391234441,0.4157846006630242,0.5301540683600626,208,85.2,41,45.16912662427734,2130,True,True,proven_optimal,,64,0.7,,False,0.5,25,5,0.1,0.1-pilot,high,0.5,B,positive_sublinear,2,0.5,top_k,13,0.0040061784053344275,0.191730161049928,14.954952561894384,4.356434943329523,1.50042194092827,2.8609396871400845,full_corpus,heuristic_no_guarantee,no_positive_marginal_gain,1288,1778,1185,True
synthetic_factorial,loose,0.6664791901012374,2130,False,,,,,0.42239646169148565,,,0.5,,25,0.028099912507332906,0.43907750998401296,0.45615175634056193,0.25920205928809975,0.08640247438318971,0.10191205515451497,0.8112924001372745,0.16537245553836907,-0.1623697704290685,0.25961101264307873,0.03872047391234441,0.4157846006630242,0.5301540683600626,208,85.2,41,45.16912662427734,2130,True,True,proven_optimal,,64,0.7,,False,0.5,25,5,0.1,0.1-pilot,high,0.5,B,positive_sublinear,2,0.5,mmr,12,3.092061753246333e-16,0.1908445100335765,12.595737662216049,4.132020989397639,1.50042194092827,2.8724472231760343,full_corpus,heuristic_no_guarantee,no_positive_marginal_gain,1185,1778,1185,True
synthetic_factorial,loose,0.6664791901012374,2130,False,,,,,0.42239646169148565,,,0.5,,25,0.028099912507332906,0.43907750998401296,0.45615175634056193,0.25920205928809975,0.08640247438318971,0.10191205515451497,0.8112924001372745,0.16537245553836907,-0.1623697704290685,0.25961101264307873,0.03872047391234441,0.4157846006630242,0.5301540683600626,208,85.2,41,45.16912662427734,2130,True,True,proven_optimal,,64,0.7,,False,0.5,25,5,0.1,0.1-pilot,high,0.5,B,positive_sublinear,2,0.5,greedy_objective,12,0.0,0.19084451003357653,12.59573766221605,4.13202098939764,1.50042194092827,2.872447223176035,full_corpus,heuristic_no_guarantee,no_positive_marginal_gain,1185,1778,1185,True
synthetic_factorial,loose,0.6034870641169854,2130,False,,,,,0.42239646169148565,,,0.5,,25,0.028099912507332906,0.43907750998401296,0.45615175634056193,0.25920205928809975,0.08640247438318971,0.10191205515451497,0.8112924001372745,0.16537245553836907,-0.1623697704290685,0.25961101264307873,0.03872047391234441,0.4157846006630242,0.5301540683600626,208,85.2,41,45.16912662427734,2130,True,True,proven_optimal,,64,0.7,,False,0.5,25,5,0.1,0.1-pilot,high,0.5,B,positive_sublinear,2,0.5,greedy_token_aware,13,0.022331389391807652,0.1825962724779918,14.242509253283359,4.2325524110562105,1.50042194092827,2.8083014857278745,full_corpus,heuristic_no_guarantee,no_positive_marginal_gain,1073,1778,1185,True
synthetic_factorial,loose,0.6664791901012374,2130,False,,,,,0.42239646169148565,,,0.5,,25,0.028099912507332906,0.43907750998401296,0.45615175634056193,0.25920205928809975,0.08640247438318971,0.10191205515451497,0.8112924001372745,0.16537245553836907,-0.1623697704290685,0.25961101264307873,0.03872047391234441,0.4157846006630242,0.5301540683600626,208,85.2,41,45.16912662427734,2130,True,True,proven_optimal,,64,0.7,,False,0.5,25,5,0.1,0.1-pilot,high,0.5,B,positive_sublinear,2,0.5,ilp,12,0.0,0.1908445100335765,12.595737662216049,4.13202098939764,1.50042194092827,2.872447223176035,full_corpus,proven_optimal,n/a,1185,1778,1185,True
synthetic_factorial,tight,0.9715025906735751,2197,False,,,,,-0.4033969219857471,,,-0.5,,25,0.05247985802861267,-0.39221312304550526,0.45615175634056193,0.25920205928809975,0.08640247438318971,0.10191205515451497,0.4583189844474463,0.08363501519061785,-0.2834487785753492,0.13690597443916538,0.016100581690324103,-0.47624544062351204,0.4791006471266404,194,87.88,29,42.103364869489155,2197,True,True,proven_optimal,,64,0.15,,False,0.5,25,5,0.1,0.1-pilot,low,-0.5,C,negative,2,-0.5,top_k,5,0.22427439200271101,0.1687389849870422,1.687389849870422,2.0307024405704395,0.2503242542153048,1.8619634555833973,full_corpus,heuristic_no_guarantee,no_candidate_fits_budget,375,386,1542,True
synthetic_factorial,tight,0.9585492227979274,2197,False,,,,,-0.4033969219857471,,,-0.5,,25,0.05247985802861267,-0.39221312304550526,0.45615175634056193,0.25920205928809975,0.08640247438318971,0.10191205515451497,0.4583189844474463,0.08363501519061785,-0.2834487785753492,0.13690597443916538,0.016100581690324103,-0.47624544062351204,0.4791006471266404,194,87.88,29,42.103364869489155,2197,True,True,proven_optimal,,64,0.15,,False,0.5,25,5,0.1,0.1-pilot,low,-0.5,C,negative,2,-0.5,mmr,5,0.24116565294668058,0.13278264957699554,1.3278264957699555,1.9542022449704577,0.2503242542153048,1.8214195953934622,full_corpus,heuristic_no_guarantee,no_candidate_fits_budget,370,386,1542,True
synthetic_factorial,tight,0.9870466321243523,2197,False,,,,,-0.4033969219857471,,,-0.5,,25,0.05247985802861267,-0.39221312304550526,0.45615175634056193,0.25920205928809975,0.08640247438318971,0.10191205515451497,0.4583189844474463,0.08363501519061785,-0.2834487785753492,0.13690597443916538,0.016100581690324103,-0.47624544062351204,0.4791006471266404,194,87.88,29,42.103364869489155,2197,True,True,proven_optimal,,64,0.15,,False,0.5,25,5,0.1,0.1-pilot,low,-0.5,C,negative,2,-0.5,greedy_objective,7,0.0,0.15212332857224423,3.194589900017129,2.7197451690160643,0.2503242542153048,2.4002861790143513,full_corpus,heuristic_no_guarantee,no_candidate_fits_budget,381,386,1542,True
synthetic_factorial,tight,0.9145077720207254,2197,False,,,,,-0.4033969219857471,,,-0.5,,25,0.05247985802861267,-0.39221312304550526,0.45615175634056193,0.25920205928809975,0.08640247438318971,0.10191205515451497,0.4583189844474463,0.08363501519061785,-0.2834487785753492,0.13690597443916538,0.016100581690324103,-0.47624544062351204,0.4791006471266404,194,87.88,29,42.103364869489155,2197,True,True,proven_optimal,,64,0.15,,False,0.5,25,5,0.1,0.1-pilot,low,-0.5,C,negative,2,-0.5,greedy_token_aware,7,0.03280409530151987,0.14488832979903538,3.042654925779743,2.625812455025018,0.2503242542153048,2.3215469624470435,full_corpus,heuristic_no_guarantee,no_candidate_fits_budget,353,386,1542,True
synthetic_factorial,tight,0.9870466321243523,2197,False,,,,,-0.4033969219857471,,,-0.5,,25,0.05247985802861267,-0.39221312304550526,0.45615175634056193,0.25920205928809975,0.08640247438318971,0.10191205515451497,0.4583189844474463,0.08363501519061785,-0.2834487785753492,0.13690597443916538,0.016100581690324103,-0.47624544062351204,0.4791006471266404,194,87.88,29,42.103364869489155,2197,True,True,proven_optimal,,64,0.15,,False,0.5,25,5,0.1,0.1-pilot,low,-0.5,C,negative,2,-0.5,ilp,7,0.0,0.15212332857224423,3.194589900017129,2.7197451690160643,0.2503242542153048,2.4002861790143513,full_corpus,proven_optimal,n/a,381,386,1542,True
synthetic_factorial,medium,0.9816216216216216,2197,False,,,,,-0.4033969219857471,,,-0.5,,25,0.05247985802861267,-0.39221312304550526,0.45615175634056193,0.25920205928809975,0.08640247438318971,0.10191205515451497,0.4583189844474463,0.08363501519061785,-0.2834487785753492,0.13690597443916538,0.016100581690324103,-0.47624544062351204,0.4791006471266404,194,87.88,29,42.103364869489155,2197,True,True,proven_optimal,,64,0.15,,False,0.5,25,5,0.1,0.1-pilot,low,-0.5,C,negative,2,-0.5,top_k,12,0.049698331086056834,0.1414766940704233,9.337461808647937,4.1406700784405714,0.5998702983138781,3.206923897575778,full_corpus,heuristic_no_guarantee,no_candidate_fits_budget,908,925,1542,True
synthetic_factorial,medium,0.972972972972973,2197,False,,,,,-0.4033969219857471,,,-0.5,,25,0.05247985802861267,-0.39221312304550526,0.45615175634056193,0.25920205928809975,0.08640247438318971,0.10191205515451497,0.4583189844474463,0.08363501519061785,-0.2834487785753492,0.13690597443916538,0.016100581690324103,-0.47624544062351204,0.4791006471266404,194,87.88,29,42.103364869489155,2197,True,True,proven_optimal,,64,0.15,,False,0.5,25,5,0.1,0.1-pilot,low,-0.5,C,negative,2,-0.5,mmr,13,0.05535833298740787,0.11510715322549005,8.978357951588224,4.085659236583123,0.5998702983138781,3.1878234414243,full_corpus,heuristic_no_guarantee,no_candidate_fits_budget,900,925,1542,True
synthetic_factorial,medium,0.9881081081081081,2197,False,,,,,-0.4033969219857471,,,-0.5,,25,0.05247985802861267,-0.39221312304550526,0.45615175634056193,0.25920205928809975,0.08640247438318971,0.10191205515451497,0.4583189844474463,0.08363501519061785,-0.2834487785753492,0.13690597443916538,0.016100581690324103,-0.47624544062351204,0.4791006471266404,194,87.88,29,42.103364869489155,2197,True,True,proven_optimal,,64,0.15,,False,0.5,25,5,0.1,0.1-pilot,low,-0.5,C,negative,2,-0.5,greedy_objective,12,0.033875395096760554,0.13267759269814908,8.75672111807784,4.1359926866848635,0.5998702983138781,3.2603205748770794,full_corpus,heuristic_no_guarantee,no_candidate_fits_budget,914,925,1542,True
synthetic_factorial,medium,0.987027027027027,2197,False,,,,,-0.4033969219857471,,,-0.5,,25,0.05247985802861267,-0.39221312304550526,0.45615175634056193,0.25920205928809975,0.08640247438318971,0.10191205515451497,0.4583189844474463,0.08363501519061785,-0.2834487785753492,0.13690597443916538,0.016100581690324103,-0.47624544062351204,0.4791006471266404,194,87.88,29,42.103364869489155,2197,True,True,proven_optimal,,64,0.15,,False,0.5,25,5,0.1,0.1-pilot,low,-0.5,C,negative,2,-0.5,greedy_token_aware,14,1.3159611227014368e-16,0.11893720907711292,10.823286026017275,4.456966364988093,0.5998702983138781,3.374637762386365,full_corpus,heuristic_no_guarantee,no_candidate_fits_budget,913,925,1542,True
synthetic_factorial,medium,0.987027027027027,2197,False,,,,,-0.4033969219857471,,,-0.5,,25,0.05247985802861267,-0.39221312304550526,0.45615175634056193,0.25920205928809975,0.08640247438318971,0.10191205515451497,0.4583189844474463,0.08363501519061785,-0.2834487785753492,0.13690597443916538,0.016100581690324103,-0.47624544062351204,0.4791006471266404,194,87.88,29,42.103364869489155,2197,True,True,proven_optimal,,64,0.15,,False,0.5,25,5,0.1,0.1-pilot,low,-0.5,C,negative,2,-0.5,ilp,14,0.0,0.11893720907711293,10.823286026017277,4.4569663649880935,0.5998702983138781,3.3746377623863655,full_corpus,proven_optimal,n/a,913,925,1542,True
synthetic_factorial,loose,0.7284911370514483,2197,False,,,,,-0.4033969219857471,,,-0.5,,25,0.05247985802861267,-0.39221312304550526,0.45615175634056193,0.25920205928809975,0.08640247438318971,0.10191205515451497,0.4583189844474463,0.08363501519061785,-0.2834487785753492,0.13690597443916538,0.016100581690324103,-0.47624544062351204,0.4791006471266404,194,87.88,29,42.103364869489155,2197,True,True,proven_optimal,,64,0.15,,False,0.5,25,5,0.1,0.1-pilot,low,-0.5,C,negative,2,-0.5,top_k,20,0.017157375520591253,0.11843121483039652,22.50193081777534,5.827751518818224,1.5,3.57755843704069,full_corpus,heuristic_no_guarantee,no_positive_marginal_gain,1685,2313,1542,True
synthetic_factorial,loose,0.7029831387808041,2197,False,,,,,-0.4033969219857471,,,-0.5,,25,0.05247985802861267,-0.39221312304550526,0.45615175634056193,0.25920205928809975,0.08640247438318971,0.10191205515451497,0.4583189844474463,0.08363501519061785,-0.2834487785753492,0.13690597443916538,0.016100581690324103,-0.47624544062351204,0.4791006471266404,194,87.88,29,42.103364869489155,2197,True,True,proven_optimal,,64,0.15,,False,0.5,25,5,0.1,0.1-pilot,low,-0.5,C,negative,2,-0.5,mmr,19,0.0025644337959953097,0.112567336874956,19.249014605617475,5.555578373020335,1.5,3.6306769124585876,full_corpus,heuristic_no_guarantee,no_positive_marginal_gain,1626,2313,1542,True
synthetic_factorial,loose,0.6666666666666666,2197,False,,,,,-0.4033969219857471,,,-0.5,,25,0.05247985802861267,-0.39221312304550526,0.45615175634056193,0.25920205928809975,0.08640247438318971,0.10191205515451497,0.4583189844474463,0.08363501519061785,-0.2834487785753492,0.13690597443916538,0.016100581690324103,-0.47624544062351204,0.4791006471266404,194,87.88,29,42.103364869489155,2197,True,True,proven_optimal,,64,0.15,,False,0.5,25,5,0.1,0.1-pilot,low,-0.5,C,negative,2,-0.5,greedy_objective,18,0.0,0.11397572183990769,17.438285441505876,5.383840025068652,1.5,3.640011480918065,full_corpus,heuristic_no_guarantee,no_positive_marginal_gain,1542,2313,1542,True
synthetic_factorial,loose,0.6943363597060095,2197,False,,,,,-0.4033969219857471,,,-0.5,,25,0.05247985802861267,-0.39221312304550526,0.45615175634056193,0.25920205928809975,0.08640247438318971,0.10191205515451497,0.4583189844474463,0.08363501519061785,-0.2834487785753492,0.13690597443916538,0.016100581690324103,-0.47624544062351204,0.4791006471266404,194,87.88,29,42.103364869489155,2197,True,True,proven_optimal,,64,0.15,,False,0.5,25,5,0.1,0.1-pilot,low,-0.5,C,negative,2,-0.5,greedy_token_aware,19,8.29439069373329e-05,0.1149542763970898,19.657181263902356,5.605427690534777,1.5,3.6397095641445407,full_corpus,heuristic_no_guarantee,no_positive_marginal_gain,1606,2313,1542,True
synthetic_factorial,loose,0.6666666666666666,2197,False,,,,,-0.4033969219857471,,,-0.5,,25,0.05247985802861267,-0.39221312304550526,0.45615175634056193,0.25920205928809975,0.08640247438318971,0.10191205515451497,0.4583189844474463,0.08363501519061785,-0.2834487785753492,0.13690597443916538,0.016100581690324103,-0.47624544062351204,0.4791006471266404,194,87.88,29,42.103364869489155,2197,True,True,proven_optimal,,64,0.15,,False,0.5,25,5,0.1,0.1-pilot,low,-0.5,C,negative,2,-0.5,ilp,18,0.0,0.11397572183990769,17.438285441505876,5.383840025068652,1.5,3.640011480918065,full_corpus,proven_optimal,n/a,1542,2313,1542,True
synthetic_factorial,tight,0.8679245283018868,2197,False,,,,,-0.4033969219857471,,,-0.5,,25,0.05247985802861267,-0.39221312304550526,0.45615175634056193,0.25920205928809975,0.08640247438318971,0.10191205515451497,0.8112924001372745,0.16537245553836907,-0.1623697704290685,0.25961101264307873,0.016100581690324103,-0.47624544062351204,0.4791006471266404,194,87.88,29,42.103364869489155,2197,True,True,proven_optimal,,64,0.7,,False,0.5,25,5,0.1,0.1-pilot,high,-0.5,C,negative,2,-0.5,top_k,3,0.2867789464089537,0.29070124090200594,0.8721037227060179,1.2940309335662297,0.25059101654846333,1.2068205612956278,full_corpus,heuristic_no_guarantee,no_candidate_fits_budget,184,212,846,True
synthetic_factorial,tight,0.9292452830188679,2197,False,,,,,-0.4033969219857471,,,-0.5,,25,0.05247985802861267,-0.39221312304550526,0.45615175634056193,0.25920205928809975,0.08640247438318971,0.10191205515451497,0.8112924001372745,0.16537245553836907,-0.1623697704290685,0.25961101264307873,0.016100581690324103,-0.47624544062351204,0.4791006471266404,194,87.88,29,42.103364869489155,2197,True,True,proven_optimal,,64,0.7,,False,0.5,25,5,0.1,0.1-pilot,high,-0.5,C,negative,2,-0.5,mmr,4,0.15233891342138137,0.07204852894853885,0.43229117369123304,1.4775317408581847,0.25059101654846333,1.4343026234890615,full_corpus,heuristic_no_guarantee,no_candidate_fits_budget,197,212,846,True
synthetic_factorial,tight,0.8773584905660378,2197,False,,,,,-0.4033969219857471,,,-0.5,,25,0.05247985802861267,-0.39221312304550526,0.45615175634056193,0.25920205928809975,0.08640247438318971,0.10191205515451497,0.8112924001372745,0.16537245553836907,-0.1623697704290685,0.25961101264307873,0.016100581690324103,-0.47624544062351204,0.4791006471266404,194,87.88,29,42.103364869489155,2197,True,True,proven_optimal,,64,0.7,,False,0.5,25,5,0.1,0.1-pilot,high,-0.5,C,negative,2,-0.5,greedy_objective,3,0.28446861783209637,0.16745472305959744,0.5023641691787923,1.260966217874706,0.25059101654846333,1.2107298009568268,full_corpus,heuristic_no_guarantee,no_candidate_fits_budget,186,212,846,True
synthetic_factorial,tight,0.9952830188679245,2197,False,,,,,-0.4033969219857471,,,-0.5,,25,0.05247985802861267,-0.39221312304550526,0.45615175634056193,0.25920205928809975,0.08640247438318971,0.10191205515451497,0.8112924001372745,0.16537245553836907,-0.1623697704290685,0.25961101264307873,0.016100581690324103,-0.47624544062351204,0.4791006471266404,194,87.88,29,42.103364869489155,2197,True,True,proven_optimal,,64,0.7,,False,0.5,25,5,0.1,0.1-pilot,high,-0.5,C,negative,2,-0.5,greedy_token_aware,5,0.0,0.22590499242927242,2.259049924292724,1.9179758521148116,0.25059101654846333,1.6920708596855392,full_corpus,heuristic_no_guarantee,no_candidate_fits_budget,211,212,846,True
synthetic_factorial,tight,0.9952830188679245,2197,False,,,,,-0.4033969219857471,,,-0.5,,25,0.05247985802861267,-0.39221312304550526,0.45615175634056193,0.25920205928809975,0.08640247438318971,0.10191205515451497,0.8112924001372745,0.16537245553836907,-0.1623697704290685,0.25961101264307873,0.016100581690324103,-0.47624544062351204,0.4791006471266404,194,87.88,29,42.103364869489155,2197,True,True,proven_optimal,,64,0.7,,False,0.5,25,5,0.1,0.1-pilot,high,-0.5,C,negative,2,-0.5,ilp,5,0.0,0.22590499242927242,2.259049924292724,1.9179758521148116,0.25059101654846333,1.6920708596855392,full_corpus,proven_optimal,n/a,211,212,846,True
synthetic_factorial,medium,0.9566929133858267,2197,False,,,,,-0.4033969219857471,,,-0.5,,25,0.05247985802861267,-0.39221312304550526,0.45615175634056193,0.25920205928809975,0.08640247438318971,0.10191205515451497,0.8112924001372745,0.16537245553836907,-0.1623697704290685,0.25961101264307873,0.016100581690324103,-0.47624544062351204,0.4791006471266404,194,87.88,29,42.103364869489155,2197,True,True,proven_optimal,,64,0.7,,False,0.5,25,5,0.1,0.1-pilot,high,-0.5,C,negative,2,-0.5,top_k,8,0.07006868633507006,0.24387142023599528,6.828399766607868,3.0720643754154096,0.6004728132387707,2.3892243987546227,full_corpus,heuristic_no_guarantee,no_candidate_fits_budget,486,508,846,True
synthetic_factorial,medium,0.9586614173228346,2197,False,,,,,-0.4033969219857471,,,-0.5,,25,0.05247985802861267,-0.39221312304550526,0.45615175634056193,0.25920205928809975,0.08640247438318971,0.10191205515451497,0.8112924001372745,0.16537245553836907,-0.1623697704290685,0.25961101264307873,0.016100581690324103,-0.47624544062351204,0.4791006471266404,194,87.88,29,42.103364869489155,2197,True,True,proven_optimal,,64,0.7,,False,0.5,25,5,0.1,0.1-pilot,high,-0.5,C,negative,2,-0.5,mmr,6,0.29024330780835256,0.11590511388807033,1.738576708321055,1.9973988090270418,0.6004728132387707,1.8235411381949362,full_corpus,heuristic_no_guarantee,no_candidate_fits_budget,487,508,846,True
synthetic_factorial,medium,0.9940944881889764,2197,False,,,,,-0.4033969219857471,,,-0.5,,25,0.05247985802861267,-0.39221312304550526,0.45615175634056193,0.25920205928809975,0.08640247438318971,0.10191205515451497,0.8112924001372745,0.16537245553836907,-0.1623697704290685,0.25961101264307873,0.016100581690324103,-0.47624544062351204,0.4791006471266404,194,87.88,29,42.103364869489155,2197,True,True,proven_optimal,,64,0.7,,False,0.5,25,5,0.1,0.1-pilot,high,-0.5,C,negative,2,-0.5,greedy_objective,8,0.04367012342612627,0.18662781587732444,5.225578844565084,2.979606744724891,0.6004728132387707,2.4570488602683827,full_corpus,heuristic_no_guarantee,no_candidate_fits_budget,505,508,846,True
synthetic_factorial,medium,0.937007874015748,2197,False,,,,,-0.4033969219857471,,,-0.5,,25,0.05247985802861267,-0.39221312304550526,0.45615175634056193,0.25920205928809975,0.08640247438318971,0.10191205515451497,0.8112924001372745,0.16537245553836907,-0.1623697704290685,0.25961101264307873,0.016100581690324103,-0.47624544062351204,0.4791006471266404,194,87.88,29,42.103364869489155,2197,True,True,proven_optimal,,64,0.7,,False,0.5,25,5,0.1,0.1-pilot,high,-0.5,C,negative,2,-0.5,greedy_token_aware,9,0.03288954640670636,0.16109652547910994,5.799474917247958,3.064694330616933,0.6004728132387707,2.4847468388921374,full_corpus,heuristic_no_guarantee,no_candidate_fits_budget,476,508,846,True
synthetic_factorial,medium,0.9980314960629921,2197,False,,,,,-0.4033969219857471,,,-0.5,,25,0.05247985802861267,-0.39221312304550526,0.45615175634056193,0.25920205928809975,0.08640247438318971,0.10191205515451497,0.8112924001372745,0.16537245553836907,-0.1623697704290685,0.25961101264307873,0.016100581690324103,-0.47624544062351204,0.4791006471266404,194,87.88,29,42.103364869489155,2197,True,True,proven_optimal,,64,0.7,,False,0.5,25,5,0.1,0.1-pilot,high,-0.5,C,negative,2,-0.5,ilp,9,0.0,0.19233912274467302,6.924208418808228,3.2616690902686614,0.6004728132387707,2.5692482483878383,full_corpus,proven_optimal,n/a,507,508,846,True
synthetic_factorial,loose,0.7620173364854216,2197,False,,,,,-0.4033969219857471,,,-0.5,,25,0.05247985802861267,-0.39221312304550526,0.45615175634056193,0.25920205928809975,0.08640247438318971,0.10191205515451497,0.8112924001372745,0.16537245553836907,-0.1623697704290685,0.25961101264307873,0.016100581690324103,-0.47624544062351204,0.4791006471266404,194,87.88,29,42.103364869489155,2197,True,True,proven_optimal,,64,0.7,,False,0.5,25,5,0.1,0.1-pilot,high,-0.5,C,negative,2,-0.5,top_k,13,0.0040061784053344275,0.191730161049928,14.954952561894384,4.356434943329523,1.5,2.8609396871400845,full_corpus,heuristic_no_guarantee,no_positive_marginal_gain,967,1269,846,True
synthetic_factorial,loose,0.6666666666666666,2197,False,,,,,-0.4033969219857471,,,-0.5,,25,0.05247985802861267,-0.39221312304550526,0.45615175634056193,0.25920205928809975,0.08640247438318971,0.10191205515451497,0.8112924001372745,0.16537245553836907,-0.1623697704290685,0.25961101264307873,0.016100581690324103,-0.47624544062351204,0.4791006471266404,194,87.88,29,42.103364869489155,2197,True,True,proven_optimal,,64,0.7,,False,0.5,25,5,0.1,0.1-pilot,high,-0.5,C,negative,2,-0.5,mmr,12,3.092061753246333e-16,0.1908445100335765,12.595737662216049,4.132020989397639,1.5,2.8724472231760343,full_corpus,heuristic_no_guarantee,no_positive_marginal_gain,846,1269,846,True
synthetic_factorial,loose,0.6666666666666666,2197,False,,,,,-0.4033969219857471,,,-0.5,,25,0.05247985802861267,-0.39221312304550526,0.45615175634056193,0.25920205928809975,0.08640247438318971,0.10191205515451497,0.8112924001372745,0.16537245553836907,-0.1623697704290685,0.25961101264307873,0.016100581690324103,-0.47624544062351204,0.4791006471266404,194,87.88,29,42.103364869489155,2197,True,True,proven_optimal,,64,0.7,,False,0.5,25,5,0.1,0.1-pilot,high,-0.5,C,negative,2,-0.5,greedy_objective,12,0.0,0.19084451003357653,12.59573766221605,4.13202098939764,1.5,2.872447223176035,full_corpus,heuristic_no_guarantee,no_positive_marginal_gain,846,1269,846,True
synthetic_factorial,loose,0.6666666666666666,2197,False,,,,,-0.4033969219857471,,,-0.5,,25,0.05247985802861267,-0.39221312304550526,0.45615175634056193,0.25920205928809975,0.08640247438318971,0.10191205515451497,0.8112924001372745,0.16537245553836907,-0.1623697704290685,0.25961101264307873,0.016100581690324103,-0.47624544062351204,0.4791006471266404,194,87.88,29,42.103364869489155,2197,True,True,proven_optimal,,64,0.7,,False,0.5,25,5,0.1,0.1-pilot,high,-0.5,C,negative,2,-0.5,greedy_token_aware,12,0.0,0.1908445100335765,12.595737662216049,4.13202098939764,1.5,2.872447223176035,full_corpus,heuristic_no_guarantee,no_positive_marginal_gain,846,1269,846,True
synthetic_factorial,loose,0.6666666666666666,2197,False,,,,,-0.4033969219857471,,,-0.5,,25,0.05247985802861267,-0.39221312304550526,0.45615175634056193,0.25920205928809975,0.08640247438318971,0.10191205515451497,0.8112924001372745,0.16537245553836907,-0.1623697704290685,0.25961101264307873,0.016100581690324103,-0.47624544062351204,0.4791006471266404,194,87.88,29,42.103364869489155,2197,True,True,proven_optimal,,64,0.7,,False,0.5,25,5,0.1,0.1-pilot,high,-0.5,C,negative,2,-0.5,ilp,12,0.0,0.1908445100335765,12.595737662216049,4.13202098939764,1.5,2.872447223176035,full_corpus,proven_optimal,n/a,846,1269,846,True
synthetic_factorial,tight,0.9798657718120806,4072,True,759,"[14, 5, 10, 4]","[402, 444, 732, 690]",1687,0.21537964823127428,,,,,25,0.000786792288956279,0.6274639717406321,0.45615175634056193,0.25920205928809975,0.08640247438318971,0.10191205515451497,0.4583189844474463,0.08363501519061785,-0.2834487785753492,0.13690597443916538,0.13045088295560578,0.3108290113277849,1.1979286716582032,732,162.88,30,195.11862203968812,4072,True,True,proven_optimal,,64,0.15,,True,0.5,25,5,0.1,0.1-pilot,low,0.0,D,adversarial_mismatch,2,,top_k,3,0.5446244661037959,0.17186210220629636,0.515586306618889,1.2260274062194056,0.24993010902991333,1.1744687755575167,full_corpus,heuristic_no_guarantee,no_candidate_fits_budget,876,894,3577,True
synthetic_factorial,tight,0.9955257270693513,4072,True,759,"[14, 5, 10, 4]","[402, 444, 732, 690]",1687,0.21537964823127428,,,,,25,0.000786792288956279,0.6274639717406321,0.45615175634056193,0.25920205928809975,0.08640247438318971,0.10191205515451497,0.4583189844474463,0.08363501519061785,-0.2834487785753492,0.13690597443916538,0.13045088295560578,0.3108290113277849,1.1979286716582032,732,162.88,30,195.11862203968812,4072,True,True,proven_optimal,,64,0.15,,True,0.5,25,5,0.1,0.1-pilot,low,0.0,D,adversarial_mismatch,2,,mmr,6,0.31752252180331225,0.05292308784414177,0.7938463176621265,1.839576887386925,0.24993010902991333,1.7601922556207124,full_corpus,heuristic_no_guarantee,no_candidate_fits_budget,890,894,3577,True
synthetic_factorial,tight,0.9798657718120806,4072,True,759,"[14, 5, 10, 4]","[402, 444, 732, 690]",1687,0.21537964823127428,,,,,25,0.000786792288956279,0.6274639717406321,0.45615175634056193,0.25920205928809975,0.08640247438318971,0.10191205515451497,0.4583189844474463,0.08363501519061785,-0.2834487785753492,0.13690597443916538,0.13045088295560578,0.3108290113277849,1.1979286716582032,732,162.88,30,195.11862203968812,4072,True,True,proven_optimal,,64,0.15,,True,0.5,25,5,0.1,0.1-pilot,low,0.0,D,adversarial_mismatch,2,,greedy_objective,3,0.5446244661037959,0.17186210220629636,0.515586306618889,1.2260274062194056,0.24993010902991333,1.1744687755575167,full_corpus,heuristic_no_guarantee,no_candidate_fits_budget,876,894,3577,True
synthetic_factorial,tight,0.9440715883668904,4072,True,759,"[14, 5, 10, 4]","[402, 444, 732, 690]",1687,0.21537964823127428,,,,,25,0.000786792288956279,0.6274639717406321,0.45615175634056193,0.25920205928809975,0.08640247438318971,0.10191205515451497,0.4583189844474463,0.08363501519061785,-0.2834487785753492,0.13690597443916538,0.13045088295560578,0.3108290113277849,1.1979286716582032,732,162.88,30,195.11862203968812,4072,True,True,proven_optimal,,64,0.15,,True,0.5,25,5,0.1,0.1-pilot,low,0.0,D,adversarial_mismatch,2,,greedy_token_aware,13,0.007280436345088178,0.10690881041148095,8.338887212095514,3.3942329725182523,0.24993010902991333,2.5603442513087007,full_corpus,heuristic_no_guarantee,no_candidate_fits_budget,844,894,3577,True
synthetic_factorial,tight,0.9988814317673378,4072,True,759,"[14, 5, 10, 4]","[402, 444, 732, 690]",1687,0.21537964823127428,,,,,25,0.000786792288956279,0.6274639717406321,0.45615175634056193,0.25920205928809975,0.08640247438318971,0.10191205515451497,0.4583189844474463,0.08363501519061785,-0.2834487785753492,0.13690597443916538,0.13045088295560578,0.3108290113277849,1.1979286716582032,732,162.88,30,195.11862203968812,4072,True,True,proven_optimal,,64,0.15,,True,0.5,25,5,0.1,0.1-pilot,low,0.0,D,adversarial_mismatch,2,,ilp,12,0.0,0.10101521346373676,6.667004088606626,3.245821789205218,0.24993010902991333,2.579121380344555,full_corpus,proven_optimal,n/a,893,894,3577,True
synthetic_factorial,medium,0.9860205032618826,4072,True,759,"[14, 5, 10, 4]","[402, 444, 732, 690]",1687,0.21537964823127428,,,,,25,0.000786792288956279,0.6274639717406321,0.45615175634056193,0.25920205928809975,0.08640247438318971,0.10191205515451497,0.4583189844474463,0.08363501519061785,-0.2834487785753492,0.13690597443916538,0.13045088295560578,0.3108290113277849,1.1979286716582032,732,162.88,30,195.11862203968812,4072,True,True,proven_optimal,,64,0.15,,True,0.5,25,5,0.1,0.1-pilot,low,0.0,D,adversarial_mismatch,2,,top_k,9,0.16042113641888198,0.14889198443644083,5.36011143971187,3.275722097509336,0.5999440872239307,2.739710953538149,full_corpus,heuristic_no_guarantee,no_candidate_fits_budget,2116,2146,3577,True
synthetic_factorial,medium,0.994408201304753,4072,True,759,"[14, 5, 10, 4]","[402, 444, 732, 690]",1687,0.21537964823127428,,,,,25,0.000786792288956279,0.6274639717406321,0.45615175634056193,0.25920205928809975,0.08640247438318971,0.10191205515451497,0.4583189844474463,0.08363501519061785,-0.2834487785753492,0.13690597443916538,0.13045088295560578,0.3108290113277849,1.1979286716582032,732,162.88,30,195.11862203968812,4072,True,True,proven_optimal,,64,0.15,,True,0.5,25,5,0.1,0.1-pilot,low,0.0,D,adversarial_mismatch,2,,mmr,7,0.3327360148581576,0.09606650561281545,2.0173966178691245,2.379153277462094,0.5999440872239307,2.1774136156751815,full_corpus,heuristic_no_guarantee,no_candidate_fits_budget,2134,2146,3577,True
synthetic_factorial,medium,0.9888164026095061,4072,True,759,"[14, 5, 10, 4]","[402, 444, 732, 690]",1687,0.21537964823127428,,,,,25,0.000786792288956279,0.6274639717406321,0.45615175634056193,0.25920205928809975,0.08640247438318971,0.10191205515451497,0.4583189844474463,0.08363501519061785,-0.2834487785753492,0.13690597443916538,0.13045088295560578,0.3108290113277849,1.1979286716582032,732,162.88,30,195.11862203968812,4072,True,True,proven_optimal,,64,0.15,,True,0.5,25,5,0.1,0.1-pilot,low,0.0,D,adversarial_mismatch,2,,greedy_objective,9,0.15098154709747666,0.1295257376492449,4.662926555372817,3.2368068455342973,0.5999440872239307,2.770514189997016,full_corpus,heuristic_no_guarantee,no_candidate_fits_budget,2122,2146,3577,True
synthetic_factorial,medium,0.9445479962721341,4072,True,759,"[14, 5, 10, 4]","[402, 444, 732, 690]",1687,0.21537964823127428,,,,,25,0.000786792288956279,0.6274639717406321,0.45615175634056193,0.25920205928809975,0.08640247438318971,0.10191205515451497,0.4583189844474463,0.08363501519061785,-0.2834487785753492,0.13690597443916538,0.13045088295560578,0.3108290113277849,1.1979286716582032,732,162.88,30,195.11862203968812,4072,True,True,proven_optimal,,64,0.15,,True,0.5,25,5,0.1,0.1-pilot,low,0.0,D,adversarial_mismatch,2,,greedy_token_aware,17,0.011115893699033826,0.11548568726938403,15.70605346863623,4.797528671560658,0.5999440872239307,3.2269233246970357,full_corpus,heuristic_no_guarantee,no_positive_marginal_gain,2027,2146,3577,True
synthetic_factorial,medium,0.97856477166822,4072,True,759,"[14, 5, 10, 4]","[402, 444, 732, 690]",1687,0.21537964823127428,,,,,25,0.000786792288956279,0.6274639717406321,0.45615175634056193,0.25920205928809975,0.08640247438318971,0.10191205515451497,0.4583189844474463,0.08363501519061785,-0.2834487785753492,0.13690597443916538,0.13045088295560578,0.3108290113277849,1.1979286716582032,732,162.88,30,195.11862203968812,4072,True,True,proven_optimal,,64,0.15,,True,0.5,25,5,0.1,0.1-pilot,low,0.0,D,adversarial_mismatch,2,,ilp,16,0.0,0.1075884721327089,12.910616655925068,4.554258337614783,0.5999440872239307,3.2631966720222763,full_corpus,proven_optimal,n/a,2100,2146,3577,True
synthetic_factorial,loose,0.6906448005963474,4072,True,759,"[14, 5, 10, 4]","[402, 444, 732, 690]",1687,0.21537964823127428,,,,,25,0.000786792288956279,0.6274639717406321,0.45615175634056193,0.25920205928809975,0.08640247438318971,0.10191205515451497,0.4583189844474463,0.08363501519061785,-0.2834487785753492,0.13690597443916538,0.13045088295560578,0.3108290113277849,1.1979286716582032,732,162.88,30,195.11862203968812,4072,True,True,proven_optimal,,64,0.15,,True,0.5,25,5,0.1,0.1-pilot,low,0.0,D,adversarial_mismatch,2,,top_k,20,0.017157375520591253,0.11843121483039652,22.50193081777534,5.827751518818224,1.5001397819401734,3.57755843704069,full_corpus,heuristic_no_guarantee,no_positive_marginal_gain,3706,5366,3577,True
synthetic_factorial,loose,0.6792769288110324,4072,True,759,"[14, 5, 10, 4]","[402, 444, 732, 690]",1687,0.21537964823127428,,,,,25,0.000786792288956279,0.6274639717406321,0.45615175634056193,0.25920205928809975,0.08640247438318971,0.10191205515451497,0.4583189844474463,0.08363501519061785,-0.2834487785753492,0.13690597443916538,0.13045088295560578,0.3108290113277849,1.1979286716582032,732,162.88,30,195.11862203968812,4072,True,True,proven_optimal,,64,0.15,,True,0.5,25,5,0.1,0.1-pilot,low,0.0,D,adversarial_mismatch,2,,mmr,19,0.0025644337959953097,0.112567336874956,19.249014605617475,5.555578373020335,1.5001397819401734,3.6306769124585876,full_corpus,heuristic_no_guarantee,no_positive_marginal_gain,3645,5366,3577,True
synthetic_factorial,loose,0.6666045471487141,4072,True,759,"[14, 5, 10, 4]","[402, 444, 732, 690]",1687,0.21537964823127428,,,,,25,0.000786792288956279,0.6274639717406321,0.45615175634056193,0.25920205928809975,0.08640247438318971,0.10191205515451497,0.4583189844474463,0.08363501519061785,-0.2834487785753492,0.13690597443916538,0.13045088295560578,0.3108290113277849,1.1979286716582032,732,162.88,30,195.11862203968812,4072,True,True,proven_optimal,,64,0.15,,True,0.5,25,5,0.1,0.1-pilot,low,0.0,D,adversarial_mismatch,2,,greedy_objective,18,0.0,0.11397572183990769,17.438285441505876,5.383840025068652,1.5001397819401734,3.640011480918065,full_corpus,heuristic_no_guarantee,no_positive_marginal_gain,3577,5366,3577,True
synthetic_factorial,loose,0.6790905702571748,4072,True,759,"[14, 5, 10, 4]","[402, 444, 732, 690]",1687,0.21537964823127428,,,,,25,0.000786792288956279,0.6274639717406321,0.45615175634056193,0.25920205928809975,0.08640247438318971,0.10191205515451497,0.4583189844474463,0.08363501519061785,-0.2834487785753492,0.13690597443916538,0.13045088295560578,0.3108290113277849,1.1979286716582032,732,162.88,30,195.11862203968812,4072,True,True,proven_optimal,,64,0.15,,True,0.5,25,5,0.1,0.1-pilot,low,0.0,D,adversarial_mismatch,2,,greedy_token_aware,20,0.020298858727160488,0.11773174950465809,22.369032405885036,5.80302664269017,1.5001397819401734,3.566123402101667,full_corpus,heuristic_no_guarantee,no_positive_marginal_gain,3644,5366,3577,True
synthetic_factorial,loose,0.6666045471487141,4072,True,759,"[14, 5, 10, 4]","[402, 444, 732, 690]",1687,0.21537964823127428,,,,,25,0.000786792288956279,0.6274639717406321,0.45615175634056193,0.25920205928809975,0.08640247438318971,0.10191205515451497,0.4583189844474463,0.08363501519061785,-0.2834487785753492,0.13690597443916538,0.13045088295560578,0.3108290113277849,1.1979286716582032,732,162.88,30,195.11862203968812,4072,True,True,proven_optimal,,64,0.15,,True,0.5,25,5,0.1,0.1-pilot,low,0.0,D,adversarial_mismatch,2,,ilp,18,0.0,0.11397572183990769,17.438285441505876,5.383840025068652,1.5001397819401734,3.640011480918065,full_corpus,proven_optimal,n/a,3577,5366,3577,True
synthetic_factorial,tight,0.9966887417218543,3574,True,462,"[14, 5, 10, 4]","[402, 444, 462, 462]",1026,0.22756945389028865,,,,,25,0.00033996026330382703,0.6590452699743672,0.45615175634056193,0.25920205928809975,0.08640247438318971,0.10191205515451497,0.8112924001372745,0.16537245553836907,-0.1623697704290685,0.25961101264307873,0.13087459980935218,0.3105040629993448,0.9902496213160351,462,142.96,30,141.5660858633404,3574,True,True,proven_optimal,,64,0.7,,True,0.5,25,5,0.1,0.1-pilot,high,0.0,D,adversarial_mismatch,2,,top_k,4,0.3503055733207763,0.2485363432697553,1.4912180596185318,1.5058709322555794,0.24979321753515302,1.3567491262937263,full_corpus,heuristic_no_guarantee,no_candidate_fits_budget,602,604,2418,True
synthetic_factorial,tight,0.9784768211920529,3574,True,462,"[14, 5, 10, 4]","[402, 444, 462, 462]",1026,0.22756945389028865,,,,,25,0.00033996026330382703,0.6590452699743672,0.45615175634056193,0.25920205928809975,0.08640247438318971,0.10191205515451497,0.8112924001372745,0.16537245553836907,-0.1623697704290685,0.25961101264307873,0.13087459980935218,0.3105040629993448,0.9902496213160351,462,142.96,30,141.5660858633404,3574,True,True,proven_optimal,,64,0.7,,True,0.5,25,5,0.1,0.1-pilot,high,0.0,D,adversarial_mismatch,2,,mmr,5,0.25253741242010014,0.13455843589042243,1.3455843589042242,1.6954756471088315,0.24979321753515302,1.560917211218409,full_corpus,heuristic_no_guarantee,no_candidate_fits_budget,591,604,2418,True
synthetic_factorial,tight,0.9966887417218543,3574,True,462,"[14, 5, 10, 4]","[402, 444, 462, 462]",1026,0.22756945389028865,,,,,25,0.00033996026330382703,0.6590452699743672,0.45615175634056193,0.25920205928809975,0.08640247438318971,0.10191205515451497,0.8112924001372745,0.16537245553836907,-0.1623697704290685,0.25961101264307873,0.13087459980935218,0.3105040629993448,0.9902496213160351,462,142.96,30,141.5660858633404,3574,True,True,proven_optimal,,64,0.7,,True,0.5,25,5,0.1,0.1-pilot,high,0.0,D,adversarial_mismatch,2,,greedy_objective,4,0.3503055733207763,0.2485363432697553,1.4912180596185318,1.5058709322555794,0.24979321753515302,1.3567491262937263,full_corpus,heuristic_no_guarantee,no_candidate_fits_budget,602,604,2418,True
synthetic_factorial,tight,0.9884105960264901,3574,True,462,"[14, 5, 10, 4]","[402, 444, 462, 462]",1026,0.22756945389028865,,,,,25,0.00033996026330382703,0.6590452699743672,0.45615175634056193,0.25920205928809975,0.08640247438318971,0.10191205515451497,0.8112924001372745,0.16537245553836907,-0.1623697704290685,0.25961101264307873,0.13087459980935218,0.3105040629993448,0.9902496213160351,462,142.96,30,141.5660858633404,3574,True,True,proven_optimal,,64,0.7,,True,0.5,25,5,0.1,0.1-pilot,high,0.0,D,adversarial_mismatch,2,,greedy_token_aware,10,0.0,0.1416932101631192,6.376194457340364,2.7259075248367983,0.24979321753515302,2.088288079102762,full_corpus,heuristic_no_guarantee,no_candidate_fits_budget,597,604,2418,True
synthetic_factorial,tight,0.9884105960264901,3574,True,462,"[14, 5, 10, 4]","[402, 444, 462, 462]",1026,0.22756945389028865,,,,,25,0.00033996026330382703,0.6590452699743672,0.45615175634056193,0.25920205928809975,0.08640247438318971,0.10191205515451497,0.8112924001372745,0.16537245553836907,-0.1623697704290685,0.25961101264307873,0.13087459980935218,0.3105040629993448,0.9902496213160351,462,142.96,30,141.5660858633404,3574,True,True,proven_optimal,,64,0.7,,True,0.5,25,5,0.1,0.1-pilot,high,0.0,D,adversarial_mismatch,2,,ilp,10,0.0,0.14169321016311923,6.376194457340365,2.7259075248367983,0.24979321753515302,2.088288079102762,full_corpus,proven_optimal,n/a,597,604,2418,True
synthetic_factorial,medium,0.994486560992419,3574,True,462,"[14, 5, 10, 4]","[402, 444, 462, 462]",1026,0.22756945389028865,,,,,25,0.00033996026330382703,0.6590452699743672,0.45615175634056193,0.25920205928809975,0.08640247438318971,0.10191205515451497,0.8112924001372745,0.16537245553836907,-0.1623697704290685,0.25961101264307873,0.13087459980935218,0.3105040629993448,0.9902496213160351,462,142.96,30,141.5660858633404,3574,True,True,proven_optimal,,64,0.7,,True,0.5,25,5,0.1,0.1-pilot,high,0.0,D,adversarial_mismatch,2,,top_k,4,0.4293690798228391,0.3424023339678434,2.0544140038070604,1.6463501399655749,0.6000827129859387,1.4409087395848688,full_corpus,heuristic_no_guarantee,no_candidate_fits_budget,1443,1451,2418,True
synthetic_factorial,medium,0.9869055823569952,3574,True,462,"[14, 5, 10, 4]","[402, 444, 462, 462]",1026,0.22756945389028865,,,,,25,0.00033996026330382703,0.6590452699743672,0.45615175634056193,0.25920205928809975,0.08640247438318971,0.10191205515451497,0.8112924001372745,0.16537245553836907,-0.1623697704290685,0.25961101264307873,0.13087459980935218,0.3105040629993448,0.9902496213160351,462,142.96,30,141.5660858633404,3574,True,True,proven_optimal,,64,0.7,,True,0.5,25,5,0.1,0.1-pilot,high,0.0,D,adversarial_mismatch,2,,mmr,8,0.10284252097876517,0.17619711231927315,4.933519144939648,2.7587777906527275,0.6000827129859387,2.265425876158763,full_corpus,heuristic_no_guarantee,no_candidate_fits_budget,1432,1451,2418,True
synthetic_factorial,medium,0.9910406616126809,3574,True,462,"[14, 5, 10, 4]","[402, 444, 462, 462]",1026,0.22756945389028865,,,,,25,0.00033996026330382703,0.6590452699743672,0.45615175634056193,0.25920205928809975,0.08640247438318971,0.10191205515451497,0.8112924001372745,0.16537245553836907,-0.1623697704290685,0.25961101264307873,0.13087459980935218,0.3105040629993448,0.9902496213160351,462,142.96,30,141.5660858633404,3574,True,True,proven_optimal,,64,0.7,,True,0.5,25,5,0.1,0.1-pilot,high,0.0,D,adversarial_mismatch,2,,greedy_objective,6,0.20881182328967485,0.14135288584571473,2.120293287685721,2.2098705220291577,0.6000827129859387,1.9978411932605855,full_corpus,heuristic_no_guarantee,no_candidate_fits_budget,1438,1451,2418,True
synthetic_factorial,medium,0.9241902136457616,3574,True,462,"[14, 5, 10, 4]","[402, 444, 462, 462]",1026,0.22756945389028865,,,,,25,0.00033996026330382703,0.6590452699743672,0.45615175634056193,0.25920205928809975,0.08640247438318971,0.10191205515451497,0.8112924001372745,0.16537245553836907,-0.1623697704290685,0.25961101264307873,0.13087459980935218,0.3105040629993448,0.9902496213160351,462,142.96,30,141.5660858633404,3574,True,True,proven_optimal,,64,0.7,,True,0.5,25,5,0.1,0.1-pilot,high,0.0,D,adversarial_mismatch,2,,greedy_token_aware,13,0.039711739683955936,0.16400324453905418,12.792253074046226,3.704063671194217,0.6000827129859387,2.4248383637895943,full_corpus,heuristic_no_guarantee,no_positive_marginal_gain,1341,1451,2418,True
synthetic_factorial,medium,0.994486560992419,3574,True,462,"[14, 5, 10, 4]","[402, 444, 462, 462]",1026,0.22756945389028865,,,,,25,0.00033996026330382703,0.6590452699743672,0.45615175634056193,0.25920205928809975,0.08640247438318971,0.10191205515451497,0.8112924001372745,0.16537245553836907,-0.1623697704290685,0.25961101264307873,0.13087459980935218,0.3105040629993448,0.9902496213160351,462,142.96,30,141.5660858633404,3574,True,True,proven_optimal,,64,0.7,,True,0.5,25,5,0.1,0.1-pilot,high,0.0,D,adversarial_mismatch,2,,ilp,11,0.0,0.1646194203311888,9.054068118215383,3.430521888196154,0.6000827129859387,2.5251150763746155,full_corpus,proven_optimal,n/a,1443,1451,2418,True
synthetic_factorial,loose,0.699200441135925,3574,True,462,"[14, 5, 10, 4]","[402, 444, 462, 462]",1026,0.22756945389028865,,,,,25,0.00033996026330382703,0.6590452699743672,0.45615175634056193,0.25920205928809975,0.08640247438318971,0.10191205515451497,0.8112924001372745,0.16537245553836907,-0.1623697704290685,0.25961101264307873,0.13087459980935218,0.3105040629993448,0.9902496213160351,462,142.96,30,141.5660858633404,3574,True,True,proven_optimal,,64,0.7,,True,0.5,25,5,0.1,0.1-pilot,high,0.0,D,adversarial_mismatch,2,,top_k,13,0.0040061784053344275,0.191730161049928,14.954952561894384,4.356434943329523,1.5,2.8609396871400845,full_corpus,heuristic_no_guarantee,no_positive_marginal_gain,2536,3627,2418,True
synthetic_factorial,loose,0.6666666666666666,3574,True,462,"[14, 5, 10, 4]","[402, 444, 462, 462]",1026,0.22756945389028865,,,,,25,0.00033996026330382703,0.6590452699743672,0.45615175634056193,0.25920205928809975,0.08640247438318971,0.10191205515451497,0.8112924001372745,0.16537245553836907,-0.1623697704290685,0.25961101264307873,0.13087459980935218,0.3105040629993448,0.9902496213160351,462,142.96,30,141.5660858633404,3574,True,True,proven_optimal,,64,0.7,,True,0.5,25,5,0.1,0.1-pilot,high,0.0,D,adversarial_mismatch,2,,mmr,12,3.092061753246333e-16,0.1908445100335765,12.595737662216049,4.132020989397639,1.5,2.8724472231760343,full_corpus,heuristic_no_guarantee,no_positive_marginal_gain,2418,3627,2418,True
synthetic_factorial,loose,0.6666666666666666,3574,True,462,"[14, 5, 10, 4]","[402, 444, 462, 462]",1026,0.22756945389028865,,,,,25,0.00033996026330382703,0.6590452699743672,0.45615175634056193,0.25920205928809975,0.08640247438318971,0.10191205515451497,0.8112924001372745,0.16537245553836907,-0.1623697704290685,0.25961101264307873,0.13087459980935218,0.3105040629993448,0.9902496213160351,462,142.96,30,141.5660858633404,3574,True,True,proven_optimal,,64,0.7,,True,0.5,25,5,0.1,0.1-pilot,high,0.0,D,adversarial_mismatch,2,,greedy_objective,12,0.0,0.19084451003357653,12.59573766221605,4.13202098939764,1.5,2.872447223176035,full_corpus,heuristic_no_guarantee,no_positive_marginal_gain,2418,3627,2418,True
synthetic_factorial,loose,0.7143644885580369,3574,True,462,"[14, 5, 10, 4]","[402, 444, 462, 462]",1026,0.22756945389028865,,,,,25,0.00033996026330382703,0.6590452699743672,0.45615175634056193,0.25920205928809975,0.08640247438318971,0.10191205515451497,0.8112924001372745,0.16537245553836907,-0.1623697704290685,0.25961101264307873,0.13087459980935218,0.3105040629993448,0.9902496213160351,462,142.96,30,141.5660858633404,3574,True,True,proven_optimal,,64,0.7,,True,0.5,25,5,0.1,0.1-pilot,high,0.0,D,adversarial_mismatch,2,,greedy_token_aware,15,0.06384266630701399,0.19169701537814923,20.12818661470567,4.701881195092866,1.5,2.6890625336222986,full_corpus,heuristic_no_guarantee,no_positive_marginal_gain,2591,3627,2418,True
synthetic_factorial,loose,0.6666666666666666,3574,True,462,"[14, 5, 10, 4]","[402, 444, 462, 462]",1026,0.22756945389028865,,,,,25,0.00033996026330382703,0.6590452699743672,0.45615175634056193,0.25920205928809975,0.08640247438318971,0.10191205515451497,0.8112924001372745,0.16537245553836907,-0.1623697704290685,0.25961101264307873,0.13087459980935218,0.3105040629993448,0.9902496213160351,462,142.96,30,141.5660858633404,3574,True,True,proven_optimal,,64,0.7,,True,0.5,25,5,0.1,0.1-pilot,high,0.0,D,adversarial_mismatch,2,,ilp,12,0.0,0.1908445100335765,12.595737662216049,4.13202098939764,1.5,2.872447223176035,full_corpus,proven_optimal,n/a,2418,3627,2418,True
synthetic_factorial,tight,0.9551020408163265,2437,False,,,,,0.01346807690979212,,,0.0,,25,0.6156556538674594,-0.10552475160774416,0.5726539469902237,0.29630241846813554,0.1171116669008645,0.11789313627094655,0.5890370035224313,0.11799317109665694,-0.22517232187309233,0.12880217525659363,0.9737893239278034,-0.00692574118214152,0.4611115763462972,182,97.48,27,44.94915646223705,2437,True,True,proven_optimal,,64,0.15,,False,0.5,25,5,0.1,0.1-pilot,low,0.0,A,independent,3,0.0,top_k,6,0.07594310494120086,0.20076775978623299,3.011516396793495,2.703182431812569,0.2501276161306789,2.4020307921332194,full_corpus,heuristic_no_guarantee,no_candidate_fits_budget,468,490,1959,True
synthetic_factorial,tight,0.9918367346938776,2437,False,,,,,0.01346807690979212,,,0.0,,25,0.6156556538674594,-0.10552475160774416,0.5726539469902237,0.29630241846813554,0.1171116669008645,0.11789313627094655,0.5890370035224313,0.11799317109665694,-0.22517232187309233,0.12880217525659363,0.9737893239278034,-0.00692574118214152,0.4611115763462972,182,97.48,27,44.94915646223705,2437,True,True,proven_optimal,,64,0.15,,False,0.5,25,5,0.1,0.1-pilot,low,0.0,A,independent,3,0.0,mmr,6,0.11167402637653524,0.2060658419117568,3.090987628676352,2.6182491555601852,0.2501276161306789,2.30915039269255,full_corpus,heuristic_no_guarantee,no_candidate_fits_budget,486,490,1959,True
synthetic_factorial,tight,0.9551020408163265,2437,False,,,,,0.01346807690979212,,,0.0,,25,0.6156556538674594,-0.10552475160774416,0.5726539469902237,0.29630241846813554,0.1171116669008645,0.11789313627094655,0.5890370035224313,0.11799317109665694,-0.22517232187309233,0.12880217525659363,0.9737893239278034,-0.00692574118214152,0.4611115763462972,182,97.48,27,44.94915646223705,2437,True,True,proven_optimal,,64,0.15,,False,0.5,25,5,0.1,0.1-pilot,low,0.0,A,independent,3,0.0,greedy_objective,6,0.07594310494120086,0.20076775978623299,3.011516396793495,2.703182431812569,0.2501276161306789,2.4020307921332194,full_corpus,heuristic_no_guarantee,no_candidate_fits_budget,468,490,1959,True
synthetic_factorial,tight,0.9591836734693877,2437,False,,,,,0.01346807690979212,,,0.0,,25,0.6156556538674594,-0.10552475160774416,0.5726539469902237,0.29630241846813554,0.1171116669008645,0.11789313627094655,0.5890370035224313,0.11799317109665694,-0.22517232187309233,0.12880217525659363,0.9737893239278034,-0.00692574118214152,0.4611115763462972,182,97.48,27,44.94915646223705,2437,True,True,proven_optimal,,64,0.15,,False,0.5,25,5,0.1,0.1-pilot,low,0.0,A,independent,3,0.0,greedy_token_aware,7,0.011840111353252705,0.16119936505671906,3.3851866661911,2.907181367771711,0.2501276161306789,2.5686627011526006,full_corpus,heuristic_no_guarantee,no_candidate_fits_budget,470,490,1959,True
synthetic_factorial,tight,0.9755102040816327,2437,False,,,,,0.01346807690979212,,,0.0,,25,0.6156556538674594,-0.10552475160774416,0.5726539469902237,0.29630241846813554,0.1171116669008645,0.11789313627094655,0.5890370035224313,0.11799317109665694,-0.22517232187309233,0.12880217525659363,0.9737893239278034,-0.00692574118214152,0.4611115763462972,182,97.48,27,44.94915646223705,2437,True,True,proven_optimal,,64,0.15,,False,0.5,25,5,0.1,0.1-pilot,low,0.0,A,independent,3,0.0,ilp,7,0.0,0.19352122521908693,4.0639457296008255,3.0058349374847957,0.2501276161306789,2.599440364524713,full_corpus,proven_optimal,n/a,478,490,1959,True
synthetic_factorial,medium,0.9974468085106383,2437,False,,,,,0.01346807690979212,,,0.0,,25,0.6156556538674594,-0.10552475160774416,0.5726539469902237,0.29630241846813554,0.1171116669008645,0.11789313627094655,0.5890370035224313,0.11799317109665694,-0.22517232187309233,0.12880217525659363,0.9737893239278034,-0.00692574118214152,0.4611115763462972,182,97.48,27,44.94915646223705,2437,True,True,proven_optimal,,64,0.15,,False,0.5,25,5,0.1,0.1-pilot,low,0.0,A,independent,3,0.0,top_k,14,0.002979726962606257,0.16456630718685927,14.975533954004193,5.187254131576684,0.5997958141909138,3.6897007361762646,full_corpus,heuristic_no_guarantee,no_candidate_fits_budget,1172,1175,1959,True
synthetic_factorial,medium,0.9940425531914894,2437,False,,,,,0.01346807690979212,,,0.0,,25,0.6156556538674594,-0.10552475160774416,0.5726539469902237,0.29630241846813554,0.1171116669008645,0.11789313627094655,0.5890370035224313,0.11799317109665694,-0.22517232187309233,0.12880217525659363,0.9737893239278034,-0.00692574118214152,0.4611115763462972,182,97.48,27,44.94915646223705,2437,True,True,proven_optimal,,64,0.15,,False,0.5,25,5,0.1,0.1-pilot,low,0.0,A,independent,3,0.0,mmr,13,0.03537493384631,0.16176084039515068,12.617345550821753,4.831549445483967,0.5997958141909138,3.5698148904017915,full_corpus,heuristic_no_guarantee,no_candidate_fits_budget,1168,1175,1959,True
synthetic_factorial,medium,0.9897872340425532,2437,False,,,,,0.01346807690979212,,,0.0,,25,0.6156556538674594,-0.10552475160774416,0.5726539469902237,0.29630241846813554,0.1171116669008645,0.11789313627094655,0.5890370035224313,0.11799317109665694,-0.22517232187309233,0.12880217525659363,0.9737893239278034,-0.00692574118214152,0.4611115763462972,182,97.48,27,44.94915646223705,2437,True,True,proven_optimal,,64,0.15,,False,0.5,25,5,0.1,0.1-pilot,low,0.0,A,independent,3,0.0,greedy_objective,13,0.0151080023313318,0.1509422883384979,11.773498490402837,4.822167138242891,0.5997958141909138,3.6448172892026074,full_corpus,heuristic_no_guarantee,no_candidate_fits_budget,1163,1175,1959,True
synthetic_factorial,medium,0.9736170212765958,2437,False,,,,,0.01346807690979212,,,0.0,,25,0.6156556538674594,-0.10552475160774416,0.5726539469902237,0.29630241846813554,0.1171116669008645,0.11789313627094655,0.5890370035224313,0.11799317109665694,-0.22517232187309233,0.12880217525659363,0.9737893239278034,-0.00692574118214152,0.4611115763462972,182,97.48,27,44.94915646223705,2437,True,True,proven_optimal,,64,0.15,,False,0.5,25,5,0.1,0.1-pilot,low,0.0,A,independent,3,0.0,greedy_token_aware,15,0.0002975900782542717,0.13659009038747533,14.34195949068491,5.133822544030526,0.5997958141909138,3.6996265949620346,full_corpus,heuristic_no_guarantee,no_candidate_fits_budget,1144,1175,1959,True
synthetic_factorial,medium,0.9923404255319149,2437,False,,,,,0.01346807690979212,,,0.0,,25,0.6156556538674594,-0.10552475160774416,0.5726539469902237,0.29630241846813554,0.1171116669008645,0.11789313627094655,0.5890370035224313,0.11799317109665694,-0.22517232187309233,0.12880217525659363,0.9737893239278034,-0.00692574118214152,0.4611115763462972,182,97.48,27,44.94915646223705,2437,True,True,proven_optimal,,64,0.15,,False,0.5,25,5,0.1,0.1-pilot,low,0.0,A,independent,3,0.0,ilp,14,0.0,0.14557682503658748,13.24749107832946,5.025477002698811,0.5997958141909138,3.7007278948658655,full_corpus,proven_optimal,n/a,1166,1175,1959,True
synthetic_factorial,loose,0.7168141592920354,2437,False,,,,,0.01346807690979212,,,0.0,,25,0.6156556538674594,-0.10552475160774416,0.5726539469902237,0.29630241846813554,0.1171116669008645,0.11789313627094655,0.5890370035224313,0.11799317109665694,-0.22517232187309233,0.12880217525659363,0.9737893239278034,-0.00692574118214152,0.4611115763462972,182,97.48,27,44.94915646223705,2437,True,True,proven_optimal,,64,0.15,,False,0.5,25,5,0.1,0.1-pilot,low,0.0,A,independent,3,0.0,top_k,20,0.013307709753195163,0.1395140283105998,26.507665379013964,6.601575491166132,1.4997447677386422,3.9508089532647355,full_corpus,heuristic_no_guarantee,no_positive_marginal_gain,2106,2938,1959,True
synthetic_factorial,loose,0.6688223281143635,2437,False,,,,,0.01346807690979212,,,0.0,,25,0.6156556538674594,-0.10552475160774416,0.5726539469902237,0.29630241846813554,0.1171116669008645,0.11789313627094655,0.5890370035224313,0.11799317109665694,-0.22517232187309233,0.12880217525659363,0.9737893239278034,-0.00692574118214152,0.4611115763462972,182,97.48,27,44.94915646223705,2437,True,True,proven_optimal,,64,0.15,,False,0.5,25,5,0.1,0.1-pilot,low,0.0,A,independent,3,0.0,mmr,19,0.005004657021148508,0.13100809193709026,22.402383721242433,6.224293531321118,1.4997447677386422,3.9840551591968745,full_corpus,heuristic_no_guarantee,no_positive_marginal_gain,1965,2938,1959,True
synthetic_factorial,loose,0.6667801225323349,2437,False,,,,,0.01346807690979212,,,0.0,,25,0.6156556538674594,-0.10552475160774416,0.5726539469902237,0.29630241846813554,0.1171116669008645,0.11789313627094655,0.5890370035224313,0.11799317109665694,-0.22517232187309233,0.12880217525659363,0.9737893239278034,-0.00692574118214152,0.4611115763462972,182,97.48,27,44.94915646223705,2437,True,True,proven_optimal,,64,0.15,,False,0.5,25,5,0.1,0.1-pilot,low,0.0,A,independent,3,0.0,greedy_objective,19,2.2181755925138542e-16,0.12601798072567294,21.549074704090074,6.1590017481462995,1.4997447677386422,4.004094277737292,full_corpus,heuristic_no_guarantee,no_positive_marginal_gain,1959,2938,1959,True
synthetic_factorial,loose,0.6307011572498298,2437,False,,,,,0.01346807690979212,,,0.0,,25,0.6156556538674594,-0.10552475160774416,0.5726539469902237,0.29630241846813554,0.1171116669008645,0.11789313627094655,0.5890370035224313,0.11799317109665694,-0.22517232187309233,0.12880217525659363,0.9737893239278034,-0.00692574118214152,0.4611115763462972,182,97.48,27,44.94915646223705,2437,True,True,proven_optimal,,64,0.15,,False,0.5,25,5,0.1,0.1-pilot,low,0.0,A,independent,3,0.0,greedy_token_aware,19,0.006039394955533165,0.13503696684580338,23.09132133063238,6.289044104018085,1.4997447677386422,3.979911970954847,full_corpus,heuristic_no_guarantee,no_positive_marginal_gain,1853,2938,1959,True
synthetic_factorial,loose,0.6667801225323349,2437,False,,,,,0.01346807690979212,,,0.0,,25,0.6156556538674594,-0.10552475160774416,0.5726539469902237,0.29630241846813554,0.1171116669008645,0.11789313627094655,0.5890370035224313,0.11799317109665694,-0.22517232187309233,0.12880217525659363,0.9737893239278034,-0.00692574118214152,0.4611115763462972,182,97.48,27,44.94915646223705,2437,True,True,proven_optimal,,64,0.15,,False,0.5,25,5,0.1,0.1-pilot,low,0.0,A,independent,3,0.0,ilp,19,0.0,0.12601798072567294,21.549074704090074,6.1590017481463,1.4997447677386422,4.004094277737293,full_corpus,proven_optimal,n/a,1959,2938,1959,True
synthetic_factorial,tight,0.9584775086505191,2437,False,,,,,0.01346807690979212,,,0.0,,25,0.6156556538674594,-0.10552475160774416,0.5726539469902237,0.29630241846813554,0.1171116669008645,0.11789313627094655,0.8012299938144424,0.20938598612105302,-0.08447757718711067,0.24162943643182208,0.9737893239278034,-0.00692574118214152,0.4611115763462972,182,97.48,27,44.94915646223705,2437,True,True,proven_optimal,,64,0.7,,False,0.5,25,5,0.1,0.1-pilot,high,0.0,A,independent,3,0.0,top_k,4,0.030762459803270248,0.3841256873313182,2.3047541239879092,1.8686501808057856,0.25,1.6381747684069947,full_corpus,heuristic_no_guarantee,no_candidate_fits_budget,277,289,1156,True
synthetic_factorial,tight,0.972318339100346,2437,False,,,,,0.01346807690979212,,,0.0,,25,0.6156556538674594,-0.10552475160774416,0.5726539469902237,0.29630241846813554,0.1171116669008645,0.11789313627094655,0.8012299938144424,0.20938598612105302,-0.08447757718711067,0.24162943643182208,0.9737893239278034,-0.00692574118214152,0.4611115763462972,182,97.48,27,44.94915646223705,2437,True,True,proven_optimal,,64,0.7,,False,0.5,25,5,0.1,0.1-pilot,high,0.0,A,independent,3,0.0,mmr,4,0.10902542712214763,0.26228901665776666,1.5737340999465999,1.6632705756001545,0.25,1.5058971656054945,full_corpus,heuristic_no_guarantee,no_candidate_fits_budget,281,289,1156,True
synthetic_factorial,tight,0.9584775086505191,2437,False,,,,,0.01346807690979212,,,0.0,,25,0.6156556538674594,-0.10552475160774416,0.5726539469902237,0.29630241846813554,0.1171116669008645,0.11789313627094655,0.8012299938144424,0.20938598612105302,-0.08447757718711067,0.24162943643182208,0.9737893239278034,-0.00692574118214152,0.4611115763462972,182,97.48,27,44.94915646223705,2437,True,True,proven_optimal,,64,0.7,,False,0.5,25,5,0.1,0.1-pilot,high,0.0,A,independent,3,0.0,greedy_objective,4,0.030762459803270248,0.3841256873313182,2.3047541239879092,1.8686501808057856,0.25,1.6381747684069947,full_corpus,heuristic_no_guarantee,no_candidate_fits_budget,277,289,1156,True
synthetic_factorial,tight,0.9411764705882353,2437,False,,,,,0.01346807690979212,,,0.0,,25,0.6156556538674594,-0.10552475160774416,0.5726539469902237,0.29630241846813554,0.1171116669008645,0.11789313627094655,0.8012299938144424,0.20938598612105302,-0.08447757718711067,0.24162943643182208,0.9737893239278034,-0.00692574118214152,0.4611115763462972,182,97.48,27,44.94915646223705,2437,True,True,proven_optimal,,64,0.7,,False,0.5,25,5,0.1,0.1-pilot,high,0.0,A,independent,3,0.0,greedy_token_aware,5,0.020732512461980882,0.2785474791190742,2.785474791190742,1.9336745486715818,0.25,1.6551270695525075,full_corpus,heuristic_no_guarantee,no_candidate_fits_budget,272,289,1156,True
synthetic_factorial,tight,0.9896193771626297,2437,False,,,,,0.01346807690979212,,,0.0,,25,0.6156556538674594,-0.10552475160774416,0.5726539469902237,0.29630241846813554,0.1171116669008645,0.11789313627094655,0.8012299938144424,0.20938598612105302,-0.08447757718711067,0.24162943643182208,0.9737893239278034,-0.00692574118214152,0.4611115763462972,182,97.48,27,44.94915646223705,2437,True,True,proven_optimal,,64,0.7,,False,0.5,25,5,0.1,0.1-pilot,high,0.0,A,independent,3,0.0,ilp,5,0.0,0.23303879869808428,2.330387986980843,1.9232073079311134,0.25,1.690168509233029,full_corpus,proven_optimal,n/a,286,289,1156,True
synthetic_factorial,medium,0.984149855907781,2437,False,,,,,0.01346807690979212,,,0.0,,25,0.6156556538674594,-0.10552475160774416,0.5726539469902237,0.29630241846813554,0.1171116669008645,0.11789313627094655,0.8012299938144424,0.20938598612105302,-0.08447757718711067,0.24162943643182208,0.9737893239278034,-0.00692574118214152,0.4611115763462972,182,97.48,27,44.94915646223705,2437,True,True,proven_optimal,,64,0.7,,False,0.5,25,5,0.1,0.1-pilot,high,0.0,A,independent,3,0.0,top_k,8,0.050551937386896985,0.30316727367789464,8.48868366298105,3.429232513320813,0.6003460207612457,2.5803641470227077,full_corpus,heuristic_no_guarantee,no_candidate_fits_budget,683,694,1156,True
synthetic_factorial,medium,0.9697406340057637,2437,False,,,,,0.01346807690979212,,,0.0,,25,0.6156556538674594,-0.10552475160774416,0.5726539469902237,0.29630241846813554,0.1171116669008645,0.11789313627094655,0.8012299938144424,0.20938598612105302,-0.08447757718711067,0.24162943643182208,0.9737893239278034,-0.00692574118214152,0.4611115763462972,182,97.48,27,44.94915646223705,2437,True,True,proven_optimal,,64,0.7,,False,0.5,25,5,0.1,0.1-pilot,high,0.0,A,independent,3,0.0,mmr,8,0.05991819739679026,0.25522886319146426,7.146408169360999,3.2695497942945457,0.6003460207612457,2.554908977358446,full_corpus,heuristic_no_guarantee,no_candidate_fits_budget,673,694,1156,True
synthetic_factorial,medium,0.9971181556195965,2437,False,,,,,0.01346807690979212,,,0.0,,25,0.6156556538674594,-0.10552475160774416,0.5726539469902237,0.29630241846813554,0.1171116669008645,0.11789313627094655,0.8012299938144424,0.20938598612105302,-0.08447757718711067,0.24162943643182208,0.9737893239278034,-0.00692574118214152,0.4611115763462972,182,97.48,27,44.94915646223705,2437,True,True,proven_optimal,,64,0.7,,False,0.5,25,5,0.1,0.1-pilot,high,0.0,A,independent,3,0.0,greedy_objective,7,0.08747342518814491,0.2760527679557274,5.797108127070276,3.0597315211272393,0.6003460207612457,2.480020708420212,full_corpus,heuristic_no_guarantee,no_candidate_fits_budget,692,694,1156,True
synthetic_factorial,medium,0.9827089337175793,2437,False,,,,,0.01346807690979212,,,0.0,,25,0.6156556538674594,-0.10552475160774416,0.5726539469902237,0.29630241846813554,0.1171116669008645,0.11789313627094655,0.8012299938144424,0.20938598612105302,-0.08447757718711067,0.24162943643182208,0.9737893239278034,-0.00692574118214152,0.4611115763462972,182,97.48,27,44.94915646223705,2437,True,True,proven_optimal,,64,0.7,,False,0.5,25,5,0.1,0.1-pilot,high,0.0,A,independent,3,0.0,greedy_token_aware,9,1.6340315393314725e-16,0.26941592621998073,9.698973343919306,3.6876490984230688,0.6003460207612457,2.717751764031138,full_corpus,heuristic_no_guarantee,no_candidate_fits_budget,682,694,1156,True
synthetic_factorial,medium,0.9827089337175793,2437,False,,,,,0.01346807690979212,,,0.0,,25,0.6156556538674594,-0.10552475160774416,0.5726539469902237,0.29630241846813554,0.1171116669008645,0.11789313627094655,0.8012299938144424,0.20938598612105302,-0.08447757718711067,0.24162943643182208,0.9737893239278034,-0.00692574118214152,0.4611115763462972,182,97.48,27,44.94915646223705,2437,True,True,proven_optimal,,64,0.7,,False,0.5,25,5,0.1,0.1-pilot,high,0.0,A,independent,3,0.0,ilp,9,0.0,0.2694159262199806,9.698973343919302,3.6876490984230688,0.6003460207612457,2.7177517640311386,full_corpus,proven_optimal,n/a,682,694,1156,True
synthetic_factorial,loose,0.6868512110726643,2437,False,,,,,0.01346807690979212,,,0.0,,25,0.6156556538674594,-0.10552475160774416,0.5726539469902237,0.29630241846813554,0.1171116669008645,0.11789313627094655,0.8012299938144424,0.20938598612105302,-0.08447757718711067,0.24162943643182208,0.9737893239278034,-0.00692574118214152,0.4611115763462972,182,97.48,27,44.94915646223705,2437,True,True,proven_optimal,,64,0.7,,False,0.5,25,5,0.1,0.1-pilot,high,0.0,A,independent,3,0.0,top_k,13,0.009850670076104623,0.2501998456237274,19.515587958650734,4.980287372904946,1.5,3.028728577039872,full_corpus,heuristic_no_guarantee,no_positive_marginal_gain,1191,1734,1156,True
synthetic_factorial,loose,0.671280276816609,2437,False,,,,,0.01346807690979212,,,0.0,,25,0.6156556538674594,-0.10552475160774416,0.5726539469902237,0.29630241846813554,0.1171116669008645,0.11789313627094655,0.8012299938144424,0.20938598612105302,-0.08447757718711067,0.24162943643182208,0.9737893239278034,-0.00692574118214152,0.4611115763462972,182,97.48,27,44.94915646223705,2437,True,True,proven_optimal,,64,0.7,,False,0.5,25,5,0.1,0.1-pilot,high,0.0,A,independent,3,0.0,mmr,12,0.004909331568773747,0.24612450866648614,16.244217571988084,4.66826519892998,1.5,3.0438434417311715,full_corpus,heuristic_no_guarantee,no_positive_marginal_gain,1164,1734,1156,True
synthetic_factorial,loose,0.6666666666666666,2437,False,,,,,0.01346807690979212,,,0.0,,25,0.6156556538674594,-0.10552475160774416,0.5726539469902237,0.29630241846813554,0.1171116669008645,0.11789313627094655,0.8012299938144424,0.20938598612105302,-0.08447757718711067,0.24162943643182208,0.9737893239278034,-0.00692574118214152,0.4611115763462972,182,97.48,27,44.94915646223705,2437,True,True,proven_optimal,,64,0.7,,False,0.5,25,5,0.1,0.1-pilot,high,0.0,A,independent,3,0.0,greedy_objective,12,-2.9036252168177236e-16,0.22890170114414465,15.107512275513548,4.569611629216896,1.5,3.058860401665541,full_corpus,heuristic_no_guarantee,no_positive_marginal_gain,1156,1734,1156,True
synthetic_factorial,loose,0.6211072664359861,2437,False,,,,,0.01346807690979212,,,0.0,,25,0.6156556538674594,-0.10552475160774416,0.5726539469902237,0.29630241846813554,0.1171116669008645,0.11789313627094655,0.8012299938144424,0.20938598612105302,-0.08447757718711067,0.24162943643182208,0.9737893239278034,-0.00692574118214152,0.4611115763462972,182,97.48,27,44.94915646223705,2437,True,True,proven_optimal,,64,0.7,,False,0.5,25,5,0.1,0.1-pilot,high,0.0,A,independent,3,0.0,greedy_token_aware,12,0.004514009853817415,0.23898581582991438,15.773063844774349,4.622359060148405,1.5,3.04505267567097,full_corpus,heuristic_no_guarantee,no_positive_marginal_gain,1077,1734,1156,True
synthetic_factorial,loose,0.6666666666666666,2437,False,,,,,0.01346807690979212,,,0.0,,25,0.6156556538674594,-0.10552475160774416,0.5726539469902237,0.29630241846813554,0.1171116669008645,0.11789313627094655,0.8012299938144424,0.20938598612105302,-0.08447757718711067,0.24162943643182208,0.9737893239278034,-0.00692574118214152,0.4611115763462972,182,97.48,27,44.94915646223705,2437,True,True,proven_optimal,,64,0.7,,False,0.5,25,5,0.1,0.1-pilot,high,0.0,A,independent,3,0.0,ilp,12,0.0,0.22890170114414463,15.107512275513546,4.569611629216895,1.5,3.05886040166554,full_corpus,proven_optimal,n/a,1156,1734,1156,True
synthetic_factorial,tight,0.9661654135338346,2559,False,,,,,0.44894279023723216,,,0.5,,25,0.006821130718322191,0.5267805390165439,0.5726539469902237,0.29630241846813554,0.1171116669008645,0.11789313627094655,0.5890370035224313,0.11799317109665694,-0.22517232187309233,0.12880217525659363,0.003764637677002538,0.5577995871600101,0.4193647610374748,185,102.36,34,42.926176939795916,2559,True,True,proven_optimal,,64,0.15,,False,0.5,25,5,0.1,0.1-pilot,low,0.5,B,positive_sublinear,3,0.5,top_k,4,0.16728072142726205,0.28713336876038104,1.7228002125622863,1.9019335985643893,0.2498825739783936,1.7296535773081607,full_corpus,heuristic_no_guarantee,no_candidate_fits_budget,514,532,2129,True
synthetic_factorial,tight,0.9981203007518797,2559,False,,,,,0.44894279023723216,,,0.5,,25,0.006821130718322191,0.5267805390165439,0.5726539469902237,0.29630241846813554,0.1171116669008645,0.11789313627094655,0.5890370035224313,0.11799317109665694,-0.22517232187309233,0.12880217525659363,0.003764637677002538,0.5577995871600101,0.4193647610374748,185,102.36,34,42.926176939795916,2559,True,True,proven_optimal,,64,0.15,,False,0.5,25,5,0.1,0.1-pilot,low,0.5,B,positive_sublinear,3,0.5,mmr,4,0.15624356169695255,0.2412439618842447,1.4474637713054683,1.8973254027885669,0.2498825739783936,1.75257902565802,full_corpus,heuristic_no_guarantee,no_candidate_fits_budget,531,532,2129,True
synthetic_factorial,tight,0.9906015037593985,2559,False,,,,,0.44894279023723216,,,0.5,,25,0.006821130718322191,0.5267805390165439,0.5726539469902237,0.29630241846813554,0.1171116669008645,0.11789313627094655,0.5890370035224313,0.11799317109665694,-0.22517232187309233,0.12880217525659363,0.003764637677002538,0.5577995871600101,0.4193647610374748,185,102.36,34,42.926176939795916,2559,True,True,proven_optimal,,64,0.15,,False,0.5,25,5,0.1,0.1-pilot,low,0.5,B,positive_sublinear,3,0.5,greedy_objective,4,0.15679851203644107,0.23340004625944577,1.4004002775566746,1.8914663578239206,0.2498825739783936,1.751426330068253,full_corpus,heuristic_no_guarantee,no_candidate_fits_budget,527,532,2129,True
synthetic_factorial,tight,0.9680451127819549,2559,False,,,,,0.44894279023723216,,,0.5,,25,0.006821130718322191,0.5267805390165439,0.5726539469902237,0.29630241846813554,0.1171116669008645,0.11789313627094655,0.5890370035224313,0.11799317109665694,-0.22517232187309233,0.12880217525659363,0.003764637677002538,0.5577995871600101,0.4193647610374748,185,102.36,34,42.926176939795916,2559,True,True,proven_optimal,,64,0.15,,False,0.5,25,5,0.1,0.1-pilot,low,0.5,B,positive_sublinear,3,0.5,greedy_token_aware,8,0.03104959402952306,0.11194305365845796,3.134405502436823,2.326061824958936,0.2498825739783936,2.0126212747152534,full_corpus,heuristic_no_guarantee,no_candidate_fits_budget,515,532,2129,True
synthetic_factorial,tight,0.9924812030075187,2559,False,,,,,0.44894279023723216,,,0.5,,25,0.006821130718322191,0.5267805390165439,0.5726539469902237,0.29630241846813554,0.1171116669008645,0.11789313627094655,0.5890370035224313,0.11799317109665694,-0.22517232187309233,0.12880217525659363,0.003764637677002538,0.5577995871600101,0.4193647610374748,185,102.36,34,42.926176939795916,2559,True,True,proven_optimal,,64,0.15,,False,0.5,25,5,0.1,0.1-pilot,low,0.5,B,positive_sublinear,3,0.5,ilp,7,0.0,0.12029979600187338,2.526295716039341,2.329744419086207,0.2498825739783936,2.0771148474822727,full_corpus,proven_optimal,n/a,528,532,2129,True
synthetic_factorial,medium,0.9796397807361003,2559,False,,,,,0.44894279023723216,,,0.5,,25,0.006821130718322191,0.5267805390165439,0.5726539469902237,0.29630241846813554,0.1171116669008645,0.11789313627094655,0.5890370035224313,0.11799317109665694,-0.22517232187309233,0.12880217525659363,0.003764637677002538,0.5577995871600101,0.4193647610374748,185,102.36,34,42.926176939795916,2559,True,True,proven_optimal,,64,0.15,,False,0.5,25,5,0.1,0.1-pilot,low,0.5,B,positive_sublinear,3,0.5,top_k,10,0.09647297318607304,0.19685509750904479,8.858479387907016,4.092528168145265,0.5998121183654298,3.2066802293545638,full_corpus,heuristic_no_guarantee,no_candidate_fits_budget,1251,1277,2129,True
synthetic_factorial,medium,0.9968676585747847,2559,False,,,,,0.44894279023723216,,,0.5,,25,0.006821130718322191,0.5267805390165439,0.5726539469902237,0.29630241846813554,0.1171116669008645,0.11789313627094655,0.5890370035224313,0.11799317109665694,-0.22517232187309233,0.12880217525659363,0.003764637677002538,0.5577995871600101,0.4193647610374748,185,102.36,34,42.926176939795916,2559,True,True,proven_optimal,,64,0.15,,False,0.5,25,5,0.1,0.1-pilot,low,0.5,B,positive_sublinear,3,0.5,mmr,11,0.0617032441408476,0.16639647442018837,9.15180609311036,4.245261024161436,0.5998121183654298,3.3300804148503995,full_corpus,heuristic_no_guarantee,no_candidate_fits_budget,1273,1277,2129,True
synthetic_factorial,medium,0.9788566953797964,2559,False,,,,,0.44894279023723216,,,0.5,,25,0.006821130718322191,0.5267805390165439,0.5726539469902237,0.29630241846813554,0.1171116669008645,0.11789313627094655,0.5890370035224313,0.11799317109665694,-0.22517232187309233,0.12880217525659363,0.003764637677002538,0.5577995871600101,0.4193647610374748,185,102.36,34,42.926176939795916,2559,True,True,proven_optimal,,64,0.15,,False,0.5,25,5,0.1,0.1-pilot,low,0.5,B,positive_sublinear,3,0.5,greedy_objective,11,0.04129614198828093,0.16340767815064944,8.987422298285718,4.3012488688748425,0.5998121183654298,3.402506639046271,full_corpus,heuristic_no_guarantee,no_candidate_fits_budget,1250,1277,2129,True
synthetic_factorial,medium,0.9569303054032889,2559,False,,,,,0.44894279023723216,,,0.5,,25,0.006821130718322191,0.5267805390165439,0.5726539469902237,0.29630241846813554,0.1171116669008645,0.11789313627094655,0.5890370035224313,0.11799317109665694,-0.22517232187309233,0.12880217525659363,0.003764637677002538,0.5577995871600101,0.4193647610374748,185,102.36,34,42.926176939795916,2559,True,True,proven_optimal,,64,0.15,,False,0.5,25,5,0.1,0.1-pilot,low,0.5,B,positive_sublinear,3,0.5,greedy_token_aware,13,0.006851947988414955,0.1479961399158529,11.543698913436526,4.679121369379305,0.5998121183654298,3.5247514780356526,full_corpus,heuristic_no_guarantee,no_positive_marginal_gain,1222,1277,2129,True
synthetic_factorial,medium,1.0,2559,False,,,,,0.44894279023723216,,,0.5,,25,0.006821130718322191,0.5267805390165439,0.5726539469902237,0.29630241846813554,0.1171116669008645,0.11789313627094655,0.5890370035224313,0.11799317109665694,-0.22517232187309233,0.12880217525659363,0.003764637677002538,0.5577995871600101,0.4193647610374748,185,102.36,34,42.926176939795916,2559,True,True,proven_optimal,,64,0.15,,False,0.5,25,5,0.1,0.1-pilot,low,0.5,B,positive_sublinear,3,0.5,ilp,14,0.0,0.1326661087030045,12.07261589197341,4.7563311069760825,0.5998121183654298,3.5490695177787415,full_corpus,proven_optimal,n/a,1277,1277,2129,True
synthetic_factorial,loose,0.7166562304320601,2559,False,,,,,0.44894279023723216,,,0.5,,25,0.006821130718322191,0.5267805390165439,0.5726539469902237,0.29630241846813554,0.1171116669008645,0.11789313627094655,0.5890370035224313,0.11799317109665694,-0.22517232187309233,0.12880217525659363,0.003764637677002538,0.5577995871600101,0.4193647610374748,185,102.36,34,42.926176939795916,2559,True,True,proven_optimal,,64,0.15,,False,0.5,25,5,0.1,0.1-pilot,low,0.5,B,positive_sublinear,3,0.5,top_k,20,0.013307709753195163,0.1395140283105998,26.507665379013964,6.601575491166132,1.5002348520432127,3.9508089532647355,full_corpus,heuristic_no_guarantee,no_positive_marginal_gain,2289,3194,2129,True
synthetic_factorial,loose,0.6737633061991234,2559,False,,,,,0.44894279023723216,,,0.5,,25,0.006821130718322191,0.5267805390165439,0.5726539469902237,0.29630241846813554,0.1171116669008645,0.11789313627094655,0.5890370035224313,0.11799317109665694,-0.22517232187309233,0.12880217525659363,0.003764637677002538,0.5577995871600101,0.4193647610374748,185,102.36,34,42.926176939795916,2559,True,True,proven_optimal,,64,0.15,,False,0.5,25,5,0.1,0.1-pilot,low,0.5,B,positive_sublinear,3,0.5,mmr,19,0.005004657021148508,0.13100809193709026,22.402383721242433,6.224293531321118,1.5002348520432127,3.9840551591968745,full_corpus,heuristic_no_guarantee,no_positive_marginal_gain,2152,3194,2129,True
synthetic_factorial,loose,0.6665623043206012,2559,False,,,,,0.44894279023723216,,,0.5,,25,0.006821130718322191,0.5267805390165439,0.5726539469902237,0.29630241846813554,0.1171116669008645,0.11789313627094655,0.5890370035224313,0.11799317109665694,-0.22517232187309233,0.12880217525659363,0.003764637677002538,0.5577995871600101,0.4193647610374748,185,102.36,34,42.926176939795916,2559,True,True,proven_optimal,,64,0.15,,False,0.5,25,5,0.1,0.1-pilot,low,0.5,B,positive_sublinear,3,0.5,greedy_objective,19,2.2181755925138542e-16,0.12601798072567294,21.549074704090074,6.1590017481462995,1.5002348520432127,4.004094277737292,full_corpus,heuristic_no_guarantee,no_positive_marginal_gain,2129,3194,2129,True
synthetic_factorial,loose,0.6465247338760175,2559,False,,,,,0.44894279023723216,,,0.5,,25,0.006821130718322191,0.5267805390165439,0.5726539469902237,0.29630241846813554,0.1171116669008645,0.11789313627094655,0.5890370035224313,0.11799317109665694,-0.22517232187309233,0.12880217525659363,0.003764637677002538,0.5577995871600101,0.4193647610374748,185,102.36,34,42.926176939795916,2559,True,True,proven_optimal,,64,0.15,,False,0.5,25,5,0.1,0.1-pilot,low,0.5,B,positive_sublinear,3,0.5,greedy_token_aware,19,0.006039394955532721,0.13503696684580338,23.09132133063238,6.289044104018087,1.5002348520432127,3.979911970954849,full_corpus,heuristic_no_guarantee,no_positive_marginal_gain,2065,3194,2129,True
synthetic_factorial,loose,0.6665623043206012,2559,False,,,,,0.44894279023723216,,,0.5,,25,0.006821130718322191,0.5267805390165439,0.5726539469902237,0.29630241846813554,0.1171116669008645,0.11789313627094655,0.5890370035224313,0.11799317109665694,-0.22517232187309233,0.12880217525659363,0.003764637677002538,0.5577995871600101,0.4193647610374748,185,102.36,34,42.926176939795916,2559,True,True,proven_optimal,,64,0.15,,False,0.5,25,5,0.1,0.1-pilot,low,0.5,B,positive_sublinear,3,0.5,ilp,19,0.0,0.12601798072567294,21.549074704090074,6.1590017481463,1.5002348520432127,4.004094277737293,full_corpus,proven_optimal,n/a,2129,3194,2129,True
synthetic_factorial,tight,0.9972451790633609,2559,False,,,,,0.44894279023723216,,,0.5,,25,0.006821130718322191,0.5267805390165439,0.5726539469902237,0.29630241846813554,0.1171116669008645,0.11789313627094655,0.8012299938144424,0.20938598612105302,-0.08447757718711067,0.24162943643182208,0.003764637677002538,0.5577995871600101,0.4193647610374748,185,102.36,34,42.926176939795916,2559,True,True,proven_optimal,,64,0.7,,False,0.5,25,5,0.1,0.1-pilot,high,0.5,B,positive_sublinear,3,0.5,top_k,3,0.13893138633148308,0.526189515781077,1.578568547343231,1.4276618678132544,0.2501722949689869,1.2698050130789313,full_corpus,heuristic_no_guarantee,no_candidate_fits_budget,362,363,1451,True
synthetic_factorial,tight,0.9972451790633609,2559,False,,,,,0.44894279023723216,,,0.5,,25,0.006821130718322191,0.5267805390165439,0.5726539469902237,0.29630241846813554,0.1171116669008645,0.11789313627094655,0.8012299938144424,0.20938598612105302,-0.08447757718711067,0.24162943643182208,0.003764637677002538,0.5577995871600101,0.4193647610374748,185,102.36,34,42.926176939795916,2559,True,True,proven_optimal,,64,0.7,,False,0.5,25,5,0.1,0.1-pilot,high,0.5,B,positive_sublinear,3,0.5,mmr,4,0.022908074365043326,0.1382238982594623,0.8293433895567738,1.5238371958421197,0.2501722949689869,1.4409028568864424,full_corpus,heuristic_no_guarantee,no_candidate_fits_budget,362,363,1451,True
synthetic_factorial,tight,0.9338842975206612,2559,False,,,,,0.44894279023723216,,,0.5,,25,0.006821130718322191,0.5267805390165439,0.5726539469902237,0.29630241846813554,0.1171116669008645,0.11789313627094655,0.8012299938144424,0.20938598612105302,-0.08447757718711067,0.24162943643182208,0.003764637677002538,0.5577995871600101,0.4193647610374748,185,102.36,34,42.926176939795916,2559,True,True,proven_optimal,,64,0.7,,False,0.5,25,5,0.1,0.1-pilot,high,0.5,B,positive_sublinear,3,0.5,greedy_objective,3,0.16517387701302294,0.42614082455086605,1.2784224736525982,1.3589478517163234,0.2501722949689869,1.2311056043510635,full_corpus,heuristic_no_guarantee,no_candidate_fits_budget,339,363,1451,True
synthetic_factorial,tight,0.977961432506887,2559,False,,,,,0.44894279023723216,,,0.5,,25,0.006821130718322191,0.5267805390165439,0.5726539469902237,0.29630241846813554,0.1171116669008645,0.11789313627094655,0.8012299938144424,0.20938598612105302,-0.08447757718711067,0.24162943643182208,0.003764637677002538,0.5577995871600101,0.4193647610374748,185,102.36,34,42.926176939795916,2559,True,True,proven_optimal,,64,0.7,,False,0.5,25,5,0.1,0.1-pilot,high,0.5,B,positive_sublinear,3,0.5,greedy_token_aware,5,0.005262308884040332,0.1984185220978222,1.984185220978222,1.665343325565189,0.2501722949689869,1.4669248034673668,full_corpus,heuristic_no_guarantee,no_candidate_fits_budget,355,363,1451,True
synthetic_factorial,tight,1.0,2559,False,,,,,0.44894279023723216,,,0.5,,25,0.006821130718322191,0.5267805390165439,0.5726539469902237,0.29630241846813554,0.1171116669008645,0.11789313627094655,0.8012299938144424,0.20938598612105302,-0.08447757718711067,0.24162943643182208,0.003764637677002538,0.5577995871600101,0.4193647610374748,185,102.36,34,42.926176939795916,2559,True,True,proven_optimal,,64,0.7,,False,0.5,25,5,0.1,0.1-pilot,high,0.5,B,positive_sublinear,3,0.5,ilp,5,0.0,0.15780874668813705,1.5780874668813705,1.6324937984043113,0.2501722949689869,1.4746850517161743,full_corpus,proven_optimal,n/a,363,363,1451,True
synthetic_factorial,medium,0.983926521239954,2559,False,,,,,0.44894279023723216,,,0.5,,25,0.006821130718322191,0.5267805390165439,0.5726539469902237,0.29630241846813554,0.1171116669008645,0.11789313627094655,0.8012299938144424,0.20938598612105302,-0.08447757718711067,0.24162943643182208,0.003764637677002538,0.5577995871600101,0.4193647610374748,185,102.36,34,42.926176939795916,2559,True,True,proven_optimal,,64,0.7,,False,0.5,25,5,0.1,0.1-pilot,high,0.5,B,positive_sublinear,3,0.5,top_k,7,0.09367281678713378,0.3409568949198914,7.160094793317719,3.061110744569109,0.600275671950379,2.3451012652373366,full_corpus,heuristic_no_guarantee,no_candidate_fits_budget,857,871,1451,True
synthetic_factorial,medium,0.9827784156142365,2559,False,,,,,0.44894279023723216,,,0.5,,25,0.006821130718322191,0.5267805390165439,0.5726539469902237,0.29630241846813554,0.1171116669008645,0.11789313627094655,0.8012299938144424,0.20938598612105302,-0.08447757718711067,0.24162943643182208,0.003764637677002538,0.5577995871600101,0.4193647610374748,185,102.36,34,42.926176939795916,2559,True,True,proven_optimal,,64,0.7,,False,0.5,25,5,0.1,0.1-pilot,high,0.5,B,positive_sublinear,3,0.5,mmr,7,0.05981522430292931,0.23406532186329435,4.915371759129181,2.9242442025609767,0.600275671950379,2.4327070266480586,full_corpus,heuristic_no_guarantee,no_candidate_fits_budget,856,871,1451,True
synthetic_factorial,medium,0.9873708381171068,2559,False,,,,,0.44894279023723216,,,0.5,,25,0.006821130718322191,0.5267805390165439,0.5726539469902237,0.29630241846813554,0.1171116669008645,0.11789313627094655,0.8012299938144424,0.20938598612105302,-0.08447757718711067,0.24162943643182208,0.003764637677002538,0.5577995871600101,0.4193647610374748,185,102.36,34,42.926176939795916,2559,True,True,proven_optimal,,64,0.7,,False,0.5,25,5,0.1,0.1-pilot,high,0.5,B,positive_sublinear,3,0.5,greedy_objective,8,0.009284424432366694,0.25757802374840444,7.212184664955324,3.284672804826153,0.600275671950379,2.5634543383306205,full_corpus,heuristic_no_guarantee,no_candidate_fits_budget,860,871,1451,True
synthetic_factorial,medium,0.983926521239954,2559,False,,,,,0.44894279023723216,,,0.5,,25,0.006821130718322191,0.5267805390165439,0.5726539469902237,0.29630241846813554,0.1171116669008645,0.11789313627094655,0.8012299938144424,0.20938598612105302,-0.08447757718711067,0.24162943643182208,0.003764637677002538,0.5577995871600101,0.4193647610374748,185,102.36,34,42.926176939795916,2559,True,True,proven_optimal,,64,0.7,,False,0.5,25,5,0.1,0.1-pilot,high,0.5,B,positive_sublinear,3,0.5,greedy_token_aware,9,0.031076556840690883,0.23895860292281382,8.602509705221298,3.3673186548611778,0.600275671950379,2.507067684339048,full_corpus,heuristic_no_guarantee,no_candidate_fits_budget,857,871,1451,True
synthetic_factorial,medium,0.9988518943742825,2559,False,,,,,0.44894279023723216,,,0.5,,25,0.006821130718322191,0.5267805390165439,0.5726539469902237,0.29630241846813554,0.1171116669008645,0.11789313627094655,0.8012299938144424,0.20938598612105302,-0.08447757718711067,0.24162943643182208,0.003764637677002538,0.5577995871600101,0.4193647610374748,185,102.36,34,42.926176939795916,2559,True,True,proven_optimal,,64,0.7,,False,0.5,25,5,0.1,0.1-pilot,high,0.5,B,positive_sublinear,3,0.5,ilp,9,0.0,0.21371495437311092,7.693738357431993,3.356851414120709,0.600275671950379,2.5874775783775097,full_corpus,proven_optimal,n/a,870,871,1451,True
synthetic_factorial,loose,0.6916360294117647,2559,False,,,,,0.44894279023723216,,,0.5,,25,0.006821130718322191,0.5267805390165439,0.5726539469902237,0.29630241846813554,0.1171116669008645,0.11789313627094655,0.8012299938144424,0.20938598612105302,-0.08447757718711067,0.24162943643182208,0.003764637677002538,0.5577995871600101,0.4193647610374748,185,102.36,34,42.926176939795916,2559,True,True,proven_optimal,,64,0.7,,False,0.5,25,5,0.1,0.1-pilot,high,0.5,B,positive_sublinear,3,0.5,top_k,13,0.009850670076104623,0.2501998456237274,19.515587958650734,4.980287372904946,1.4996554100620263,3.028728577039872,full_corpus,heuristic_no_guarantee,no_positive_marginal_gain,1505,2176,1451,True
synthetic_factorial,loose,0.6760110294117647,2559,False,,,,,0.44894279023723216,,,0.5,,25,0.006821130718322191,0.5267805390165439,0.5726539469902237,0.29630241846813554,0.1171116669008645,0.11789313627094655,0.8012299938144424,0.20938598612105302,-0.08447757718711067,0.24162943643182208,0.003764637677002538,0.5577995871600101,0.4193647610374748,185,102.36,34,42.926176939795916,2559,True,True,proven_optimal,,64,0.7,,False,0.5,25,5,0.1,0.1-pilot,high,0.5,B,positive_sublinear,3,0.5,mmr,12,0.004909331568773747,0.24612450866648614,16.244217571988084,4.66826519892998,1.4996554100620263,3.0438434417311715,full_corpus,heuristic_no_guarantee,no_positive_marginal_gain,1471,2176,1451,True
synthetic_factorial,loose,0.6668198529411765,2559,False,,,,,0.44894279023723216,,,0.5,,25,0.006821130718322191,0.5267805390165439,0.5726539469902237,0.29630241846813554,0.1171116669008645,0.11789313627094655,0.8012299938144424,0.20938598612105302,-0.08447757718711067,0.24162943643182208,0.003764637677002538,0.5577995871600101,0.4193647610374748,185,102.36,34,42.926176939795916,2559,True,True,proven_optimal,,64,0.7,,False,0.5,25,5,0.1,0.1-pilot,high,0.5,B,positive_sublinear,3,0.5,greedy_objective,12,-2.9036252168177236e-16,0.22890170114414465,15.107512275513548,4.569611629216896,1.4996554100620263,3.058860401665541,full_corpus,heuristic_no_guarantee,no_positive_marginal_gain,1451,2176,1451,True
synthetic_factorial,loose,0.6548713235294118,2559,False,,,,,0.44894279023723216,,,0.5,,25,0.006821130718322191,0.5267805390165439,0.5726539469902237,0.29630241846813554,0.1171116669008645,0.11789313627094655,0.8012299938144424,0.20938598612105302,-0.08447757718711067,0.24162943643182208,0.003764637677002538,0.5577995871600101,0.4193647610374748,185,102.36,34,42.926176939795916,2559,True,True,proven_optimal,,64,0.7,,False,0.5,25,5,0.1,0.1-pilot,high,0.5,B,positive_sublinear,3,0.5,greedy_token_aware,13,0.006082762748249834,0.2344560259752175,18.287570026066966,4.869011082168889,1.4996554100620263,3.0402540795621924,full_corpus,heuristic_no_guarantee,no_positive_marginal_gain,1425,2176,1451,True
synthetic_factorial,loose,0.6668198529411765,2559,False,,,,,0.44894279023723216,,,0.5,,25,0.006821130718322191,0.5267805390165439,0.5726539469902237,0.29630241846813554,0.1171116669008645,0.11789313627094655,0.8012299938144424,0.20938598612105302,-0.08447757718711067,0.24162943643182208,0.003764637677002538,0.5577995871600101,0.4193647610374748,185,102.36,34,42.926176939795916,2559,True,True,proven_optimal,,64,0.7,,False,0.5,25,5,0.1,0.1-pilot,high,0.5,B,positive_sublinear,3,0.5,ilp,12,0.0,0.22890170114414463,15.107512275513546,4.569611629216895,1.4996554100620263,3.05886040166554,full_corpus,proven_optimal,n/a,1451,2176,1451,True
synthetic_factorial,tight,0.9698375870069605,2258,False,,,,,-0.4015043250673723,,,-0.5,,25,0.009787824987385068,-0.5064295225019558,0.5726539469902237,0.29630241846813554,0.1171116669008645,0.11789313627094655,0.5890370035224313,0.11799317109665694,-0.22517232187309233,0.12880217525659363,0.004418787294514134,-0.5497211103804513,0.4976409618171389,192,90.32,28,44.94693167132398,2258,True,True,proven_optimal,,64,0.15,,False,0.5,25,5,0.1,0.1-pilot,low,-0.5,C,negative,3,-0.5,top_k,7,0.09222296214672217,0.24419098467522588,5.128010678179743,3.0943941623277125,0.2501450957632037,2.581593094509738,full_corpus,heuristic_no_guarantee,no_candidate_fits_budget,418,431,1723,True
synthetic_factorial,tight,0.9953596287703016,2258,False,,,,,-0.4015043250673723,,,-0.5,,25,0.009787824987385068,-0.5064295225019558,0.5726539469902237,0.29630241846813554,0.1171116669008645,0.11789313627094655,0.5890370035224313,0.11799317109665694,-0.22517232187309233,0.12880217525659363,0.004418787294514134,-0.5497211103804513,0.4976409618171389,192,90.32,28,44.94693167132398,2258,True,True,proven_optimal,,64,0.15,,False,0.5,25,5,0.1,0.1-pilot,low,-0.5,C,negative,3,-0.5,mmr,7,0.06567722611858869,0.20325781110478588,4.268414033200504,3.0839269215872442,0.2501450957632037,2.657085518267194,full_corpus,heuristic_no_guarantee,no_candidate_fits_budget,429,431,1723,True
synthetic_factorial,tight,0.9466357308584686,2258,False,,,,,-0.4015043250673723,,,-0.5,,25,0.009787824987385068,-0.5064295225019558,0.5726539469902237,0.29630241846813554,0.1171116669008645,0.11789313627094655,0.5890370035224313,0.11799317109665694,-0.22517232187309233,0.12880217525659363,0.004418787294514134,-0.5497211103804513,0.4976409618171389,192,90.32,28,44.94693167132398,2258,True,True,proven_optimal,,64,0.15,,False,0.5,25,5,0.1,0.1-pilot,low,-0.5,C,negative,3,-0.5,greedy_objective,7,0.06522440296340669,0.1891371744248555,3.971880662921966,3.0555613513586217,0.2501450957632037,2.6583732850664252,full_corpus,heuristic_no_guarantee,no_candidate_fits_budget,408,431,1723,True
synthetic_factorial,tight,0.9234338747099768,2258,False,,,,,-0.4015043250673723,,,-0.5,,25,0.009787824987385068,-0.5064295225019558,0.5726539469902237,0.29630241846813554,0.1171116669008645,0.11789313627094655,0.5890370035224313,0.11799317109665694,-0.22517232187309233,0.12880217525659363,0.004418787294514134,-0.5497211103804513,0.4976409618171389,192,90.32,28,44.94693167132398,2258,True,True,proven_optimal,,64,0.15,,False,0.5,25,5,0.1,0.1-pilot,low,-0.5,C,negative,3,-0.5,greedy_token_aware,8,0.006629550865271945,0.18228167542740592,5.103886911967366,3.335397680012713,0.2501450957632037,2.8250089888159766,full_corpus,heuristic_no_guarantee,no_candidate_fits_budget,398,431,1723,True
synthetic_factorial,tight,0.9860788863109049,2258,False,,,,,-0.4015043250673723,,,-0.5,,25,0.009787824987385068,-0.5064295225019558,0.5726539469902237,0.29630241846813554,0.1171116669008645,0.11789313627094655,0.5890370035224313,0.11799317109665694,-0.22517232187309233,0.12880217525659363,0.004418787294514134,-0.5497211103804513,0.4976409618171389,192,90.32,28,44.94693167132398,2258,True,True,proven_optimal,,64,0.15,,False,0.5,25,5,0.1,0.1-pilot,low,-0.5,C,negative,3,-0.5,ilp,8,0.0,0.16091153289875385,4.505522921165108,3.2944148121629757,0.2501450957632037,2.843862520046465,full_corpus,proven_optimal,n/a,425,431,1723,True
synthetic_factorial,medium,0.9400386847195358,2258,False,,,,,-0.4015043250673723,,,-0.5,,25,0.009787824987385068,-0.5064295225019558,0.5726539469902237,0.29630241846813554,0.1171116669008645,0.11789313627094655,0.5890370035224313,0.11799317109665694,-0.22517232187309233,0.12880217525659363,0.004418787294514134,-0.5497211103804513,0.4976409618171389,192,90.32,28,44.94693167132398,2258,True,True,proven_optimal,,64,0.15,,False,0.5,25,5,0.1,0.1-pilot,low,-0.5,C,negative,3,-0.5,top_k,14,0.019537417389859826,0.16824081343738506,15.30991402280204,5.244714313840455,0.600116076610563,3.713722911560251,full_corpus,heuristic_no_guarantee,no_candidate_fits_budget,972,1034,1723,True
synthetic_factorial,medium,0.9961315280464217,2258,False,,,,,-0.4015043250673723,,,-0.5,,25,0.009787824987385068,-0.5064295225019558,0.5726539469902237,0.29630241846813554,0.1171116669008645,0.11789313627094655,0.5890370035224313,0.11799317109665694,-0.22517232187309233,0.12880217525659363,0.004418787294514134,-0.5497211103804513,0.4976409618171389,192,90.32,28,44.94693167132398,2258,True,True,proven_optimal,,64,0.15,,False,0.5,25,5,0.1,0.1-pilot,low,-0.5,C,negative,3,-0.5,mmr,15,0.027577664929720257,0.16573699014787888,17.40238396552728,5.423507059238019,0.600116076610563,3.6832686626852906,full_corpus,heuristic_no_guarantee,no_candidate_fits_budget,1030,1034,1723,True
synthetic_factorial,medium,0.9622823984526112,2258,False,,,,,-0.4015043250673723,,,-0.5,,25,0.009787824987385068,-0.5064295225019558,0.5726539469902237,0.29630241846813554,0.1171116669008645,0.11789313627094655,0.5890370035224313,0.11799317109665694,-0.22517232187309233,0.12880217525659363,0.004418787294514134,-0.5497211103804513,0.4976409618171389,192,90.32,28,44.94693167132398,2258,True,True,proven_optimal,,64,0.15,,False,0.5,25,5,0.1,0.1-pilot,low,-0.5,C,negative,3,-0.5,greedy_objective,14,0.00806643847335056,0.1490319800373593,13.561910183399696,5.113362846744,0.600116076610563,3.7571718284040303,full_corpus,heuristic_no_guarantee,no_candidate_fits_budget,995,1034,1723,True
synthetic_factorial,medium,0.9381044487427466,2258,False,,,,,-0.4015043250673723,,,-0.5,,25,0.009787824987385068,-0.5064295225019558,0.5726539469902237,0.29630241846813554,0.1171116669008645,0.11789313627094655,0.5890370035224313,0.11799317109665694,-0.22517232187309233,0.12880217525659363,0.004418787294514134,-0.5497211103804513,0.4976409618171389,192,90.32,28,44.94693167132398,2258,True,True,proven_optimal,,64,0.15,,False,0.5,25,5,0.1,0.1-pilot,low,-0.5,C,negative,3,-0.5,greedy_token_aware,15,0.010358275993137598,0.14856885824258276,15.599730115471191,5.308463989036729,0.600116076610563,3.7484909774896096,full_corpus,heuristic_no_guarantee,no_candidate_fits_budget,970,1034,1723,True
synthetic_factorial,medium,0.9864603481624759,2258,False,,,,,-0.4015043250673723,,,-0.5,,25,0.009787824987385068,-0.5064295225019558,0.5726539469902237,0.29630241846813554,0.1171116669008645,0.11789313627094655,0.5890370035224313,0.11799317109665694,-0.22517232187309233,0.12880217525659363,0.004418787294514134,-0.5497211103804513,0.4976409618171389,192,90.32,28,44.94693167132398,2258,True,True,proven_optimal,,64,0.15,,False,0.5,25,5,0.1,0.1-pilot,low,-0.5,C,negative,3,-0.5,ilp,15,0.0,0.1425279340225535,14.965433072368118,5.284268588576725,0.600116076610563,3.787725281339913,full_corpus,proven_optimal,n/a,1020,1034,1723,True
synthetic_factorial,loose,0.7101393188854489,2258,False,,,,,-0.4015043250673723,,,-0.5,,25,0.009787824987385068,-0.5064295225019558,0.5726539469902237,0.29630241846813554,0.1171116669008645,0.11789313627094655,0.5890370035224313,0.11799317109665694,-0.22517232187309233,0.12880217525659363,0.004418787294514134,-0.5497211103804513,0.4976409618171389,192,90.32,28,44.94693167132398,2258,True,True,proven_optimal,,64,0.15,,False,0.5,25,5,0.1,0.1-pilot,low,-0.5,C,negative,3,-0.5,top_k,20,0.013307709753195163,0.1395140283105998,26.507665379013964,6.601575491166132,1.4997098084735925,3.9508089532647355,full_corpus,heuristic_no_guarantee,no_positive_marginal_gain,1835,2584,1723,True
synthetic_factorial,loose,0.6636996904024768,2258,False,,,,,-0.4015043250673723,,,-0.5,,25,0.009787824987385068,-0.5064295225019558,0.5726539469902237,0.29630241846813554,0.1171116669008645,0.11789313627094655,0.5890370035224313,0.11799317109665694,-0.22517232187309233,0.12880217525659363,0.004418787294514134,-0.5497211103804513,0.4976409618171389,192,90.32,28,44.94693167132398,2258,True,True,proven_optimal,,64,0.15,,False,0.5,25,5,0.1,0.1-pilot,low,-0.5,C,negative,3,-0.5,mmr,19,0.005004657021148508,0.13100809193709026,22.402383721242433,6.224293531321118,1.4997098084735925,3.9840551591968745,full_corpus,heuristic_no_guarantee,no_positive_marginal_gain,1715,2584,1723,True
synthetic_factorial,loose,0.666795665634675,2258,False,,,,,-0.4015043250673723,,,-0.5,,25,0.009787824987385068,-0.5064295225019558,0.5726539469902237,0.29630241846813554,0.1171116669008645,0.11789313627094655,0.5890370035224313,0.11799317109665694,-0.22517232187309233,0.12880217525659363,0.004418787294514134,-0.5497211103804513,0.4976409618171389,192,90.32,28,44.94693167132398,2258,True,True,proven_optimal,,64,0.15,,False,0.5,25,5,0.1,0.1-pilot,low,-0.5,C,negative,3,-0.5,greedy_objective,19,2.2181755925138542e-16,0.12601798072567294,21.549074704090074,6.1590017481462995,1.4997098084735925,4.004094277737292,full_corpus,heuristic_no_guarantee,no_positive_marginal_gain,1723,2584,1723,True
synthetic_factorial,loose,0.6234520123839009,2258,False,,,,,-0.4015043250673723,,,-0.5,,25,0.009787824987385068,-0.5064295225019558,0.5726539469902237,0.29630241846813554,0.1171116669008645,0.11789313627094655,0.5890370035224313,0.11799317109665694,-0.22517232187309233,0.12880217525659363,0.004418787294514134,-0.5497211103804513,0.4976409618171389,192,90.32,28,44.94693167132398,2258,True,True,proven_optimal,,64,0.15,,False,0.5,25,5,0.1,0.1-pilot,low,-0.5,C,negative,3,-0.5,greedy_token_aware,19,0.00603939495553261,0.13503696684580335,23.091321330632375,6.289044104018087,1.4997098084735925,3.9799119709548494,full_corpus,heuristic_no_guarantee,no_positive_marginal_gain,1611,2584,1723,True
synthetic_factorial,loose,0.666795665634675,2258,False,,,,,-0.4015043250673723,,,-0.5,,25,0.009787824987385068,-0.5064295225019558,0.5726539469902237,0.29630241846813554,0.1171116669008645,0.11789313627094655,0.5890370035224313,0.11799317109665694,-0.22517232187309233,0.12880217525659363,0.004418787294514134,-0.5497211103804513,0.4976409618171389,192,90.32,28,44.94693167132398,2258,True,True,proven_optimal,,64,0.15,,False,0.5,25,5,0.1,0.1-pilot,low,-0.5,C,negative,3,-0.5,ilp,19,0.0,0.12601798072567294,21.549074704090074,6.1590017481463,1.4997098084735925,4.004094277737293,full_corpus,proven_optimal,n/a,1723,2584,1723,True
synthetic_factorial,tight,0.9642857142857143,2258,False,,,,,-0.4015043250673723,,,-0.5,,25,0.009787824987385068,-0.5064295225019558,0.5726539469902237,0.29630241846813554,0.1171116669008645,0.11789313627094655,0.8012299938144424,0.20938598612105302,-0.08447757718711067,0.24162943643182208,0.004418787294514134,-0.5497211103804513,0.4976409618171389,192,90.32,28,44.94693167132398,2258,True,True,proven_optimal,,64,0.7,,False,0.5,25,5,0.1,0.1-pilot,high,-0.5,C,negative,3,-0.5,top_k,5,2.3132498799153457e-16,0.40592774866076137,4.059277486607614,2.325690994758127,0.2505592841163311,1.9197632460973655,full_corpus,heuristic_no_guarantee,no_candidate_fits_budget,216,224,894,True
synthetic_factorial,tight,1.0,2258,False,,,,,-0.4015043250673723,,,-0.5,,25,0.009787824987385068,-0.5064295225019558,0.5726539469902237,0.29630241846813554,0.1171116669008645,0.11789313627094655,0.8012299938144424,0.20938598612105302,-0.08447757718711067,0.24162943643182208,0.004418787294514134,-0.5497211103804513,0.4976409618171389,192,90.32,28,44.94693167132398,2258,True,True,proven_optimal,,64,0.7,,False,0.5,25,5,0.1,0.1-pilot,high,-0.5,C,negative,3,-0.5,mmr,4,0.21945471223107169,0.16573044712065357,0.9943826827239214,1.5979004236456726,0.2505592841163311,1.4984621553732804,full_corpus,heuristic_no_guarantee,no_candidate_fits_budget,224,224,894,True
synthetic_factorial,tight,0.9642857142857143,2258,False,,,,,-0.4015043250673723,,,-0.5,,25,0.009787824987385068,-0.5064295225019558,0.5726539469902237,0.29630241846813554,0.1171116669008645,0.11789313627094655,0.8012299938144424,0.20938598612105302,-0.08447757718711067,0.24162943643182208,0.004418787294514134,-0.5497211103804513,0.4976409618171389,192,90.32,28,44.94693167132398,2258,True,True,proven_optimal,,64,0.7,,False,0.5,25,5,0.1,0.1-pilot,high,-0.5,C,negative,3,-0.5,greedy_objective,5,2.3132498799153457e-16,0.40592774866076137,4.059277486607614,2.325690994758127,0.2505592841163311,1.9197632460973655,full_corpus,heuristic_no_guarantee,no_candidate_fits_budget,216,224,894,True
synthetic_factorial,tight,0.9642857142857143,2258,False,,,,,-0.4015043250673723,,,-0.5,,25,0.009787824987385068,-0.5064295225019558,0.5726539469902237,0.29630241846813554,0.1171116669008645,0.11789313627094655,0.8012299938144424,0.20938598612105302,-0.08447757718711067,0.24162943643182208,0.004418787294514134,-0.5497211103804513,0.4976409618171389,192,90.32,28,44.94693167132398,2258,True,True,proven_optimal,,64,0.7,,False,0.5,25,5,0.1,0.1-pilot,high,-0.5,C,negative,3,-0.5,greedy_token_aware,5,2.3132498799153457e-16,0.40592774866076137,4.059277486607614,2.325690994758127,0.2505592841163311,1.9197632460973655,full_corpus,heuristic_no_guarantee,no_candidate_fits_budget,216,224,894,True
synthetic_factorial,tight,0.9642857142857143,2258,False,,,,,-0.4015043250673723,,,-0.5,,25,0.009787824987385068,-0.5064295225019558,0.5726539469902237,0.29630241846813554,0.1171116669008645,0.11789313627094655,0.8012299938144424,0.20938598612105302,-0.08447757718711067,0.24162943643182208,0.004418787294514134,-0.5497211103804513,0.4976409618171389,192,90.32,28,44.94693167132398,2258,True,True,proven_optimal,,64,0.7,,False,0.5,25,5,0.1,0.1-pilot,high,-0.5,C,negative,3,-0.5,ilp,5,0.0,0.40592774866076137,4.059277486607614,2.3256909947581272,0.2505592841163311,1.919763246097366,full_corpus,proven_optimal,n/a,216,224,894,True
synthetic_factorial,medium,0.9477611940298507,2258,False,,,,,-0.4015043250673723,,,-0.5,,25,0.009787824987385068,-0.5064295225019558,0.5726539469902237,0.29630241846813554,0.1171116669008645,0.11789313627094655,0.8012299938144424,0.20938598612105302,-0.08447757718711067,0.24162943643182208,0.004418787294514134,-0.5497211103804513,0.4976409618171389,192,90.32,28,44.94693167132398,2258,True,True,proven_optimal,,64,0.7,,False,0.5,25,5,0.1,0.1-pilot,high,-0.5,C,negative,3,-0.5,top_k,9,0.020348497747576296,0.294360765329581,10.596987551864917,3.7412546872957777,0.5995525727069351,2.681555932109286,full_corpus,heuristic_no_guarantee,no_candidate_fits_budget,508,536,894,True
synthetic_factorial,medium,0.9906716417910447,2258,False,,,,,-0.4015043250673723,,,-0.5,,25,0.009787824987385068,-0.5064295225019558,0.5726539469902237,0.29630241846813554,0.1171116669008645,0.11789313627094655,0.8012299938144424,0.20938598612105302,-0.08447757718711067,0.24162943643182208,0.004418787294514134,-0.5497211103804513,0.4976409618171389,192,90.32,28,44.94693167132398,2258,True,True,proven_optimal,,64,0.7,,False,0.5,25,5,0.1,0.1-pilot,high,-0.5,C,negative,3,-0.5,mmr,9,0.00752753901305934,0.24025605646996606,8.649218032918778,3.5815719682695106,0.5995525727069351,2.716650164977633,full_corpus,heuristic_no_guarantee,no_candidate_fits_budget,531,536,894,True
synthetic_factorial,medium,0.9458955223880597,2258,False,,,,,-0.4015043250673723,,,-0.5,,25,0.009787824987385068,-0.5064295225019558,0.5726539469902237,0.29630241846813554,0.1171116669008645,0.11789313627094655,0.8012299938144424,0.20938598612105302,-0.08447757718711067,0.24162943643182208,0.004418787294514134,-0.5497211103804513,0.4976409618171389,192,90.32,28,44.94693167132398,2258,True,True,proven_optimal,,64,0.7,,False,0.5,25,5,0.1,0.1-pilot,high,-0.5,C,negative,3,-0.5,greedy_objective,8,0.029676690255860626,0.25561835863919513,7.157314041897464,3.3717536951022042,0.5995525727069351,2.656022290912458,full_corpus,heuristic_no_guarantee,no_candidate_fits_budget,507,536,894,True
synthetic_factorial,medium,0.9253731343283582,2258,False,,,,,-0.4015043250673723,,,-0.5,,25,0.009787824987385068,-0.5064295225019558,0.5726539469902237,0.29630241846813554,0.1171116669008645,0.11789313627094655,0.8012299938144424,0.20938598612105302,-0.08447757718711067,0.24162943643182208,0.004418787294514134,-0.5497211103804513,0.4976409618171389,192,90.32,28,44.94693167132398,2258,True,True,proven_optimal,,64,0.7,,False,0.5,25,5,0.1,0.1-pilot,high,-0.5,C,negative,3,-0.5,greedy_token_aware,9,0.0071250923757453675,0.2694159262199807,9.698973343919304,3.687649098423069,0.5995525727069351,2.7177517640311386,full_corpus,heuristic_no_guarantee,no_candidate_fits_budget,496,536,894,True
synthetic_factorial,medium,0.9589552238805971,2258,False,,,,,-0.4015043250673723,,,-0.5,,25,0.009787824987385068,-0.5064295225019558,0.5726539469902237,0.29630241846813554,0.1171116669008645,0.11789313627094655,0.8012299938144424,0.20938598612105302,-0.08447757718711067,0.24162943643182208,0.004418787294514134,-0.5497211103804513,0.4976409618171389,192,90.32,28,44.94693167132398,2258,True,True,proven_optimal,,64,0.7,,False,0.5,25,5,0.1,0.1-pilot,high,-0.5,C,negative,3,-0.5,ilp,9,0.0,0.25962535854201135,9.346512907512409,3.671906249217418,0.5995525727069351,2.737254958466177,full_corpus,proven_optimal,n/a,514,536,894,True
synthetic_factorial,loose,0.6853094705443699,2258,False,,,,,-0.4015043250673723,,,-0.5,,25,0.009787824987385068,-0.5064295225019558,0.5726539469902237,0.29630241846813554,0.1171116669008645,0.11789313627094655,0.8012299938144424,0.20938598612105302,-0.08447757718711067,0.24162943643182208,0.004418787294514134,-0.5497211103804513,0.4976409618171389,192,90.32,28,44.94693167132398,2258,True,True,proven_optimal,,64,0.7,,False,0.5,25,5,0.1,0.1-pilot,high,-0.5,C,negative,3,-0.5,top_k,13,0.009850670076104623,0.2501998456237274,19.515587958650734,4.980287372904946,1.5,3.028728577039872,full_corpus,heuristic_no_guarantee,no_positive_marginal_gain,919,1341,894,True
synthetic_factorial,loose,0.6644295302013423,2258,False,,,,,-0.4015043250673723,,,-0.5,,25,0.009787824987385068,-0.5064295225019558,0.5726539469902237,0.29630241846813554,0.1171116669008645,0.11789313627094655,0.8012299938144424,0.20938598612105302,-0.08447757718711067,0.24162943643182208,0.004418787294514134,-0.5497211103804513,0.4976409618171389,192,90.32,28,44.94693167132398,2258,True,True,proven_optimal,,64,0.7,,False,0.5,25,5,0.1,0.1-pilot,high,-0.5,C,negative,3,-0.5,mmr,12,0.004909331568773747,0.24612450866648614,16.244217571988084,4.66826519892998,1.5,3.0438434417311715,full_corpus,heuristic_no_guarantee,no_positive_marginal_gain,891,1341,894,True
synthetic_factorial,loose,0.6666666666666666,2258,False,,,,,-0.4015043250673723,,,-0.5,,25,0.009787824987385068,-0.5064295225019558,0.5726539469902237,0.29630241846813554,0.1171116669008645,0.11789313627094655,0.8012299938144424,0.20938598612105302,-0.08447757718711067,0.24162943643182208,0.004418787294514134,-0.5497211103804513,0.4976409618171389,192,90.32,28,44.94693167132398,2258,True,True,proven_optimal,,64,0.7,,False,0.5,25,5,0.1,0.1-pilot,high,-0.5,C,negative,3,-0.5,greedy_objective,12,-2.9036252168177236e-16,0.22890170114414465,15.107512275513548,4.569611629216896,1.5,3.058860401665541,full_corpus,heuristic_no_guarantee,no_positive_marginal_gain,894,1341,894,True
synthetic_factorial,loose,0.6181953765846383,2258,False,,,,,-0.4015043250673723,,,-0.5,,25,0.009787824987385068,-0.5064295225019558,0.5726539469902237,0.29630241846813554,0.1171116669008645,0.11789313627094655,0.8012299938144424,0.20938598612105302,-0.08447757718711067,0.24162943643182208,0.004418787294514134,-0.5497211103804513,0.4976409618171389,192,90.32,28,44.94693167132398,2258,True,True,proven_optimal,,64,0.7,,False,0.5,25,5,0.1,0.1-pilot,high,-0.5,C,negative,3,-0.5,greedy_token_aware,12,0.004514009853817124,0.23898581582991435,15.773063844774347,4.622359060148406,1.5,3.045052675670971,full_corpus,heuristic_no_guarantee,no_positive_marginal_gain,829,1341,894,True
synthetic_factorial,loose,0.6666666666666666,2258,False,,,,,-0.4015043250673723,,,-0.5,,25,0.009787824987385068,-0.5064295225019558,0.5726539469902237,0.29630241846813554,0.1171116669008645,0.11789313627094655,0.8012299938144424,0.20938598612105302,-0.08447757718711067,0.24162943643182208,0.004418787294514134,-0.5497211103804513,0.4976409618171389,192,90.32,28,44.94693167132398,2258,True,True,proven_optimal,,64,0.7,,False,0.5,25,5,0.1,0.1-pilot,high,-0.5,C,negative,3,-0.5,ilp,12,0.0,0.22890170114414463,15.107512275513546,4.569611629216895,1.5,3.05886040166554,full_corpus,proven_optimal,n/a,894,1341,894,True
synthetic_factorial,tight,0.9932885906040269,4052,True,882,"[23, 16, 15, 2]","[396, 492, 612, 438]",1959,0.2923075236968815,,,,,25,4.42607082981859e-05,0.7231461805101023,0.5726539469902237,0.29630241846813554,0.1171116669008645,0.11789313627094655,0.5890370035224313,0.11799317109665694,-0.22517232187309233,0.12880217525659363,0.026767804183477326,0.4424779088590416,0.9489553010308278,612,162.08,27,153.80667519107658,4052,True,True,proven_optimal,,64,0.15,,True,0.5,25,5,0.1,0.1-pilot,low,0.0,D,adversarial_mismatch,3,,top_k,2,0.6066676529049003,0.32690870315435283,0.32690870315435283,1.0823562760796857,0.2501398992725238,1.0496654057642503,full_corpus,heuristic_no_guarantee,no_candidate_fits_budget,888,894,3574,True
synthetic_factorial,tight,0.9876957494407159,4052,True,882,"[23, 16, 15, 2]","[396, 492, 612, 438]",1959,0.2923075236968815,,,,,25,4.42607082981859e-05,0.7231461805101023,0.5726539469902237,0.29630241846813554,0.1171116669008645,0.11789313627094655,0.5890370035224313,0.11799317109665694,-0.22517232187309233,0.12880217525659363,0.026767804183477326,0.4424779088590416,0.9489553010308278,612,162.08,27,153.80667519107658,4052,True,True,proven_optimal,,64,0.15,,True,0.5,25,5,0.1,0.1-pilot,low,0.0,D,adversarial_mismatch,3,,mmr,3,0.53470172435623,0.11543226015444154,0.3462967804633246,1.2763467829630482,0.2501398992725238,1.2417171049167157,full_corpus,heuristic_no_guarantee,no_candidate_fits_budget,883,894,3574,True
synthetic_factorial,tight,0.9932885906040269,4052,True,882,"[23, 16, 15, 2]","[396, 492, 612, 438]",1959,0.2923075236968815,,,,,25,4.42607082981859e-05,0.7231461805101023,0.5726539469902237,0.29630241846813554,0.1171116669008645,0.11789313627094655,0.5890370035224313,0.11799317109665694,-0.22517232187309233,0.12880217525659363,0.026767804183477326,0.4424779088590416,0.9489553010308278,612,162.08,27,153.80667519107658,4052,True,True,proven_optimal,,64,0.15,,True,0.5,25,5,0.1,0.1-pilot,low,0.0,D,adversarial_mismatch,3,,greedy_objective,2,0.6066676529049003,0.32690870315435283,0.32690870315435283,1.0823562760796857,0.2501398992725238,1.0496654057642503,full_corpus,heuristic_no_guarantee,no_candidate_fits_budget,888,894,3574,True
synthetic_factorial,tight,0.9574944071588367,4052,True,882,"[23, 16, 15, 2]","[396, 492, 612, 438]",1959,0.2923075236968815,,,,,25,4.42607082981859e-05,0.7231461805101023,0.5726539469902237,0.29630241846813554,0.1171116669008645,0.11789313627094655,0.5890370035224313,0.11799317109665694,-0.22517232187309233,0.12880217525659363,0.026767804183477326,0.4424779088590416,0.9489553010308278,612,162.08,27,153.80667519107658,4052,True,True,proven_optimal,,64,0.15,,True,0.5,25,5,0.1,0.1-pilot,low,0.0,D,adversarial_mismatch,3,,greedy_token_aware,11,0.0,0.11384502087514783,6.261476148133131,3.2947951682535668,0.2501398992725238,2.6686475534402536,full_corpus,heuristic_no_guarantee,no_candidate_fits_budget,856,894,3574,True
synthetic_factorial,tight,0.9574944071588367,4052,True,882,"[23, 16, 15, 2]","[396, 492, 612, 438]",1959,0.2923075236968815,,,,,25,4.42607082981859e-05,0.7231461805101023,0.5726539469902237,0.29630241846813554,0.1171116669008645,0.11789313627094655,0.5890370035224313,0.11799317109665694,-0.22517232187309233,0.12880217525659363,0.026767804183477326,0.4424779088590416,0.9489553010308278,612,162.08,27,153.80667519107658,4052,True,True,proven_optimal,,64,0.15,,True,0.5,25,5,0.1,0.1-pilot,low,0.0,D,adversarial_mismatch,3,,ilp,11,0.0,0.11384502087514783,6.261476148133131,3.2947951682535668,0.2501398992725238,2.6686475534402536,full_corpus,proven_optimal,n/a,856,894,3574,True
synthetic_factorial,medium,0.9981343283582089,4052,True,882,"[23, 16, 15, 2]","[396, 492, 612, 438]",1959,0.2923075236968815,,,,,25,4.42607082981859e-05,0.7231461805101023,0.5726539469902237,0.29630241846813554,0.1171116669008645,0.11789313627094655,0.5890370035224313,0.11799317109665694,-0.22517232187309233,0.12880217525659363,0.026767804183477326,0.4424779088590416,0.9489553010308278,612,162.08,27,153.80667519107658,4052,True,True,proven_optimal,,64,0.15,,True,0.5,25,5,0.1,0.1-pilot,low,0.0,D,adversarial_mismatch,3,,top_k,7,0.27207576312566195,0.22062187703983155,4.633059417836463,3.0484880235461373,0.599888080581981,2.585182081762491,full_corpus,heuristic_no_guarantee,no_candidate_fits_budget,2140,2144,3574,True
synthetic_factorial,medium,0.9972014925373134,4052,True,882,"[23, 16, 15, 2]","[396, 492, 612, 438]",1959,0.2923075236968815,,,,,25,4.42607082981859e-05,0.7231461805101023,0.5726539469902237,0.29630241846813554,0.1171116669008645,0.11789313627094655,0.5890370035224313,0.11799317109665694,-0.22517232187309233,0.12880217525659363,0.026767804183477326,0.4424779088590416,0.9489553010308278,612,162.08,27,153.80667519107658,4052,True,True,proven_optimal,,64,0.15,,True,0.5,25,5,0.1,0.1-pilot,low,0.0,D,adversarial_mismatch,3,,mmr,6,0.33604426530368503,0.21194554781804772,3.1791832172707157,2.675919857423533,0.599888080581981,2.358001535696461,full_corpus,heuristic_no_guarantee,no_candidate_fits_budget,2138,2144,3574,True
synthetic_factorial,medium,0.9958022388059702,4052,True,882,"[23, 16, 15, 2]","[396, 492, 612, 438]",1959,0.2923075236968815,,,,,25,4.42607082981859e-05,0.7231461805101023,0.5726539469902237,0.29630241846813554,0.1171116669008645,0.11789313627094655,0.5890370035224313,0.11799317109665694,-0.22517232187309233,0.12880217525659363,0.026767804183477326,0.4424779088590416,0.9489553010308278,612,162.08,27,153.80667519107658,4052,True,True,proven_optimal,,64,0.15,,True,0.5,25,5,0.1,0.1-pilot,low,0.0,D,adversarial_mismatch,3,,greedy_objective,6,0.3196786998004291,0.20306671806241555,3.0460007709362333,2.7207230003655214,0.599888080581981,2.416122923271898,full_corpus,heuristic_no_guarantee,no_candidate_fits_budget,2135,2144,3574,True
synthetic_factorial,medium,0.9351679104477612,4052,True,882,"[23, 16, 15, 2]","[396, 492, 612, 438]",1959,0.2923075236968815,,,,,25,4.42607082981859e-05,0.7231461805101023,0.5726539469902237,0.29630241846813554,0.1171116669008645,0.11789313627094655,0.5890370035224313,0.11799317109665694,-0.22517232187309233,0.12880217525659363,0.026767804183477326,0.4424779088590416,0.9489553010308278,612,162.08,27,153.80667519107658,4052,True,True,proven_optimal,,64,0.15,,True,0.5,25,5,0.1,0.1-pilot,low,0.0,D,adversarial_mismatch,3,,greedy_token_aware,17,0.025479142114231804,0.11546764366119822,15.703599537922958,5.031316097975484,0.599888080581981,3.4609561441831884,full_corpus,heuristic_no_guarantee,no_positive_marginal_gain,2005,2144,3574,True
synthetic_factorial,medium,1.0,4052,True,882,"[23, 16, 15, 2]","[396, 492, 612, 438]",1959,0.2923075236968815,,,,,25,4.42607082981859e-05,0.7231461805101023,0.5726539469902237,0.29630241846813554,0.1171116669008645,0.11789313627094655,0.5890370035224313,0.11799317109665694,-0.22517232187309233,0.12880217525659363,0.026767804183477326,0.4424779088590416,0.9489553010308278,612,162.08,27,153.80667519107658,4052,True,True,proven_optimal,,64,0.15,,True,0.5,25,5,0.1,0.1-pilot,low,0.0,D,adversarial_mismatch,3,,ilp,16,0.0,0.13599304687393265,16.319165624871918,5.183360450196034,0.599888080581981,3.551443887708842,full_corpus,proven_optimal,n/a,2144,2144,3574,True
synthetic_factorial,loose,0.6940869240813281,4052,True,882,"[23, 16, 15, 2]","[396, 492, 612, 438]",1959,0.2923075236968815,,,,,25,4.42607082981859e-05,0.7231461805101023,0.5726539469902237,0.29630241846813554,0.1171116669008645,0.11789313627094655,0.5890370035224313,0.11799317109665694,-0.22517232187309233,0.12880217525659363,0.026767804183477326,0.4424779088590416,0.9489553010308278,612,162.08,27,153.80667519107658,4052,True,True,proven_optimal,,64,0.15,,True,0.5,25,5,0.1,0.1-pilot,low,0.0,D,adversarial_mismatch,3,,top_k,20,0.013307709753195163,0.1395140283105998,26.507665379013964,6.601575491166132,1.5,3.9508089532647355,full_corpus,heuristic_no_guarantee,no_positive_marginal_gain,3721,5361,3574,True
synthetic_factorial,loose,0.667785860846857,4052,True,882,"[23, 16, 15, 2]","[396, 492, 612, 438]",1959,0.2923075236968815,,,,,25,4.42607082981859e-05,0.7231461805101023,0.5726539469902237,0.29630241846813554,0.1171116669008645,0.11789313627094655,0.5890370035224313,0.11799317109665694,-0.22517232187309233,0.12880217525659363,0.026767804183477326,0.4424779088590416,0.9489553010308278,612,162.08,27,153.80667519107658,4052,True,True,proven_optimal,,64,0.15,,True,0.5,25,5,0.1,0.1-pilot,low,0.0,D,adversarial_mismatch,3,,mmr,19,0.005004657021148508,0.13100809193709026,22.402383721242433,6.224293531321118,1.5,3.9840551591968745,full_corpus,heuristic_no_guarantee,no_positive_marginal_gain,3580,5361,3574,True
synthetic_factorial,loose,0.6666666666666666,4052,True,882,"[23, 16, 15, 2]","[396, 492, 612, 438]",1959,0.2923075236968815,,,,,25,4.42607082981859e-05,0.7231461805101023,0.5726539469902237,0.29630241846813554,0.1171116669008645,0.11789313627094655,0.5890370035224313,0.11799317109665694,-0.22517232187309233,0.12880217525659363,0.026767804183477326,0.4424779088590416,0.9489553010308278,612,162.08,27,153.80667519107658,4052,True,True,proven_optimal,,64,0.15,,True,0.5,25,5,0.1,0.1-pilot,low,0.0,D,adversarial_mismatch,3,,greedy_objective,19,2.2181755925138542e-16,0.12601798072567294,21.549074704090074,6.1590017481462995,1.5,4.004094277737292,full_corpus,heuristic_no_guarantee,no_positive_marginal_gain,3574,5361,3574,True
synthetic_factorial,loose,0.6276814027233725,4052,True,882,"[23, 16, 15, 2]","[396, 492, 612, 438]",1959,0.2923075236968815,,,,,25,4.42607082981859e-05,0.7231461805101023,0.5726539469902237,0.29630241846813554,0.1171116669008645,0.11789313627094655,0.5890370035224313,0.11799317109665694,-0.22517232187309233,0.12880217525659363,0.026767804183477326,0.4424779088590416,0.9489553010308278,612,162.08,27,153.80667519107658,4052,True,True,proven_optimal,,64,0.15,,True,0.5,25,5,0.1,0.1-pilot,low,0.0,D,adversarial_mismatch,3,,greedy_token_aware,19,0.01047624038528134,0.13527843483509286,23.13261235680088,6.275407659238476,1.5,3.9621464235583876,full_corpus,heuristic_no_guarantee,no_positive_marginal_gain,3365,5361,3574,True
synthetic_factorial,loose,0.6666666666666666,4052,True,882,"[23, 16, 15, 2]","[396, 492, 612, 438]",1959,0.2923075236968815,,,,,25,4.42607082981859e-05,0.7231461805101023,0.5726539469902237,0.29630241846813554,0.1171116669008645,0.11789313627094655,0.5890370035224313,0.11799317109665694,-0.22517232187309233,0.12880217525659363,0.026767804183477326,0.4424779088590416,0.9489553010308278,612,162.08,27,153.80667519107658,4052,True,True,proven_optimal,,64,0.15,,True,0.5,25,5,0.1,0.1-pilot,low,0.0,D,adversarial_mismatch,3,,ilp,19,0.0,0.12601798072567294,21.549074704090074,6.1590017481463,1.5,4.004094277737293,full_corpus,proven_optimal,n/a,3574,5361,3574,True
synthetic_factorial,tight,0.9776119402985075,3960,True,520,"[23, 16, 15, 2]","[396, 492, 520, 438]",1156,0.29651037631008303,,,,,25,2.7912325420892053e-05,0.7355919344586025,0.5726539469902237,0.29630241846813554,0.1171116669008645,0.11789313627094655,0.8012299938144424,0.20938598612105302,-0.08447757718711067,0.24162943643182208,0.026767804183477326,0.4424779088590416,0.904909070933176,520,158.4,27,143.33759683581508,3960,True,True,proven_optimal,,64,0.7,,True,0.5,25,5,0.1,0.1-pilot,high,0.0,D,adversarial_mismatch,3,,top_k,4,0.28167435545975933,0.2662779664657105,1.597667798794263,1.6200958707761708,0.25009331840238896,1.4603290908967446,full_corpus,heuristic_no_guarantee,no_candidate_fits_budget,655,670,2679,True
synthetic_factorial,tight,0.9955223880597015,3960,True,520,"[23, 16, 15, 2]","[396, 492, 520, 438]",1156,0.29651037631008303,,,,,25,2.7912325420892053e-05,0.7355919344586025,0.5726539469902237,0.29630241846813554,0.1171116669008645,0.11789313627094655,0.8012299938144424,0.20938598612105302,-0.08447757718711067,0.24162943643182208,0.026767804183477326,0.4424779088590416,0.904909070933176,520,158.4,27,143.33759683581508,3960,True,True,proven_optimal,,64,0.7,,True,0.5,25,5,0.1,0.1-pilot,high,0.0,D,adversarial_mismatch,3,,mmr,4,0.2759229701402925,0.16286982184567836,0.9772189310740701,1.5697433346236949,0.25009331840238896,1.4720214415162878,full_corpus,heuristic_no_guarantee,no_candidate_fits_budget,667,670,2679,True
synthetic_factorial,tight,0.9776119402985075,3960,True,520,"[23, 16, 15, 2]","[396, 492, 520, 438]",1156,0.29651037631008303,,,,,25,2.7912325420892053e-05,0.7355919344586025,0.5726539469902237,0.29630241846813554,0.1171116669008645,0.11789313627094655,0.8012299938144424,0.20938598612105302,-0.08447757718711067,0.24162943643182208,0.026767804183477326,0.4424779088590416,0.904909070933176,520,158.4,27,143.33759683581508,3960,True,True,proven_optimal,,64,0.7,,True,0.5,25,5,0.1,0.1-pilot,high,0.0,D,adversarial_mismatch,3,,greedy_objective,4,0.28167435545975933,0.2662779664657105,1.597667798794263,1.6200958707761708,0.25009331840238896,1.4603290908967446,full_corpus,heuristic_no_guarantee,no_candidate_fits_budget,655,670,2679,True
synthetic_factorial,tight,0.9328358208955224,3960,True,520,"[23, 16, 15, 2]","[396, 492, 520, 438]",1156,0.29651037631008303,,,,,25,2.7912325420892053e-05,0.7355919344586025,0.5726539469902237,0.29630241846813554,0.1171116669008645,0.11789313627094655,0.8012299938144424,0.20938598612105302,-0.08447757718711067,0.24162943643182208,0.026767804183477326,0.4424779088590416,0.904909070933176,520,158.4,27,143.33759683581508,3960,True,True,proven_optimal,,64,0.7,,True,0.5,25,5,0.1,0.1-pilot,high,0.0,D,adversarial_mismatch,3,,greedy_token_aware,8,0.019469368954892378,0.1661084988548975,4.65103796793713,2.458485789924404,0.25009331840238896,1.993381993130691,full_corpus,heuristic_no_guarantee,no_positive_marginal_gain,625,670,2679,True
synthetic_factorial,tight,0.9985074626865672,3960,True,520,"[23, 16, 15, 2]","[396, 492, 520, 438]",1156,0.29651037631008303,,,,,25,2.7912325420892053e-05,0.7355919344586025,0.5726539469902237,0.29630241846813554,0.1171116669008645,0.11789313627094655,0.8012299938144424,0.20938598612105302,-0.08447757718711067,0.24162943643182208,0.026767804183477326,0.4424779088590416,0.904909070933176,520,158.4,27,143.33759683581508,3960,True,True,proven_optimal,,64,0.7,,True,0.5,25,5,0.1,0.1-pilot,high,0.0,D,adversarial_mismatch,3,,ilp,8,0.0,0.1742292519291738,4.878419054016867,2.520804395320055,0.25009331840238896,2.0329624899183685,full_corpus,proven_optimal,n/a,669,670,2679,True
synthetic_factorial,medium,0.985065339141257,3960,True,520,"[23, 16, 15, 2]","[396, 492, 520, 438]",1156,0.29651037631008303,,,,,25,2.7912325420892053e-05,0.7355919344586025,0.5726539469902237,0.29630241846813554,0.1171116669008645,0.11789313627094655,0.8012299938144424,0.20938598612105302,-0.08447757718711067,0.24162943643182208,0.026767804183477326,0.4424779088590416,0.904909070933176,520,158.4,27,143.33759683581508,3960,True,True,proven_optimal,,64,0.7,,True,0.5,25,5,0.1,0.1-pilot,high,0.0,D,adversarial_mismatch,3,,top_k,5,0.2621546879962673,0.30777256673171954,3.0777256673171953,2.2794250356188313,0.5998506905561777,1.9716524688871118,full_corpus,heuristic_no_guarantee,no_candidate_fits_budget,1583,1607,2679,True
synthetic_factorial,medium,0.9981331673926571,3960,True,520,"[23, 16, 15, 2]","[396, 492, 520, 438]",1156,0.29651037631008303,,,,,25,2.7912325420892053e-05,0.7355919344586025,0.5726539469902237,0.29630241846813554,0.1171116669008645,0.11789313627094655,0.8012299938144424,0.20938598612105302,-0.08447757718711067,0.24162943643182208,0.026767804183477326,0.4424779088590416,0.904909070933176,520,158.4,27,143.33759683581508,3960,True,True,proven_optimal,,64,0.7,,True,0.5,25,5,0.1,0.1-pilot,high,0.0,D,adversarial_mismatch,3,,mmr,10,0.05410397224321691,0.2560468306106371,11.52210737747867,3.6798113175666067,0.5998506905561777,2.5276005798187393,full_corpus,heuristic_no_guarantee,no_candidate_fits_budget,1604,1607,2679,True
synthetic_factorial,medium,0.9937772246421904,3960,True,520,"[23, 16, 15, 2]","[396, 492, 520, 438]",1156,0.29651037631008303,,,,,25,2.7912325420892053e-05,0.7355919344586025,0.5726539469902237,0.29630241846813554,0.1171116669008645,0.11789313627094655,0.8012299938144424,0.20938598612105302,-0.08447757718711067,0.24162943643182208,0.026767804183477326,0.4424779088590416,0.904909070933176,520,158.4,27,143.33759683581508,3960,True,True,proven_optimal,,64,0.7,,True,0.5,25,5,0.1,0.1-pilot,high,0.0,D,adversarial_mismatch,3,,greedy_objective,5,0.24822884170880338,0.26009301499959203,2.60093014999592,2.268957794878363,0.5998506905561777,2.008864779878771,full_corpus,heuristic_no_guarantee,no_candidate_fits_budget,1597,1607,2679,True
synthetic_factorial,medium,0.9060360920970753,3960,True,520,"[23, 16, 15, 2]","[396, 492, 520, 438]",1156,0.29651037631008303,,,,,25,2.7912325420892053e-05,0.7355919344586025,0.5726539469902237,0.29630241846813554,0.1171116669008645,0.11789313627094655,0.8012299938144424,0.20938598612105302,-0.08447757718711067,0.24162943643182208,0.026767804183477326,0.4424779088590416,0.904909070933176,520,158.4,27,143.33759683581508,3960,True,True,proven_optimal,,64,0.7,,True,0.5,25,5,0.1,0.1-pilot,high,0.0,D,adversarial_mismatch,3,,greedy_token_aware,12,0.022428857747196263,0.2120830500039197,13.9974813002587,4.011990187783613,0.5998506905561777,2.6122420577577428,full_corpus,heuristic_no_guarantee,no_positive_marginal_gain,1456,1607,2679,True
synthetic_factorial,medium,0.9807093963907902,3960,True,520,"[23, 16, 15, 2]","[396, 492, 520, 438]",1156,0.29651037631008303,,,,,25,2.7912325420892053e-05,0.7355919344586025,0.5726539469902237,0.29630241846813554,0.1171116669008645,0.11789313627094655,0.8012299938144424,0.20938598612105302,-0.08447757718711067,0.24162943643182208,0.026767804183477326,0.4424779088590416,0.904909070933176,520,158.4,27,143.33759683581508,3960,True,True,proven_optimal,,64,0.7,,True,0.5,25,5,0.1,0.1-pilot,high,0.0,D,adversarial_mismatch,3,,ilp,10,0.0,0.23179244550236697,10.430660047606514,3.715241915904934,0.5998506905561777,2.6721759111442824,full_corpus,proven_optimal,n/a,1576,1607,2679,True
synthetic_factorial,loose,0.6754604280736685,3960,True,520,"[23, 16, 15, 2]","[396, 492, 520, 438]",1156,0.29651037631008303,,,,,25,2.7912325420892053e-05,0.7355919344586025,0.5726539469902237,0.29630241846813554,0.1171116669008645,0.11789313627094655,0.8012299938144424,0.20938598612105302,-0.08447757718711067,0.24162943643182208,0.026767804183477326,0.4424779088590416,0.904909070933176,520,158.4,27,143.33759683581508,3960,True,True,proven_optimal,,64,0.7,,True,0.5,25,5,0.1,0.1-pilot,high,0.0,D,adversarial_mismatch,3,,top_k,13,0.009850670076104623,0.2501998456237274,19.515587958650734,4.980287372904946,1.4998133631952222,3.028728577039872,full_corpus,heuristic_no_guarantee,no_positive_marginal_gain,2714,4018,2679,True
synthetic_factorial,loose,0.6687406669985068,3960,True,520,"[23, 16, 15, 2]","[396, 492, 520, 438]",1156,0.29651037631008303,,,,,25,2.7912325420892053e-05,0.7355919344586025,0.5726539469902237,0.29630241846813554,0.1171116669008645,0.11789313627094655,0.8012299938144424,0.20938598612105302,-0.08447757718711067,0.24162943643182208,0.026767804183477326,0.4424779088590416,0.904909070933176,520,158.4,27,143.33759683581508,3960,True,True,proven_optimal,,64,0.7,,True,0.5,25,5,0.1,0.1-pilot,high,0.0,D,adversarial_mismatch,3,,mmr,12,0.004909331568773747,0.24612450866648614,16.244217571988084,4.66826519892998,1.4998133631952222,3.0438434417311715,full_corpus,heuristic_no_guarantee,no_positive_marginal_gain,2687,4018,2679,True
synthetic_factorial,loose,0.6667496266799403,3960,True,520,"[23, 16, 15, 2]","[396, 492, 520, 438]",1156,0.29651037631008303,,,,,25,2.7912325420892053e-05,0.7355919344586025,0.5726539469902237,0.29630241846813554,0.1171116669008645,0.11789313627094655,0.8012299938144424,0.20938598612105302,-0.08447757718711067,0.24162943643182208,0.026767804183477326,0.4424779088590416,0.904909070933176,520,158.4,27,143.33759683581508,3960,True,True,proven_optimal,,64,0.7,,True,0.5,25,5,0.1,0.1-pilot,high,0.0,D,adversarial_mismatch,3,,greedy_objective,12,-2.9036252168177236e-16,0.22890170114414465,15.107512275513548,4.569611629216896,1.4998133631952222,3.058860401665541,full_corpus,heuristic_no_guarantee,no_positive_marginal_gain,2679,4018,2679,True
synthetic_factorial,loose,0.6142359382777501,3960,True,520,"[23, 16, 15, 2]","[396, 492, 520, 438]",1156,0.29651037631008303,,,,,25,2.7912325420892053e-05,0.7355919344586025,0.5726539469902237,0.29630241846813554,0.1171116669008645,0.11789313627094655,0.8012299938144424,0.20938598612105302,-0.08447757718711067,0.24162943643182208,0.026767804183477326,0.4424779088590416,0.904909070933176,520,158.4,27,143.33759683581508,3960,True,True,proven_optimal,,64,0.7,,True,0.5,25,5,0.1,0.1-pilot,high,0.0,D,adversarial_mismatch,3,,greedy_token_aware,14,0.06733365978412038,0.23550199028258628,21.430681115715352,4.99596424762421,1.4998133631952222,2.852896136052675,full_corpus,heuristic_no_guarantee,no_positive_marginal_gain,2468,4018,2679,True
synthetic_factorial,loose,0.6667496266799403,3960,True,520,"[23, 16, 15, 2]","[396, 492, 520, 438]",1156,0.29651037631008303,,,,,25,2.7912325420892053e-05,0.7355919344586025,0.5726539469902237,0.29630241846813554,0.1171116669008645,0.11789313627094655,0.8012299938144424,0.20938598612105302,-0.08447757718711067,0.24162943643182208,0.026767804183477326,0.4424779088590416,0.904909070933176,520,158.4,27,143.33759683581508,3960,True,True,proven_optimal,,64,0.7,,True,0.5,25,5,0.1,0.1-pilot,high,0.0,D,adversarial_mismatch,3,,ilp,12,0.0,0.22890170114414463,15.107512275513546,4.569611629216895,1.4998133631952222,3.05886040166554,full_corpus,proven_optimal,n/a,2679,4018,2679,True
E_realism_anchor,tight,0.9814814814814815,1421,False,,,,,0.1167037538997918,0,25,,,25,,0.031090723140641395,0.6736608743667603,0.3731924580037594,0.04662207141518593,0.17935449219576519,1.0,0.3286278247833252,0.0,0.21323898434638977,,-0.15467743891684171,0.8681762439880455,176,56.84,11,49.347137708280506,1421,True,True,proven_optimal,all-MiniLM-L6-v2,,,benchmark.generate_corpus (UNCHANGED),,0.5,25,,0.1,0.1-pilot,n/a,,E,,0,,top_k,4,0.1202970719253375,0.5646087278922399,3.3876523673534393,2.3167081475257874,0.25,1.9779429107904434,full_corpus,heuristic_no_guarantee,no_candidate_fits_budget,106,108,432,True
E_realism_anchor,tight,0.8981481481481481,1421,False,,,,,0.1167037538997918,0,25,,,25,,0.031090723140641395,0.6736608743667603,0.3731924580037594,0.04662207141518593,0.17935449219576519,1.0,0.3286278247833252,0.0,0.21323898434638977,,-0.15467743891684171,0.8681762439880455,176,56.84,11,49.347137708280506,1421,True,True,proven_optimal,all-MiniLM-L6-v2,,,benchmark.generate_corpus (UNCHANGED),,0.5,25,,0.1,0.1-pilot,n/a,,E,,0,,mmr,3,0.4538144085702768,0.18809567609181008,0.5642870282754302,1.284484088420868,0.25,1.228055385593325,full_corpus,heuristic_no_guarantee,no_positive_marginal_gain,97,108,432,True
E_realism_anchor,tight,0.9814814814814815,1421,False,,,,,0.1167037538997918,0,25,,,25,,0.031090723140641395,0.6736608743667603,0.3731924580037594,0.04662207141518593,0.17935449219576519,1.0,0.3286278247833252,0.0,0.21323898434638977,,-0.15467743891684171,0.8681762439880455,176,56.84,11,49.347137708280506,1421,True,True,proven_optimal,all-MiniLM-L6-v2,,,benchmark.generate_corpus (UNCHANGED),,0.5,25,,0.1,0.1-pilot,n/a,,E,,0,,greedy_objective,4,0.1202970719253375,0.5646087278922399,3.3876523673534393,2.3167081475257874,0.25,1.9779429107904434,full_corpus,heuristic_no_guarantee,no_candidate_fits_budget,106,108,432,True
E_realism_anchor,tight,0.9814814814814815,1421,False,,,,,0.1167037538997918,0,25,,,25,,0.031090723140641395,0.6736608743667603,0.3731924580037594,0.04662207141518593,0.17935449219576519,1.0,0.3286278247833252,0.0,0.21323898434638977,,-0.15467743891684171,0.8681762439880455,176,56.84,11,49.347137708280506,1421,True,True,proven_optimal,all-MiniLM-L6-v2,,,benchmark.generate_corpus (UNCHANGED),,0.5,25,,0.1,0.1-pilot,n/a,,E,,0,,greedy_token_aware,6,0.0,0.36616695324579873,5.492504298686981,2.797671854496002,0.25,2.248421424627304,full_corpus,heuristic_no_guarantee,no_candidate_fits_budget,106,108,432,True
E_realism_anchor,tight,0.9814814814814815,1421,False,,,,,0.1167037538997918,0,25,,,25,,0.031090723140641395,0.6736608743667603,0.3731924580037594,0.04662207141518593,0.17935449219576519,1.0,0.3286278247833252,0.0,0.21323898434638977,,-0.15467743891684171,0.8681762439880455,176,56.84,11,49.347137708280506,1421,True,True,proven_optimal,all-MiniLM-L6-v2,,,benchmark.generate_corpus (UNCHANGED),,0.5,25,,0.1,0.1-pilot,n/a,,E,,0,,ilp,6,0.0,0.36616695324579873,5.492504298686981,2.797671854496002,0.25,2.248421424627304,full_corpus,proven_optimal,n/a,106,108,432,True
E_realism_anchor,medium,0.972972972972973,1421,False,,,,,0.1167037538997918,0,25,,,25,,0.031090723140641395,0.6736608743667603,0.3731924580037594,0.04662207141518593,0.17935449219576519,1.0,0.3286278247833252,0.0,0.21323898434638977,,-0.15467743891684171,0.8681762439880455,176,56.84,11,49.347137708280506,1421,True,True,proven_optimal,all-MiniLM-L6-v2,,,benchmark.generate_corpus (UNCHANGED),,0.5,25,,0.1,0.1-pilot,n/a,,E,,0,,top_k,9,0.0,0.48416643258598113,17.42999157309532,4.805046439170837,0.5995370370370371,3.062047281861305,full_corpus,heuristic_no_guarantee,no_candidate_fits_budget,252,259,432,True
E_realism_anchor,medium,0.9806949806949807,1421,False,,,,,0.1167037538997918,0,25,,,25,,0.031090723140641395,0.6736608743667603,0.3731924580037594,0.04662207141518593,0.17935449219576519,1.0,0.3286278247833252,0.0,0.21323898434638977,,-0.15467743891684171,0.8681762439880455,176,56.84,11,49.347137708280506,1421,True,True,proven_optimal,all-MiniLM-L6-v2,,,benchmark.generate_corpus (UNCHANGED),,0.5,25,,0.1,0.1-pilot,n/a,,E,,0,,mmr,10,0.1236294582414268,0.26229201222045556,11.8031405499205,3.8638020902872086,0.5995370370370371,2.6834880352951584,full_corpus,heuristic_no_guarantee,no_candidate_fits_budget,254,259,432,True
E_realism_anchor,medium,0.972972972972973,1421,False,,,,,0.1167037538997918,0,25,,,25,,0.031090723140641395,0.6736608743667603,0.3731924580037594,0.04662207141518593,0.17935449219576519,1.0,0.3286278247833252,0.0,0.21323898434638977,,-0.15467743891684171,0.8681762439880455,176,56.84,11,49.347137708280506,1421,True,True,proven_optimal,all-MiniLM-L6-v2,,,benchmark.generate_corpus (UNCHANGED),,0.5,25,,0.1,0.1-pilot,n/a,,E,,0,,greedy_objective,9,0.0,0.48416643258598113,17.42999157309532,4.805046439170837,0.5995370370370371,3.062047281861305,full_corpus,heuristic_no_guarantee,no_candidate_fits_budget,252,259,432,True
E_realism_anchor,medium,0.915057915057915,1421,False,,,,,0.1167037538997918,0,25,,,25,,0.031090723140641395,0.6736608743667603,0.3731924580037594,0.04662207141518593,0.17935449219576519,1.0,0.3286278247833252,0.0,0.21323898434638977,,-0.15467743891684171,0.8681762439880455,176,56.84,11,49.347137708280506,1421,True,True,proven_optimal,all-MiniLM-L6-v2,,,benchmark.generate_corpus (UNCHANGED),,0.5,25,,0.1,0.1-pilot,n/a,,E,,0,,greedy_token_aware,10,0.005946686589785785,0.3567601097540723,16.054204938933253,4.649258740246296,0.5995370370370371,3.0438382463529705,full_corpus,heuristic_no_guarantee,no_positive_marginal_gain,237,259,432,True
E_realism_anchor,medium,0.972972972972973,1421,False,,,,,0.1167037538997918,0,25,,,25,,0.031090723140641395,0.6736608743667603,0.3731924580037594,0.04662207141518593,0.17935449219576519,1.0,0.3286278247833252,0.0,0.21323898434638977,,-0.15467743891684171,0.8681762439880455,176,56.84,11,49.347137708280506,1421,True,True,proven_optimal,all-MiniLM-L6-v2,,,benchmark.generate_corpus (UNCHANGED),,0.5,25,,0.1,0.1-pilot,n/a,,E,,0,,ilp,9,0.0,0.48416643258598113,17.42999157309532,4.805046439170837,0.5995370370370371,3.062047281861305,full_corpus,proven_optimal,n/a,252,259,432,True
E_realism_anchor,loose,0.7777777777777778,1421,False,,,,,0.1167037538997918,0,25,,,25,,0.031090723140641395,0.6736608743667603,0.3731924580037594,0.04662207141518593,0.17935449219576519,1.0,0.3286278247833252,0.0,0.21323898434638977,,-0.15467743891684171,0.8681762439880455,176,56.84,11,49.347137708280506,1421,True,True,proven_optimal,all-MiniLM-L6-v2,,,benchmark.generate_corpus (UNCHANGED),,0.5,25,,0.1,0.1-pilot,n/a,,E,,0,,top_k,12,0.021425322331607398,0.42546725751493464,28.080838995985687,5.959603190422058,1.5,3.1515192908234892,full_corpus,heuristic_no_guarantee,no_positive_marginal_gain,504,648,432,True
E_realism_anchor,loose,0.8194444444444444,1421,False,,,,,0.1167037538997918,0,25,,,25,,0.031090723140641395,0.6736608743667603,0.3731924580037594,0.04662207141518593,0.17935449219576519,1.0,0.3286278247833252,0.0,0.21323898434638977,,-0.15467743891684171,0.8681762439880455,176,56.84,11,49.347137708280506,1421,True,True,proven_optimal,all-MiniLM-L6-v2,,,benchmark.generate_corpus (UNCHANGED),,0.5,25,,0.1,0.1-pilot,n/a,,E,,0,,mmr,13,0.07409466335300226,0.3340354635236928,26.05476615484804,5.587373241782188,1.5,2.9818966262973845,full_corpus,heuristic_no_guarantee,no_positive_marginal_gain,531,648,432,True
E_realism_anchor,loose,0.6666666666666666,1421,False,,,,,0.1167037538997918,0,25,,,25,,0.031090723140641395,0.6736608743667603,0.3731924580037594,0.04662207141518593,0.17935449219576519,1.0,0.3286278247833252,0.0,0.21323898434638977,,-0.15467743891684171,0.8681762439880455,176,56.84,11,49.347137708280506,1421,True,True,proven_optimal,all-MiniLM-L6-v2,,,benchmark.generate_corpus (UNCHANGED),,0.5,25,,0.1,0.1-pilot,n/a,,E,,0,,greedy_objective,11,0.0,0.3981117656962438,21.89614711329341,5.410134680569172,1.5,3.220519969239831,full_corpus,heuristic_no_guarantee,no_positive_marginal_gain,432,648,432,True
E_realism_anchor,loose,0.7098765432098766,1421,False,,,,,0.1167037538997918,0,25,,,25,,0.031090723140641395,0.6736608743667603,0.3731924580037594,0.04662207141518593,0.17935449219576519,1.0,0.3286278247833252,0.0,0.21323898434638977,,-0.15467743891684171,0.8681762439880455,176,56.84,11,49.347137708280506,1421,True,True,proven_optimal,all-MiniLM-L6-v2,,,benchmark.generate_corpus (UNCHANGED),,0.5,25,,0.1,0.1-pilot,n/a,,E,,0,,greedy_token_aware,13,0.023603851215585746,0.381098566385798,29.72568817809224,6.117072112858295,1.5,3.1445032950490712,full_corpus,heuristic_no_guarantee,no_positive_marginal_gain,460,648,432,True
E_realism_anchor,loose,0.6666666666666666,1421,False,,,,,0.1167037538997918,0,25,,,25,,0.031090723140641395,0.6736608743667603,0.3731924580037594,0.04662207141518593,0.17935449219576519,1.0,0.3286278247833252,0.0,0.21323898434638977,,-0.15467743891684171,0.8681762439880455,176,56.84,11,49.347137708280506,1421,True,True,proven_optimal,all-MiniLM-L6-v2,,,benchmark.generate_corpus (UNCHANGED),,0.5,25,,0.1,0.1-pilot,n/a,,E,,0,,ilp,11,0.0,0.3981117656962438,21.89614711329341,5.410134680569172,1.5,3.220519969239831,full_corpus,proven_optimal,n/a,432,648,432,True
E_realism_anchor,tight,1.0,1036,False,,,,,0.2013310387268385,0,25,,,25,,0.036109950885999303,0.6164271831512451,0.3803315222263336,0.018183603882789612,0.16644449637331632,1.0,0.3432997763156891,0.0,0.2271156907081604,,0.20468344582202755,1.0184350690705288,206,41.44,9,42.20394926228271,1036,True,True,proven_optimal,all-MiniLM-L6-v2,,,benchmark.generate_corpus (UNCHANGED),,0.5,25,,0.1,0.1-pilot,n/a,,E,,1,,top_k,3,0.3104586304844564,0.7114537556966146,2.1343612670898438,1.8190884590148926,0.25,1.6056523323059082,full_corpus,heuristic_no_guarantee,no_candidate_fits_budget,124,124,496,True
E_realism_anchor,tight,0.9354838709677419,1036,False,,,,,0.2013310387268385,0,25,,,25,,0.036109950885999303,0.6164271831512451,0.3803315222263336,0.018183603882789612,0.16644449637331632,1.0,0.3432997763156891,0.0,0.2271156907081604,,0.20468344582202755,1.0184350690705288,206,41.44,9,42.20394926228271,1036,True,True,proven_optimal,all-MiniLM-L6-v2,,,benchmark.generate_corpus (UNCHANGED),,0.5,25,,0.1,0.1-pilot,n/a,,E,,1,,mmr,5,0.21863647320515658,0.24629262685775757,2.4629262685775757,2.0657602101564407,0.25,1.819467583298683,full_corpus,heuristic_no_guarantee,no_candidate_fits_budget,116,124,496,True
E_realism_anchor,tight,1.0,1036,False,,,,,0.2013310387268385,0,25,,,25,,0.036109950885999303,0.6164271831512451,0.3803315222263336,0.018183603882789612,0.16644449637331632,1.0,0.3432997763156891,0.0,0.2271156907081604,,0.20468344582202755,1.0184350690705288,206,41.44,9,42.20394926228271,1036,True,True,proven_optimal,all-MiniLM-L6-v2,,,benchmark.generate_corpus (UNCHANGED),,0.5,25,,0.1,0.1-pilot,n/a,,E,,1,,greedy_objective,3,0.3104586304844564,0.7114537556966146,2.1343612670898438,1.8190884590148926,0.25,1.6056523323059082,full_corpus,heuristic_no_guarantee,no_candidate_fits_budget,124,124,496,True
E_realism_anchor,tight,0.9758064516129032,1036,False,,,,,0.2013310387268385,0,25,,,25,,0.036109950885999303,0.6164271831512451,0.3803315222263336,0.018183603882789612,0.16644449637331632,1.0,0.3432997763156891,0.0,0.2271156907081604,,0.20468344582202755,1.0184350690705288,206,41.44,9,42.20394926228271,1036,True,True,proven_optimal,all-MiniLM-L6-v2,,,benchmark.generate_corpus (UNCHANGED),,0.5,25,,0.1,0.1-pilot,n/a,,E,,1,,greedy_token_aware,7,0.0,0.3414431405918939,7.170305952429771,3.045610725879669,0.25,2.3285801306366922,full_corpus,heuristic_no_guarantee,no_candidate_fits_budget,121,124,496,True
E_realism_anchor,tight,0.9758064516129032,1036,False,,,,,0.2013310387268385,0,25,,,25,,0.036109950885999303,0.6164271831512451,0.3803315222263336,0.018183603882789612,0.16644449637331632,1.0,0.3432997763156891,0.0,0.2271156907081604,,0.20468344582202755,1.0184350690705288,206,41.44,9,42.20394926228271,1036,True,True,proven_optimal,all-MiniLM-L6-v2,,,benchmark.generate_corpus (UNCHANGED),,0.5,25,,0.1,0.1-pilot,n/a,,E,,1,,ilp,7,0.0,0.3414431405918939,7.170305952429771,3.045610725879669,0.25,2.3285801306366922,full_corpus,proven_optimal,n/a,121,124,496,True
E_realism_anchor,medium,0.9932885906040269,1036,False,,,,,0.2013310387268385,0,25,,,25,,0.036109950885999303,0.6164271831512451,0.3803315222263336,0.018183603882789612,0.16644449637331632,1.0,0.3432997763156891,0.0,0.2271156907081604,,0.20468344582202755,1.0184350690705288,206,41.44,9,42.20394926228271,1036,True,True,proven_optimal,all-MiniLM-L6-v2,,,benchmark.generate_corpus (UNCHANGED),,0.5,25,,0.1,0.1-pilot,n/a,,E,,1,,top_k,8,0.0681859188135236,0.5735290433679309,16.058813214302063,4.388670891523361,0.6008064516129032,2.782789570093155,full_corpus,heuristic_no_guarantee,no_candidate_fits_budget,296,298,496,True
E_realism_anchor,medium,0.9932885906040269,1036,False,,,,,0.2013310387268385,0,25,,,25,,0.036109950885999303,0.6164271831512451,0.3803315222263336,0.018183603882789612,0.16644449637331632,1.0,0.3432997763156891,0.0,0.2271156907081604,,0.20468344582202755,1.0184350690705288,206,41.44,9,42.20394926228271,1036,True,True,proven_optimal,all-MiniLM-L6-v2,,,benchmark.generate_corpus (UNCHANGED),,0.5,25,,0.1,0.1-pilot,n/a,,E,,1,,mmr,9,0.22369189476865803,0.2318747137259278,8.347489694133401,3.1531321555376053,0.6008064516129032,2.318383186124265,full_corpus,heuristic_no_guarantee,no_candidate_fits_budget,296,298,496,True
E_realism_anchor,medium,0.9731543624161074,1036,False,,,,,0.2013310387268385,0,25,,,25,,0.036109950885999303,0.6164271831512451,0.3803315222263336,0.018183603882789612,0.16644449637331632,1.0,0.3432997763156891,0.0,0.2271156907081604,,0.20468344582202755,1.0184350690705288,206,41.44,9,42.20394926228271,1036,True,True,proven_optimal,all-MiniLM-L6-v2,,,benchmark.generate_corpus (UNCHANGED),,0.5,25,,0.1,0.1-pilot,n/a,,E,,1,,greedy_objective,10,-1.0977203089584448e-08,0.4629097517993715,20.830938830971718,5.069515377283096,0.6008064516129032,2.9864214941859246,full_corpus,heuristic_no_guarantee,no_candidate_fits_budget,290,298,496,True
E_realism_anchor,medium,0.9463087248322147,1036,False,,,,,0.2013310387268385,0,25,,,25,,0.036109950885999303,0.6164271831512451,0.3803315222263336,0.018183603882789612,0.16644449637331632,1.0,0.3432997763156891,0.0,0.2271156907081604,,0.20468344582202755,1.0184350690705288,206,41.44,9,42.20394926228271,1036,True,True,proven_optimal,all-MiniLM-L6-v2,,,benchmark.generate_corpus (UNCHANGED),,0.5,25,,0.1,0.1-pilot,n/a,,E,,1,,greedy_token_aware,11,0.027963211163528758,0.42694945525039324,23.48222003877163,5.251133531332016,0.6008064516129032,2.902911527454853,full_corpus,heuristic_no_guarantee,no_positive_marginal_gain,282,298,496,True
E_realism_anchor,medium,0.9731543624161074,1036,False,,,,,0.2013310387268385,0,25,,,25,,0.036109950885999303,0.6164271831512451,0.3803315222263336,0.018183603882789612,0.16644449637331632,1.0,0.3432997763156891,0.0,0.2271156907081604,,0.20468344582202755,1.0184350690705288,206,41.44,9,42.20394926228271,1036,True,True,proven_optimal,all-MiniLM-L6-v2,,,benchmark.generate_corpus (UNCHANGED),,0.5,25,,0.1,0.1-pilot,n/a,,E,,1,,ilp,10,0.0,0.46290975908438364,20.830939158797264,5.069515377283096,0.6008064516129032,2.9864214614033697,full_corpus,proven_optimal,n/a,290,298,496,True
E_realism_anchor,loose,0.4852150537634409,1036,False,,,,,0.2013310387268385,0,25,,,25,,0.036109950885999303,0.6164271831512451,0.3803315222263336,0.018183603882789612,0.16644449637331632,1.0,0.3432997763156891,0.0,0.2271156907081604,,0.20468344582202755,1.0184350690705288,206,41.44,9,42.20394926228271,1036,True,True,proven_optimal,all-MiniLM-L6-v2,,,benchmark.generate_corpus (UNCHANGED),,0.5,25,,0.1,0.1-pilot,n/a,,E,,1,,top_k,11,0.025959931510043586,0.5107354475693269,28.09044961631298,5.73070964217186,1.5,2.9216646805405615,full_corpus,heuristic_no_guarantee,no_positive_marginal_gain,361,744,496,True
E_realism_anchor,loose,0.8790322580645161,1036,False,,,,,0.2013310387268385,0,25,,,25,,0.036109950885999303,0.6164271831512451,0.3803315222263336,0.018183603882789612,0.16644449637331632,1.0,0.3432997763156891,0.0,0.2271156907081604,,0.20468344582202755,1.0184350690705288,206,41.44,9,42.20394926228271,1036,True,True,proven_optimal,all-MiniLM-L6-v2,,,benchmark.generate_corpus (UNCHANGED),,0.5,25,,0.1,0.1-pilot,n/a,,E,,1,,mmr,13,0.05828031927933508,0.35033511898169917,27.326139280572534,5.557332560420036,1.5,2.824718632362783,full_corpus,heuristic_no_guarantee,no_positive_marginal_gain,654,744,496,True
E_realism_anchor,loose,0.6666666666666666,1036,False,,,,,0.2013310387268385,0,25,,,25,,0.036109950885999303,0.6164271831512451,0.3803315222263336,0.018183603882789612,0.16644449637331632,1.0,0.3432997763156891,0.0,0.2271156907081604,,0.20468344582202755,1.0184350690705288,206,41.44,9,42.20394926228271,1036,True,True,proven_optimal,all-MiniLM-L6-v2,,,benchmark.generate_corpus (UNCHANGED),,0.5,25,,0.1,0.1-pilot,n/a,,E,,1,,greedy_objective,11,-1.2916353182623762e-08,0.46026200570843434,25.31441031396389,5.53097340464592,1.5,2.9995323732495307,full_corpus,heuristic_no_guarantee,no_positive_marginal_gain,496,744,496,True
E_realism_anchor,loose,0.48655913978494625,1036,False,,,,,0.2013310387268385,0,25,,,25,,0.036109950885999303,0.6164271831512451,0.3803315222263336,0.018183603882789612,0.16644449637331632,1.0,0.3432997763156891,0.0,0.2271156907081604,,0.20468344582202755,1.0184350690705288,206,41.44,9,42.20394926228271,1036,True,True,proven_optimal,all-MiniLM-L6-v2,,,benchmark.generate_corpus (UNCHANGED),,0.5,25,,0.1,0.1-pilot,n/a,,E,,1,,greedy_token_aware,12,0.030289147345944727,0.39063441188949527,25.781871184706688,5.4868661761283875,1.5,2.9086790576577184,full_corpus,heuristic_no_guarantee,no_positive_marginal_gain,362,744,496,True
E_realism_anchor,loose,0.6666666666666666,1036,False,,,,,0.2013310387268385,0,25,,,25,,0.036109950885999303,0.6164271831512451,0.3803315222263336,0.018183603882789612,0.16644449637331632,1.0,0.3432997763156891,0.0,0.2271156907081604,,0.20468344582202755,1.0184350690705288,206,41.44,9,42.20394926228271,1036,True,True,proven_optimal,all-MiniLM-L6-v2,,,benchmark.generate_corpus (UNCHANGED),,0.5,25,,0.1,0.1-pilot,n/a,,E,,1,,ilp,11,0.0,0.46026201275261963,25.31441070139408,5.53097340464592,1.5,2.9995323345065117,full_corpus,proven_optimal,n/a,496,744,496,True
E_realism_anchor,tight,0.9357142857142857,1512,False,,,,,-0.053811324485428955,1,24,,,25,,0.029755106673613738,0.5508368611335754,0.3727584106475115,-0.024766189977526665,0.16180689299684203,1.0,0.3184530735015869,0.0,0.22515016794204712,,-0.1691517744388063,1.0110921250791207,206,60.48,12,61.15085172478522,1512,True,True,proven_optimal,all-MiniLM-L6-v2,,,benchmark.generate_corpus (UNCHANGED),,0.5,25,,0.1,0.1-pilot,n/a,,E,,2,,top_k,6,0.16314183193609108,0.5581556677818298,8.372335016727448,3.1255425214767456,0.24955436720142601,2.288309019804001,full_corpus,heuristic_no_guarantee,no_candidate_fits_budget,131,140,561,True
E_realism_anchor,tight,0.9642857142857143,1512,False,,,,,-0.053811324485428955,1,24,,,25,,0.029755106673613738,0.5508368611335754,0.3727584106475115,-0.024766189977526665,0.16180689299684203,1.0,0.3184530735015869,0.0,0.22515016794204712,,-0.1691517744388063,1.0110921250791207,206,60.48,12,61.15085172478522,1512,True,True,proven_optimal,all-MiniLM-L6-v2,,,benchmark.generate_corpus (UNCHANGED),,0.5,25,,0.1,0.1-pilot,n/a,,E,,2,,mmr,6,0.1549276647258347,0.35391752421855927,5.308762863278389,2.8416461646556854,0.24955436720142601,2.3107698783278465,full_corpus,heuristic_no_guarantee,no_candidate_fits_budget,135,140,561,True
E_realism_anchor,tight,0.9428571428571428,1512,False,,,,,-0.053811324485428955,1,24,,,25,,0.029755106673613738,0.5508368611335754,0.3727584106475115,-0.024766189977526665,0.16180689299684203,1.0,0.3184530735015869,0.0,0.22515016794204712,,-0.1691517744388063,1.0110921250791207,206,60.48,12,61.15085172478522,1512,True,True,proven_optimal,all-MiniLM-L6-v2,,,benchmark.generate_corpus (UNCHANGED),,0.5,25,,0.1,0.1-pilot,n/a,,E,,2,,greedy_objective,6,0.12625372274901087,0.43940414786338805,6.591062217950821,3.048282265663147,0.24955436720142601,2.3891760438680647,full_corpus,heuristic_no_guarantee,no_candidate_fits_budget,132,140,561,True
E_realism_anchor,tight,0.8571428571428571,1512,False,,,,,-0.053811324485428955,1,24,,,25,,0.029755106673613738,0.5508368611335754,0.3727584106475115,-0.024766189977526665,0.16180689299684203,1.0,0.3184530735015869,0.0,0.22515016794204712,,-0.1691517744388063,1.0110921250791207,206,60.48,12,61.15085172478522,1512,True,True,proven_optimal,all-MiniLM-L6-v2,,,benchmark.generate_corpus (UNCHANGED),,0.5,25,,0.1,0.1-pilot,n/a,,E,,2,,greedy_token_aware,9,0.05937622048715302,0.38862688979133964,13.990568032488227,3.971103012561798,0.24955436720142601,2.5720462093129752,full_corpus,heuristic_no_guarantee,no_positive_marginal_gain,120,140,561,True
E_realism_anchor,tight,0.95,1512,False,,,,,-0.053811324485428955,1,24,,,25,,0.029755106673613738,0.5508368611335754,0.3727584106475115,-0.024766189977526665,0.16180689299684203,1.0,0.3184530735015869,0.0,0.22515016794204712,,-0.1691517744388063,1.0110921250791207,206,60.48,12,61.15085172478522,1512,True,True,proven_optimal,all-MiniLM-L6-v2,,,benchmark.generate_corpus (UNCHANGED),,0.5,25,,0.1,0.1-pilot,n/a,,E,,2,,ilp,8,0.0,0.3875551261007786,10.8515435308218,3.8195591866970062,0.24955436720142601,2.734404833614826,full_corpus,proven_optimal,n/a,133,140,561,True
E_realism_anchor,medium,0.9673590504451038,1512,False,,,,,-0.053811324485428955,1,24,,,25,,0.029755106673613738,0.5508368611335754,0.3727584106475115,-0.024766189977526665,0.16180689299684203,1.0,0.3184530735015869,0.0,0.22515016794204712,,-0.1691517744388063,1.0110921250791207,206,60.48,12,61.15085172478522,1512,True,True,proven_optimal,all-MiniLM-L6-v2,,,benchmark.generate_corpus (UNCHANGED),,0.5,25,,0.1,0.1-pilot,n/a,,E,,2,,top_k,11,0.045142379352845416,0.4680095342072574,25.740524381399155,5.4637660682201385,0.6007130124777184,2.889713630080223,full_corpus,heuristic_no_guarantee,no_candidate_fits_budget,326,337,561,True
E_realism_anchor,medium,0.973293768545994,1512,False,,,,,-0.053811324485428955,1,24,,,25,,0.029755106673613738,0.5508368611335754,0.3727584106475115,-0.024766189977526665,0.16180689299684203,1.0,0.3184530735015869,0.0,0.22515016794204712,,-0.1691517744388063,1.0110921250791207,206,60.48,12,61.15085172478522,1512,True,True,proven_optimal,all-MiniLM-L6-v2,,,benchmark.generate_corpus (UNCHANGED),,0.5,25,,0.1,0.1-pilot,n/a,,E,,2,,mmr,8,0.21563422664359994,0.27085893421566914,7.584050158038735,3.132154166698456,0.6007130124777184,2.3737491508945823,full_corpus,heuristic_no_guarantee,no_candidate_fits_budget,328,337,561,True
E_realism_anchor,medium,0.9792284866468842,1512,False,,,,,-0.053811324485428955,1,24,,,25,,0.029755106673613738,0.5508368611335754,0.3727584106475115,-0.024766189977526665,0.16180689299684203,1.0,0.3184530735015869,0.0,0.22515016794204712,,-0.1691517744388063,1.0110921250791207,206,60.48,12,61.15085172478522,1512,True,True,proven_optimal,all-MiniLM-L6-v2,,,benchmark.generate_corpus (UNCHANGED),,0.5,25,,0.1,0.1-pilot,n/a,,E,,2,,greedy_objective,9,0.026410838203984644,0.40465257358219886,14.56749264895916,4.403150707483292,0.6007130124777184,2.9464014425873755,full_corpus,heuristic_no_guarantee,no_candidate_fits_budget,330,337,561,True
E_realism_anchor,medium,0.6646884272997032,1512,False,,,,,-0.053811324485428955,1,24,,,25,,0.029755106673613738,0.5508368611335754,0.3727584106475115,-0.024766189977526665,0.16180689299684203,1.0,0.3184530735015869,0.0,0.22515016794204712,,-0.1691517744388063,1.0110921250791207,206,60.48,12,61.15085172478522,1512,True,True,proven_optimal,all-MiniLM-L6-v2,,,benchmark.generate_corpus (UNCHANGED),,0.5,25,,0.1,0.1-pilot,n/a,,E,,2,,greedy_token_aware,11,0.016469441938714476,0.413691892136227,22.753054067492485,5.251792788505554,0.6007130124777184,2.976487381756306,full_corpus,heuristic_no_guarantee,no_positive_marginal_gain,224,337,561,True
E_realism_anchor,medium,0.9347181008902077,1512,False,,,,,-0.053811324485428955,1,24,,,25,,0.029755106673613738,0.5508368611335754,0.3727584106475115,-0.024766189977526665,0.16180689299684203,1.0,0.3184530735015869,0.0,0.22515016794204712,,-0.1691517744388063,1.0110921250791207,206,60.48,12,61.15085172478522,1512,True,True,proven_optimal,all-MiniLM-L6-v2,,,benchmark.generate_corpus (UNCHANGED),,0.5,25,,0.1,0.1-pilot,n/a,,E,,2,,ilp,10,0.0,0.41190524266825784,18.535735920071602,4.879902929067612,0.6007130124777184,3.026329337060451,full_corpus,proven_optimal,n/a,315,337,561,True
E_realism_anchor,loose,0.66270783847981,1512,False,,,,,-0.053811324485428955,1,24,,,25,,0.029755106673613738,0.5508368611335754,0.3727584106475115,-0.024766189977526665,0.16180689299684203,1.0,0.3184530735015869,0.0,0.22515016794204712,,-0.1691517744388063,1.0110921250791207,206,60.48,12,61.15085172478522,1512,True,True,proven_optimal,all-MiniLM-L6-v2,,,benchmark.generate_corpus (UNCHANGED),,0.5,25,,0.1,0.1-pilot,n/a,,E,,2,,top_k,12,0.019593556542031137,0.43584337243528076,28.76566258072853,5.89392477273941,1.500891265597148,3.017358514666557,full_corpus,heuristic_no_guarantee,no_positive_marginal_gain,558,842,561,True
E_realism_anchor,loose,0.8741092636579573,1512,False,,,,,-0.053811324485428955,1,24,,,25,,0.029755106673613738,0.5508368611335754,0.3727584106475115,-0.024766189977526665,0.16180689299684203,1.0,0.3184530735015869,0.0,0.22515016794204712,,-0.1691517744388063,1.0110921250791207,206,60.48,12,61.15085172478522,1512,True,True,proven_optimal,all-MiniLM-L6-v2,,,benchmark.generate_corpus (UNCHANGED),,0.5,25,,0.1,0.1-pilot,n/a,,E,,2,,mmr,13,0.07409150019846812,0.34489719084917736,26.901980886235833,5.539830416440964,1.500891265597148,2.84963232781738,full_corpus,heuristic_no_guarantee,no_positive_marginal_gain,736,842,561,True
E_realism_anchor,loose,0.666270783847981,1512,False,,,,,-0.053811324485428955,1,24,,,25,,0.029755106673613738,0.5508368611335754,0.3727584106475115,-0.024766189977526665,0.16180689299684203,1.0,0.3184530735015869,0.0,0.22515016794204712,,-0.1691517744388063,1.0110921250791207,206,60.48,12,61.15085172478522,1512,True,True,proven_optimal,all-MiniLM-L6-v2,,,benchmark.generate_corpus (UNCHANGED),,0.5,25,,0.1,0.1-pilot,n/a,,E,,2,,greedy_objective,12,4.841716480969288e-09,0.4182921587066217,27.60728247463703,5.838389068841934,1.500891265597148,3.077660821378231,full_corpus,heuristic_no_guarantee,no_positive_marginal_gain,561,842,561,True
E_realism_anchor,loose,0.47268408551068886,1512,False,,,,,-0.053811324485428955,1,24,,,25,,0.029755106673613738,0.5508368611335754,0.3727584106475115,-0.024766189977526665,0.16180689299684203,1.0,0.3184530735015869,0.0,0.22515016794204712,,-0.1691517744388063,1.0110921250791207,206,60.48,12,61.15085172478522,1512,True,True,proven_optimal,all-MiniLM-L6-v2,,,benchmark.generate_corpus (UNCHANGED),,0.5,25,,0.1,0.1-pilot,n/a,,E,,2,,greedy_token_aware,12,0.016922034408408754,0.40452155674045737,26.698422744870186,5.695422828197479,1.500891265597148,3.0255805537104603,full_corpus,heuristic_no_guarantee,no_positive_marginal_gain,398,842,561,True
E_realism_anchor,loose,0.666270783847981,1512,False,,,,,-0.053811324485428955,1,24,,,25,,0.029755106673613738,0.5508368611335754,0.3727584106475115,-0.024766189977526665,0.16180689299684203,1.0,0.3184530735015869,0.0,0.22515016794204712,,-0.1691517744388063,1.0110921250791207,206,60.48,12,61.15085172478522,1512,True,True,proven_optimal,all-MiniLM-L6-v2,,,benchmark.generate_corpus (UNCHANGED),,0.5,25,,0.1,0.1-pilot,n/a,,E,,2,,ilp,12,0.0,0.41829215644886997,27.60728232562542,5.838389068841934,1.500891265597148,3.0776608362793922,full_corpus,proven_optimal,n/a,561,842,561,True
