adv_feasible_at_medium,adversarial_cap,adversarial_indices,adversarial_tokens_after,arm,beta_hat,beta_target,budget_loose,budget_medium,budget_tight,budgets_ordered,corpus_token_mass,elapsed_s,gamma,min_token,n_topics_used,n_unique_relevance,n_unique_tokens,pearson,redundancy_level,relevance_max,relevance_mean,relevance_min,relevance_std,rho_c,rho_dev_loose,rho_dev_medium,rho_dev_tight,rho_realized_loose,rho_realized_medium,rho_realized_tight,rl_condition,saturation_fraction,seed,similarity_max,similarity_mean,similarity_min,similarity_std,spearman,tight_affords_min_token,tokens_cv,tokens_max,tokens_mean,tokens_min,tokens_std,tokens_total,validation_ok,w_sat,w_sat_n_selected,w_sat_pre_intervention,w_sat_pre_proven,w_sat_proven,w_sat_status
,,,,synthetic,-0.3779317153013123,0.0,2658,1063,443,True,2318,0.10788893699645996,0.15,35,5,25,23,-0.5180005371511215,low,0.4613331212955211,0.2937845155709141,0.13596963608103152,0.09248293478072254,0.0,0.0,0.00011286681715572122,0.0,1.5,0.5998871331828443,0.25,A,0.7644521138912856,0,0.44394491867271274,0.10081980578974037,-0.24653663246047935,0.13692498638921297,-0.47421107200100693,True,0.47657023864336684,216,92.72,35,44.187592527012974,2318,True,1772,19,,,True,proven_optimal
,,,,synthetic,-0.3779317153013123,0.0,1574,629,262,True,2318,0.8838222026824951,0.7,35,5,25,23,-0.5180005371511215,high,0.4613331212955211,0.2937845155709141,0.13596963608103152,0.09248293478072254,0.0,0.0004766444232602307,0.00038131553860820677,0.00023832221163011535,1.5004766444232602,0.5996186844613918,0.24976167778836988,A,0.4525452976704055,0,0.8149909474445904,0.18340076017052379,-0.24614757092951947,0.25828956504635947,-0.47421107200100693,True,0.47657023864336684,216,92.72,35,44.187592527012974,2318,True,1049,14,,,True,proven_optimal
,,,,synthetic,-0.004703740054889069,0.5,2817,1127,470,True,2316,0.055162906646728516,0.15,42,5,25,22,-0.11210968927724925,low,0.4613331212955211,0.2937845155709141,0.13596963608103152,0.09248293478072254,0.5,0.0,0.00010649627263048522,0.00026624068157615755,1.5,0.6001064962726305,0.25026624068157616,B,0.810880829015544,0,0.44394491867271274,0.10081980578974037,-0.24653663246047935,0.13692498638921297,-0.08350973105825663,True,0.32411712836945106,165,92.64,42,30.026210772145948,2316,True,1878,19,,,True,proven_optimal
,,,,synthetic,-0.004703740054889069,0.5,1882,753,314,True,2316,0.3755378723144531,0.7,42,5,25,22,-0.11210968927724925,high,0.4613331212955211,0.2937845155709141,0.13596963608103152,0.09248293478072254,0.5,0.00039840637450194727,0.0,0.00019920318725097363,1.499601593625498,0.6,0.250199203187251,B,0.5418825561312608,0,0.8149909474445904,0.18340076017052379,-0.24614757092951947,0.25828956504635947,-0.08350973105825663,True,0.32411712836945106,165,92.64,42,30.026210772145948,2316,True,1255,14,,,True,proven_optimal
,,,,synthetic,-0.4895467010126793,-0.5,2386,955,398,True,2231,0.05101418495178223,0.15,26,5,25,22,-0.7080702307819875,low,0.4613331212955211,0.2937845155709141,0.13596963608103152,0.09248293478072254,-0.5,0.0003142677561283058,0.00025141420490260025,0.0001571338780640974,1.4996857322438717,0.6002514142049026,0.2501571338780641,C,0.7131331241595698,0,0.44394491867271274,0.10081980578974037,-0.24653663246047935,0.13692498638921297,-0.7437924522971876,True,0.5378975697654104,214,89.24,26,48.00197912586522,2231,True,1591,19,,,True,proven_optimal
,,,,synthetic,-0.4895467010126793,-0.5,1334,533,222,True,2231,0.41165900230407715,0.7,26,5,25,22,-0.7080702307819875,high,0.4613331212955211,0.2937845155709141,0.13596963608103152,0.09248293478072254,-0.5,0.0005624296962880582,0.0004499437570303355,0.00028121484814397357,1.500562429696288,0.5995500562429696,0.24971878515185603,C,0.39847601972209773,0,0.8149909474445904,0.18340076017052379,-0.24614757092951947,0.25828956504635947,-0.7437924522971876,True,0.5378975697654104,214,89.24,26,48.00197912586522,2231,True,889,14,,,True,proven_optimal
True,797,"[11, 0, 7, 10]","[210, 294, 444, 408]",synthetic,-0.3779317153013123,,4353,1741,726,True,3448,0.09373211860656738,0.15,45,5,25,23,-0.5180005371511215,low,0.4613331212955211,0.2937845155709141,0.13596963608103152,0.09248293478072254,0.0,0.0,6.89179875947854e-05,0.000172294968986908,1.5,0.5999310820124052,0.2501722949689869,D,0.8416473317865429,0,0.44394491867271274,0.10081980578974037,-0.24653663246047935,0.13692498638921297,-0.47421107200100693,True,0.47657023864336684,216,92.72,35,44.187592527012974,2318,True,2902,19,1772,True,True,proven_optimal
True,472,"[11, 0, 7, 10]","[210, 294, 444, 408]",synthetic,-0.3779317153013123,,3268,1307,545,True,3448,1.66231107711792,0.7,45,5,25,23,-0.5180005371511215,high,0.4613331212955211,0.2937845155709141,0.13596963608103152,0.09248293478072254,0.0,0.00022946305644788723,0.00018357044515826537,0.00011473152822394361,1.4997705369435521,0.5998164295548417,0.25011473152822394,D,0.6319605568445475,0,0.8149909474445904,0.18340076017052379,-0.24614757092951947,0.25828956504635947,-0.47421107200100693,True,0.47657023864336684,216,92.72,35,44.187592527012974,2318,True,2179,14,1049,True,True,proven_optimal
,,,,synthetic,-0.1540941879739902,0.0,2408,963,401,True,2301,0.018413066864013672,0.15,32,5,25,22,-0.23556864404378985,low,0.3931873779589222,0.21419893325364764,0.06400767122378753,0.09138007321165943,0.0,0.00031152647975085657,0.0,0.00015576323987540053,1.5003115264797509,0.6,0.2498442367601246,A,0.6975228161668839,1,0.43927450769081167,0.0692591074327479,-0.27951440477790535,0.1190211673853651,-0.1555342395072794,True,0.43602274810901587,208,92.04,32,40.13153373595382,2301,True,1605,18,,,True,proven_optimal
,,,,synthetic,-0.1540941879739902,0.0,1698,679,283,True,2301,0.08726286888122559,0.7,32,5,25,22,-0.23556864404378985,high,0.3931873779589222,0.21419893325364764,0.06400767122378753,0.09138007321165943,0.0,0.0,0.00017667844522961662,0.0,1.5,0.5998233215547704,0.25,A,0.4919600173837462,1,0.8064293145652528,0.1551789721612778,-0.16412119215904236,0.25711340135747773,-0.1555342395072794,True,0.43602274810901587,208,92.04,32,40.13153373595382,2301,True,1132,13,,,True,proven_optimal
,,,,synthetic,0.4366994546126344,0.5,2264,905,377,True,1968,0.019086122512817383,0.15,24,5,25,24,0.34047338162526675,low,0.3931873779589222,0.21419893325364764,0.06400767122378753,0.09138007321165943,0.5,0.00033134526176281653,0.0002650762094101866,0.0001656726308813805,1.5003313452617628,0.5997349237905898,0.24983432736911862,B,0.7667682926829268,1,0.43927450769081167,0.0692591074327479,-0.27951440477790535,0.1190211673853651,0.23581458408902495,True,0.38521307056314663,155,78.72,24,30.323972914730902,1968,True,1509,18,,,True,proven_optimal
,,,,synthetic,0.4366994546126344,0.5,1706,682,284,True,1968,0.06585311889648438,0.7,24,5,25,24,0.34047338162526675,high,0.3931873779589222,0.21419893325364764,0.06400767122378753,0.09138007321165943,0.5,0.0004397537379068339,0.00017590149516266695,0.0002198768689533892,1.5004397537379068,0.5998240985048373,0.2497801231310466,B,0.5777439024390244,1,0.8064293145652528,0.1551789721612778,-0.16412119215904236,0.25711340135747773,0.23581458408902495,True,0.38521307056314663,155,78.72,24,30.323972914730902,1968,True,1137,13,,,True,proven_optimal
,,,,synthetic,-0.5747327299475349,-0.5,2493,997,416,True,2641,0.018962860107421875,0.15,38,5,25,23,-0.5920549295539632,low,0.3931873779589222,0.21419893325364764,0.06400767122378753,0.09138007321165943,-0.5,0.0,0.00012033694344160129,0.00030084235860411424,1.5,0.5998796630565584,0.2503008423586041,C,0.6293070806512685,1,0.43927450769081167,0.0692591074327479,-0.27951440477790535,0.1190211673853651,-0.5667564867385811,True,0.5053142276705888,257,105.64,38,53.381395011121,2641,True,1662,18,,,True,proven_optimal
,,,,synthetic,-0.5747327299475349,-0.5,1648,659,275,True,2641,0.0709538459777832,0.7,38,5,25,23,-0.5920549295539632,high,0.3931873779589222,0.21419893325364764,0.06400767122378753,0.09138007321165943,-0.5,0.00045495905368508893,0.00036396724294807115,0.00022747952684259998,1.499545040946315,0.5996360327570519,0.2502274795268426,C,0.4161302536917834,1,0.8064293145652528,0.1551789721612778,-0.16412119215904236,0.25711340135747773,-0.5667564867385811,True,0.5053142276705888,257,105.64,38,53.381395011121,2641,True,1099,13,,,True,proven_optimal
True,722,"[4, 15, 16, 17]","[722, 270, 462, 384]",synthetic,-0.1540941879739902,,4694,1877,782,True,3825,0.0372929573059082,0.15,32,5,25,22,-0.23556864404378985,low,0.3931873779589222,0.21419893325364764,0.06400767122378753,0.09138007321165943,0.0,0.00015979546180888704,0.00012783636944713184,7.989773090444352e-05,1.5001597954618089,0.5998721636305528,0.24992010226909556,D,0.8180392156862745,1,0.43927450769081167,0.0692591074327479,-0.27951440477790535,0.1190211673853651,-0.1555342395072794,True,0.43602274810901587,208,92.04,32,40.13153373595382,2301,True,3129,18,1605,True,True,proven_optimal
True,509,"[4, 15, 16, 17]","[509, 270, 462, 384]",synthetic,-0.1540941879739902,,3664,1466,611,True,3612,0.21228981018066406,0.7,32,5,25,22,-0.23556864404378985,high,0.3931873779589222,0.21419893325364764,0.06400767122378753,0.09138007321165943,0.0,0.00020466639377825224,8.18665575113009e-05,0.00010233319688907061,1.4997953336062217,0.6000818665575113,0.25010233319688907,D,0.6763565891472868,1,0.8064293145652528,0.1551789721612778,-0.16412119215904236,0.25711340135747773,-0.1555342395072794,True,0.43602274810901587,208,92.04,32,40.13153373595382,2301,True,2443,13,1132,True,True,proven_optimal
,,,,synthetic,0.01242400214861706,0.0,2530,1012,422,True,2182,0.03114604949951172,0.15,30,5,25,24,0.04600037591847842,low,0.45615175634056193,0.25920205928809975,0.08640247438318971,0.10191205515451497,0.0,0.00029638411381149865,0.00011855364552459946,0.00014819205690574933,1.4997036158861885,0.5998814463544754,0.25014819205690575,A,0.7731439046746105,2,0.4583189844474463,0.08363501519061785,-0.2834487785753492,0.13690597443916538,0.03000577089550399,True,0.5430837719538963,224,87.28,30,47.40035161613607,2182,True,1687,18,,,True,proven_optimal
,,,,synthetic,0.01242400214861706,0.0,1539,616,256,True,2182,0.36798715591430664,0.7,30,5,25,24,0.04600037591847842,high,0.45615175634056193,0.25920205928809975,0.08640247438318971,0.10191205515451497,0.0,0.0,0.0003898635477582735,0.0004873294346978696,1.5,0.6003898635477583,0.24951267056530213,A,0.4702108157653529,2,0.8112924001372745,0.16537245553836907,-0.1623697704290685,0.25961101264307873,0.03000577089550399,True,0.5430837719538963,224,87.28,30,47.40035161613607,2182,True,1026,12,,,True,proven_optimal
,,,,synthetic,0.42239646169148565,0.5,2612,1045,435,True,2130,0.028374195098876953,0.15,41,5,25,20,0.43907750998401296,low,0.45615175634056193,0.25920205928809975,0.08640247438318971,0.10191205515451497,0.5,0.0002871912693853673,0.00022975301550831606,0.00014359563469271142,1.5002871912693854,0.6002297530155083,0.2498564043653073,B,0.8173708920187793,2,0.4583189844474463,0.08363501519061785,-0.2834487785753492,0.13690597443916538,0.4157846006630242,True,0.5301540683600626,208,85.2,41,45.16912662427734,2130,True,1741,18,,,True,proven_optimal
,,,,synthetic,0.42239646169148565,0.5,1778,711,296,True,2130,0.17133212089538574,0.7,41,5,25,20,0.43907750998401296,high,0.45615175634056193,0.25920205928809975,0.08640247438318971,0.10191205515451497,0.5,0.00042194092826997043,0.0,0.00021097046413501297,1.50042194092827,0.6,0.249789029535865,B,0.5563380281690141,2,0.8112924001372745,0.16537245553836907,-0.1623697704290685,0.25961101264307873,0.4157846006630242,True,0.5301540683600626,208,85.2,41,45.16912662427734,2130,True,1185,12,,,True,proven_optimal
,,,,synthetic,-0.4033969219857471,-0.5,2313,925,386,True,2197,0.03015899658203125,0.15,29,5,25,24,-0.39221312304550526,low,0.45615175634056193,0.25920205928809975,0.08640247438318971,0.10191205515451497,-0.5,0.0,0.00012970168612191912,0.0003242542153047978,1.5,0.5998702983138781,0.2503242542153048,C,0.701866181156122,2,0.4583189844474463,0.08363501519061785,-0.2834487785753492,0.13690597443916538,-0.47624544062351204,True,0.4791006471266404,194,87.88,29,42.103364869489155,2197,True,1542,18,,,True,proven_optimal
,,,,synthetic,-0.4033969219857471,-0.5,1269,508,212,True,2197,0.3105502128601074,0.7,29,5,25,24,-0.39221312304550526,high,0.45615175634056193,0.25920205928809975,0.08640247438318971,0.10191205515451497,-0.5,0.0,0.00047281323877068626,0.0005910165484633301,1.5,0.6004728132387707,0.25059101654846333,C,0.38507055075102414,2,0.8112924001372745,0.16537245553836907,-0.1623697704290685,0.25961101264307873,-0.47624544062351204,True,0.4791006471266404,194,87.88,29,42.103364869489155,2197,True,846,12,,,True,proven_optimal
True,759,"[14, 5, 10, 4]","[402, 444, 732, 690]",synthetic,0.01242400214861706,,5366,2146,894,True,4072,0.060096025466918945,0.15,30,5,25,24,0.04600037591847842,low,0.45615175634056193,0.25920205928809975,0.08640247438318971,0.10191205515451497,0.0,0.00013978194017338907,5.591277606931122e-05,6.989097008666678e-05,1.5001397819401734,0.5999440872239307,0.24993010902991333,D,0.8784381139489195,2,0.4583189844474463,0.08363501519061785,-0.2834487785753492,0.13690597443916538,0.03000577089550399,True,0.5430837719538963,224,87.28,30,47.40035161613607,2182,True,3577,18,1687,True,True,proven_optimal
True,462,"[14, 5, 10, 4]","[402, 444, 462, 462]",synthetic,0.01242400214861706,,3627,1451,604,True,3574,0.6768538951873779,0.7,30,5,25,24,0.04600037591847842,high,0.45615175634056193,0.25920205928809975,0.08640247438318971,0.10191205515451497,0.0,0.0,8.271298593875986e-05,0.00020678246484698293,1.5,0.6000827129859387,0.24979321753515302,D,0.676552881925014,2,0.8112924001372745,0.16537245553836907,-0.1623697704290685,0.25961101264307873,0.03000577089550399,True,0.5430837719538963,224,87.28,30,47.40035161613607,2182,True,2418,12,1026,True,True,proven_optimal
,,,,synthetic,0.01346807690979212,0.0,2938,1175,490,True,2437,0.035121917724609375,0.15,27,5,25,23,-0.10552475160774416,low,0.5726539469902237,0.29630241846813554,0.1171116669008645,0.11789313627094655,0.0,0.0002552322613578184,0.0002041858090862103,0.0001276161306789092,1.4997447677386422,0.5997958141909138,0.2501276161306789,A,0.8038572014772261,3,0.5890370035224313,0.11799317109665694,-0.22517232187309233,0.12880217525659363,-0.00692574118214152,True,0.4611115763462972,182,97.48,27,44.94915646223705,2437,True,1959,19,,,True,proven_optimal
,,,,synthetic,0.01346807690979212,0.0,1734,694,289,True,2437,0.6801049709320068,0.7,27,5,25,23,-0.10552475160774416,high,0.5726539469902237,0.29630241846813554,0.1171116669008645,0.11789313627094655,0.0,0.0,0.00034602076124568004,0.0,1.5,0.6003460207612457,0.25,A,0.4743537135822733,3,0.8012299938144424,0.20938598612105302,-0.08447757718711067,0.24162943643182208,-0.00692574118214152,True,0.4611115763462972,182,97.48,27,44.94915646223705,2437,True,1156,12,,,True,proven_optimal
,,,,synthetic,0.44894279023723216,0.5,3194,1277,532,True,2559,0.035176992416381836,0.15,34,5,25,24,0.5267805390165439,low,0.5726539469902237,0.29630241846813554,0.1171116669008645,0.11789313627094655,0.5,0.0002348520432127188,0.00018788163457017504,0.00011742602160638715,1.5002348520432127,0.5998121183654298,0.2498825739783936,B,0.8319656115670183,3,0.5890370035224313,0.11799317109665694,-0.22517232187309233,0.12880217525659363,0.5577995871600101,True,0.4193647610374748,185,102.36,34,42.926176939795916,2559,True,2129,19,,,True,proven_optimal
,,,,synthetic,0.44894279023723216,0.5,2176,871,363,True,2559,0.571605920791626,0.7,34,5,25,24,0.5267805390165439,high,0.5726539469902237,0.29630241846813554,0.1171116669008645,0.11789313627094655,0.5,0.00034458993797370496,0.0002756719503790306,0.000172294968986908,1.4996554100620263,0.600275671950379,0.2501722949689869,B,0.5670183665494334,3,0.8012299938144424,0.20938598612105302,-0.08447757718711067,0.24162943643182208,0.5577995871600101,True,0.4193647610374748,185,102.36,34,42.926176939795916,2559,True,1451,12,,,True,proven_optimal
,,,,synthetic,-0.4015043250673723,-0.5,2584,1034,431,True,2258,0.032195091247558594,0.15,28,5,25,24,-0.5064295225019558,low,0.5726539469902237,0.29630241846813554,0.1171116669008645,0.11789313627094655,-0.5,0.0002901915264075239,0.00011607661056300955,0.00014509576320370643,1.4997098084735925,0.600116076610563,0.2501450957632037,C,0.7630646589902569,3,0.5890370035224313,0.11799317109665694,-0.22517232187309233,0.12880217525659363,-0.5497211103804513,True,0.4976409618171389,192,90.32,28,44.94693167132398,2258,True,1723,19,,,True,proven_optimal
,,,,synthetic,-0.4015043250673723,-0.5,1341,536,224,True,2258,0.6314420700073242,0.7,28,5,25,24,-0.5064295225019558,high,0.5726539469902237,0.29630241846813554,0.1171116669008645,0.11789313627094655,-0.5,0.0,0.0004474272930649059,0.0005592841163311046,1.5,0.5995525727069351,0.2505592841163311,C,0.395925597874225,3,0.8012299938144424,0.20938598612105302,-0.08447757718711067,0.24162943643182208,-0.5497211103804513,True,0.4976409618171389,192,90.32,28,44.94693167132398,2258,True,894,12,,,True,proven_optimal
True,882,"[23, 16, 15, 2]","[396, 492, 612, 438]",synthetic,0.01346807690979212,,5361,2144,894,True,4052,0.07004618644714355,0.15,27,5,25,23,-0.10552475160774416,low,0.5726539469902237,0.29630241846813554,0.1171116669008645,0.11789313627094655,0.0,0.0,0.00011191941801902416,0.0001398992725237802,1.5,0.599888080581981,0.2501398992725238,D,0.8820335636722606,3,0.5890370035224313,0.11799317109665694,-0.22517232187309233,0.12880217525659363,-0.00692574118214152,True,0.4611115763462972,182,97.48,27,44.94915646223705,2437,True,3574,19,1959,True,True,proven_optimal
True,520,"[23, 16, 15, 2]","[396, 492, 520, 438]",synthetic,0.01346807690979212,,4018,1607,670,True,3960,1.543576955795288,0.7,27,5,25,23,-0.10552475160774416,high,0.5726539469902237,0.29630241846813554,0.1171116669008645,0.11789313627094655,0.0,0.00018663680477781774,0.0001493094438222986,9.331840238896438e-05,1.4998133631952222,0.5998506905561777,0.25009331840238896,D,0.6765151515151515,3,0.8012299938144424,0.20938598612105302,-0.08447757718711067,0.24162943643182208,-0.00692574118214152,True,0.4611115763462972,182,97.48,27,44.94915646223705,2437,True,2679,12,1156,True,True,proven_optimal
,,,,synthetic,0.05261514213864223,0.0,2644,1058,441,True,2269,0.019093036651611328,0.15,14,5,25,24,-0.16223034986001272,low,0.43824158766856025,0.25568902804799404,0.11070390441308722,0.09709436974784234,0.0,0.00028360748723765816,0.00011344299489512988,0.00014180374361882908,1.4997163925127623,0.6001134429948951,0.25014180374361883,A,0.7769942706037902,4,0.3940432970029647,0.08670494838077791,-0.23606629176256697,0.12419995093479823,-0.18849779152303786,True,0.4463823297455641,199,90.76,14,40.5136602477074,2269,True,1763,19,,,True,proven_optimal
,,,,synthetic,0.05261514213864223,0.0,1971,788,328,True,2269,0.12766385078430176,0.7,14,5,25,24,-0.16223034986001272,high,0.43824158766856025,0.25568902804799404,0.11070390441308722,0.09709436974784234,0.0,0.0,0.0003044140030441511,0.0003805175038051889,1.5,0.5996955859969558,0.2496194824961948,A,0.5791097399735566,4,0.7861407686770591,0.17279374690688237,-0.16322646428727605,0.2529275700046855,-0.18849779152303786,True,0.4463823297455641,199,90.76,14,40.5136602477074,2269,True,1314,14,,,True,proven_optimal
,,,,synthetic,0.3459676084238278,0.5,2660,1064,443,True,2157,0.019551992416381836,0.15,12,5,25,24,0.342028450044359,low,0.43824158766856025,0.25568902804799404,0.11070390441308722,0.09709436974784234,0.5,0.0002820078962211259,0.00011280315848849476,0.00014100394811053518,1.5002820078962211,0.6001128031584885,0.24985899605188946,B,0.8219749652294854,4,0.3940432970029647,0.08670494838077791,-0.23606629176256697,0.12419995093479823,0.3966147409392899,True,0.3769705147579873,152,86.28,12,32.525016013319146,2157,True,1773,19,,,True,proven_optimal
,,,,synthetic,0.3459676084238278,0.5,2084,833,347,True,2157,0.11511492729187012,0.7,12,5,25,24,0.342028450044359,high,0.43824158766856025,0.25568902804799404,0.11070390441308722,0.09709436974784234,0.5,0.00035997120230391033,0.00028797696184301724,0.00017998560115189965,1.500359971202304,0.599712023038157,0.2498200143988481,B,0.6439499304589708,4,0.7861407686770591,0.17279374690688237,-0.16322646428727605,0.2529275700046855,0.3966147409392899,True,0.3769705147579873,152,86.28,12,32.525016013319146,2157,True,1389,14,,,True,proven_optimal
,,,,synthetic,-0.2599895631816099,-0.5,2520,1008,420,True,2315,0.01877593994140625,0.15,26,5,25,23,-0.4854684435706833,low,0.43824158766856025,0.25568902804799404,0.11070390441308722,0.09709436974784234,-0.5,0.0,0.0,0.0,1.5,0.6,0.25,C,0.7257019438444925,4,0.3940432970029647,0.08670494838077791,-0.23606629176256697,0.12419995093479823,-0.4832628291538749,True,0.4747015735221332,201,92.6,26,43.95736570814953,2315,True,1680,19,,,True,proven_optimal
,,,,synthetic,-0.2599895631816099,-0.5,1770,708,295,True,2315,0.2833218574523926,0.7,26,5,25,23,-0.4854684435706833,high,0.43824158766856025,0.25568902804799404,0.11070390441308722,0.09709436974784234,-0.5,0.0,0.0,0.0,1.5,0.6,0.25,C,0.509719222462203,4,0.7861407686770591,0.17279374690688237,-0.16322646428727605,0.2529275700046855,-0.4832628291538749,True,0.4747015735221332,201,92.6,26,43.95736570814953,2315,True,1180,14,,,True,proven_optimal
True,793,"[10, 17, 5, 18]","[462, 522, 372, 258]",synthetic,0.05261514213864223,,4662,1865,777,True,3614,0.03665900230407715,0.15,14,5,25,24,-0.16223034986001272,low,0.43824158766856025,0.25568902804799404,0.11070390441308722,0.09709436974784234,0.0,0.0,6.435006435012713e-05,0.0,1.5,0.6000643500643501,0.25,D,0.8599889319313779,4,0.3940432970029647,0.08670494838077791,-0.23606629176256697,0.12419995093479823,-0.18849779152303786,True,0.4463823297455641,199,90.76,14,40.5136602477074,2269,True,3108,19,1763,True,True,proven_optimal
True,591,"[10, 17, 5, 18]","[462, 522, 372, 258]",synthetic,0.05261514213864223,,3988,1595,665,True,3614,0.5216500759124756,0.7,14,5,25,24,-0.16223034986001272,high,0.43824158766856025,0.25568902804799404,0.11070390441308722,0.09709436974784234,0.0,0.000188040616773133,0.0001504324934185064,9.402030838662201e-05,1.4998119593832269,0.5998495675065815,0.2500940203083866,D,0.7357498616491422,4,0.7861407686770591,0.17279374690688237,-0.16322646428727605,0.2529275700046855,-0.18849779152303786,True,0.4463823297455641,199,90.76,14,40.5136602477074,2269,True,2659,14,1314,True,True,proven_optimal
,,,,synthetic,0.2158412003016521,0.0,2652,1061,442,True,2047,0.08044219017028809,0.15,33,5,25,24,0.2869959018577904,low,0.5251145653724437,0.28536834623784435,0.08069596519901372,0.11053302091310069,0.0,0.0,0.00011312217194570096,0.0,1.5,0.6001131221719457,0.25,A,0.8637029799706888,5,0.5217966614348715,0.1159411294595123,-0.24925792916183226,0.13388789198024997,0.34275822907556486,True,0.4105050144211572,174,81.88,33,33.612150580804354,2047,True,1768,20,,,True,proven_optimal
,,,,synthetic,0.2158412003016521,0.0,1948,779,325,True,2047,0.6000661849975586,0.7,33,5,25,24,0.2869959018577904,high,0.5251145653724437,0.28536834623784435,0.08069596519901372,0.11053302091310069,0.0,0.00038491147036179285,0.0003079291762894121,0.00019245573518089643,1.4996150885296382,0.5996920708237106,0.2501924557351809,A,0.6345872007816317,5,0.8349732839896373,0.19811964444308208,-0.18446326277379793,0.2579936043700333,0.34275822907556486,True,0.4105050144211572,174,81.88,33,33.612150580804354,2047,True,1299,14,,,True,proven_optimal
,,,,synthetic,0.5299829518245118,0.5,2979,1192,496,True,2225,0.04683995246887207,0.15,34,5,25,22,0.7512715357093276,low,0.5251145653724437,0.28536834623784435,0.08069596519901372,0.11053302091310069,0.5,0.0,0.00020140986908356862,0.0002517623363544885,1.5,0.6002014098690835,0.2497482376636455,B,0.8925842696629214,5,0.5217966614348715,0.1159411294595123,-0.24925792916183226,0.13388789198024997,0.7335002184195258,True,0.5277311714974102,217,89.0,34,46.968074263269514,2225,True,1986,20,,,True,proven_optimal
,,,,synthetic,0.5299829518245118,0.5,2304,922,384,True,2225,0.6642909049987793,0.7,34,5,25,22,0.7512715357093276,high,0.5251145653724437,0.28536834623784435,0.08069596519901372,0.11053302091310069,0.5,0.0,0.00026041666666665186,0.0,1.5,0.6002604166666666,0.25,B,0.6903370786516854,5,0.8349732839896373,0.19811964444308208,-0.18446326277379793,0.2579936043700333,0.7335002184195258,True,0.5277311714974102,217,89.0,34,46.968074263269514,2225,True,1536,14,,,True,proven_optimal
,,,,synthetic,-0.4245699539380616,-0.5,2372,949,395,True,1947,0.037709712982177734,0.15,32,5,25,22,-0.3890567669614836,low,0.5251145653724437,0.28536834623784435,0.08069596519901372,0.11053302091310069,-0.5,0.00031625553447178767,0.00025300442757747454,0.0001581277672359216,1.5003162555344718,0.6002530044275775,0.24984187223276408,C,0.8120184899845917,5,0.5217966614348715,0.1159411294595123,-0.24925792916183226,0.13388789198024997,-0.28939777767653907,True,0.40355565614139743,163,77.88,32,31.42891450029203,1947,True,1581,20,,,True,proven_optimal
,,,,synthetic,-0.4245699539380616,-0.5,1640,656,273,True,1947,0.9435751438140869,0.7,32,5,25,22,-0.3890567669614836,high,0.5251145653724437,0.28536834623784435,0.08069596519901372,0.11053302091310069,-0.5,0.00045745654162865357,0.00018298261665139481,0.00022872827081427127,1.5004574565416287,0.6001829826166514,0.24977127172918573,C,0.5613764766307139,5,0.8349732839896373,0.19811964444308208,-0.18446326277379793,0.2579936043700333,-0.28939777767653907,True,0.40355565614139743,163,77.88,32,31.42891450029203,1947,True,1093,14,,,True,proven_optimal
True,796,"[2, 6, 12, 20]","[774, 594, 570, 252]",synthetic,0.2158412003016521,,5390,2156,898,True,3872,0.11455678939819336,0.15,33,5,25,24,0.2869959018577904,low,0.5251145653724437,0.28536834623784435,0.08069596519901372,0.11053302091310069,0.0,0.00013915947676035323,5.5663790704207905e-05,6.957973838017661e-05,1.5001391594767604,0.6000556637907042,0.24993042026161982,D,0.9279442148760331,5,0.5217966614348715,0.1159411294595123,-0.24925792916183226,0.13388789198024997,0.34275822907556486,True,0.4105050144211572,174,81.88,33,33.612150580804354,2047,True,3593,20,1768,True,True,proven_optimal
True,585,"[2, 6, 12, 20]","[585, 585, 570, 252]",synthetic,0.2158412003016521,,4389,1756,732,True,3674,1.198714017868042,0.7,33,5,25,24,0.2869959018577904,high,0.5251145653724437,0.28536834623784435,0.08069596519901372,0.11053302091310069,0.0,0.0,0.00013670539986332386,0.00017088174982909932,1.5,0.6001367053998633,0.2501708817498291,D,0.7964071856287425,5,0.8349732839896373,0.19811964444308208,-0.18446326277379793,0.2579936043700333,0.34275822907556486,True,0.4105050144211572,174,81.88,33,33.612150580804354,2047,True,2926,14,1299,True,True,proven_optimal
,,,,synthetic,0.19096383937286243,0.0,3279,1312,546,True,2728,0.061223745346069336,0.15,44,5,25,23,0.39486375892601544,low,0.4332188809163507,0.2554952343067842,0.0797165984871935,0.1073995853726078,0.0,0.0,0.00018298261665139481,0.00022872827081427127,1.5,0.6001829826166514,0.24977127172918573,A,0.8013196480938416,6,0.4480805838066926,0.09166451583344584,-0.25369259113089127,0.1337081226197608,0.19161217270591538,True,0.71074599510268,314,109.12,44,77.55660298560444,2728,True,2186,18,,,True,proven_optimal
,,,,synthetic,0.19096383937286243,0.0,2354,941,392,True,2728,0.1757190227508545,0.7,44,5,25,23,0.39486375892601544,high,0.4332188809163507,0.2554952343067842,0.0797165984871935,0.1073995853726078,0.0,0.00031867431485022024,0.000254939451880154,0.00015933715742511012,1.5003186743148502,0.5997450605481198,0.2498406628425749,A,0.5751466275659824,6,0.8106088781250463,0.1783886205328814,-0.17742349917212127,0.2538931989140885,0.19161217270591538,True,0.71074599510268,314,109.12,44,77.55660298560444,2728,True,1569,12,,,True,proven_optimal
,,,,synthetic,0.4296298338595828,0.5,3369,1348,562,True,2667,0.056552886962890625,0.15,34,5,25,22,0.6001945622934336,low,0.4332188809163507,0.2554952343067842,0.0797165984871935,0.1073995853726078,0.5,0.0,0.00017809439002669514,0.00022261798753336892,1.5,0.6001780943900267,0.25022261798753337,B,0.8421447319085115,6,0.4480805838066926,0.09166451583344584,-0.25369259113089127,0.1337081226197608,0.5899558419922001,True,0.8260488159124494,362,106.68,34,88.1228876815401,2667,True,2246,18,,,True,proven_optimal
,,,,synthetic,0.4296298338595828,0.5,2642,1057,440,True,2667,0.17705011367797852,0.7,34,5,25,22,0.6001945622934336,high,0.4332188809163507,0.2554952343067842,0.0797165984871935,0.1073995853726078,0.5,0.00028392958546286096,0.00022714366837028876,0.00014196479273140272,1.5002839295854629,0.6002271436683703,0.2498580352072686,B,0.6602924634420697,6,0.8106088781250463,0.1783886205328814,-0.17742349917212127,0.2538931989140885,0.5899558419922001,True,0.8260488159124494,362,106.68,34,88.1228876815401,2667,True,1761,12,,,True,proven_optimal
,,,,synthetic,-0.19638374045322965,-0.5,2814,1126,469,True,2576,0.038110971450805664,0.15,35,5,25,23,-0.08011803045634085,low,0.4332188809163507,0.2554952343067842,0.0797165984871935,0.1073995853726078,-0.5,0.0,0.0002132196162046851,0.0,1.5,0.6002132196162047,0.25,C,0.7282608695652174,6,0.4480805838066926,0.09166451583344584,-0.25369259113089127,0.1337081226197608,-0.17275876615453012,True,0.5063080220847486,223,103.04,35,52.1699785956125,2576,True,1876,18,,,True,proven_optimal
,,,,synthetic,-0.19638374045322965,-0.5,1755,702,292,True,2576,0.21641993522644043,0.7,35,5,25,23,-0.08011803045634085,high,0.4332188809163507,0.2554952343067842,0.0797165984871935,0.1073995853726078,-0.5,0.0,0.0,0.00042735042735042583,1.5,0.6,0.24957264957264957,C,0.45419254658385094,6,0.8106088781250463,0.1783886205328814,-0.17742349917212127,0.2538931989140885,-0.17275876615453012,True,0.5063080220847486,223,103.04,35,52.1699785956125,2576,True,1170,12,,,True,proven_optimal
True,984,"[8, 11, 16, 20]","[276, 984, 984, 984]",synthetic,0.19096383937286243,,6792,2717,1132,True,5070,0.11503171920776367,0.15,44,5,25,23,0.39486375892601544,low,0.4332188809163507,0.2554952343067842,0.0797165984871935,0.1073995853726078,0.0,0.0,4.416961130748742e-05,0.0,1.5,0.6000441696113075,0.25,D,0.8930966469428008,6,0.4480805838066926,0.09166451583344584,-0.25369259113089127,0.1337081226197608,0.19161217270591538,True,0.71074599510268,314,109.12,44,77.55660298560444,2728,True,4528,18,2186,True,True,proven_optimal
True,706,"[8, 11, 16, 20]","[276, 706, 706, 706]",synthetic,0.19096383937286243,,4616,1846,769,True,4236,0.3807098865509033,0.7,44,5,25,23,0.39486375892601544,high,0.4332188809163507,0.2554952343067842,0.0797165984871935,0.1073995853726078,0.0,0.0001624959376016477,6.499837504059247e-05,8.124796880076834e-05,1.5001624959376016,0.5999350016249594,0.24991875203119923,D,0.7263928234183191,6,0.8106088781250463,0.1783886205328814,-0.17742349917212127,0.2538931989140885,0.19161217270591538,True,0.71074599510268,314,109.12,44,77.55660298560444,2728,True,3077,12,1569,True,True,proven_optimal
,,,,synthetic,-0.1274505262423103,0.0,2820,1128,470,True,2367,0.03596901893615723,0.15,28,5,25,21,-0.20364789579077508,low,0.4390255432126262,0.2545389641687547,0.09102742238834642,0.08638255789495788,0.0,0.0,0.0,0.0,1.5,0.6,0.25,A,0.7942543303760033,7,0.4594051394984217,0.09017028622087601,-0.37123898417672635,0.13211577832910598,-0.2640493469096516,True,0.5363538761584383,224,94.68,28,50.78198499468094,2367,True,1880,19,,,True,proven_optimal
,,,,synthetic,-0.1274505262423103,0.0,2079,832,346,True,2367,0.5704441070556641,0.7,28,5,25,21,-0.20364789579077508,high,0.4390255432126262,0.2545389641687547,0.09102742238834642,0.08638255789495788,0.0,0.0,0.00028860028860033804,0.00036075036075036704,1.5,0.6002886002886003,0.24963924963924963,A,0.5855513307984791,7,0.807421560579602,0.1772203819305778,-0.13289542672202487,0.25748664704994795,-0.2640493469096516,True,0.5363538761584383,224,94.68,28,50.78198499468094,2367,True,1386,14,,,True,proven_optimal
,,,,synthetic,0.1403971746328845,0.5,2752,1101,459,True,2199,0.03350210189819336,0.15,26,5,25,21,0.17030389763618467,low,0.4390255432126262,0.2545389641687547,0.09102742238834642,0.08638255789495788,0.5,0.0002724795640327571,0.0,0.00013623978201632303,1.4997275204359672,0.6,0.2501362397820163,B,0.8344702137335153,7,0.4594051394984217,0.09017028622087601,-0.37123898417672635,0.13211577832910598,0.07274828945469992,True,0.4759927846599965,174,87.96,26,41.86832533869329,2199,True,1835,19,,,True,proven_optimal
,,,,synthetic,0.1403971746328845,0.5,2108,843,351,True,2199,0.3869600296020508,0.7,26,5,25,21,0.17030389763618467,high,0.4390255432126262,0.2545389641687547,0.09102742238834642,0.08638255789495788,0.5,0.000355871886120962,0.0,0.00017793594306050875,1.500355871886121,0.6,0.2498220640569395,B,0.6389267849022283,7,0.807421560579602,0.1772203819305778,-0.13289542672202487,0.25748664704994795,0.07274828945469992,True,0.4759927846599965,174,87.96,26,41.86832533869329,2199,True,1405,14,,,True,proven_optimal
,,,,synthetic,-0.33778019798742615,-0.5,2667,1067,444,True,2419,0.0332489013671875,0.15,31,5,25,24,-0.5360932551387714,low,0.4390255432126262,0.2545389641687547,0.09102742238834642,0.08638255789495788,-0.5,0.0,0.00011248593925761163,0.00028121484814397357,1.5,0.6001124859392576,0.24971878515185603,C,0.7350144687887556,7,0.4594051394984217,0.09017028622087601,-0.37123898417672635,0.13211577832910598,-0.6262742951010319,True,0.5312594982289994,217,96.76,31,51.404669048637984,2419,True,1778,19,,,True,proven_optimal
,,,,synthetic,-0.33778019798742615,-0.5,1874,749,312,True,2419,0.9757630825042725,0.7,31,5,25,24,-0.5360932551387714,high,0.4390255432126262,0.2545389641687547,0.09102742238834642,0.08638255789495788,-0.5,0.0004003202562050667,0.00032025620496389795,0.00020016012810247785,1.500400320256205,0.5996797437950361,0.24979983987189752,C,0.5163290615957007,7,0.807421560579602,0.1772203819305778,-0.13289542672202487,0.25748664704994795,-0.6262742951010319,True,0.5312594982289994,217,96.76,31,51.404669048637984,2419,True,1249,14,,,True,proven_optimal
True,846,"[24, 2, 9, 19]","[546, 648, 216, 228]",synthetic,-0.1274505262423103,,4868,1947,811,True,3732,0.12898993492126465,0.15,28,5,25,21,-0.20364789579077508,low,0.4390255432126262,0.2545389641687547,0.09102742238834642,0.08638255789495788,0.0,0.0001540832049307106,0.0,7.704160246532754e-05,1.5001540832049307,0.6,0.24992295839753467,D,0.8695069667738478,7,0.4594051394984217,0.09017028622087601,-0.37123898417672635,0.13211577832910598,-0.2640493469096516,True,0.5363538761584383,224,94.68,28,50.78198499468094,2367,True,3245,19,1880,True,True,proven_optimal
True,624,"[24, 2, 9, 19]","[546, 624, 216, 228]",synthetic,-0.1274505262423103,,4090,1636,682,True,3708,1.078728199005127,0.7,28,5,25,21,-0.20364789579077508,high,0.4390255432126262,0.2545389641687547,0.09102742238834642,0.08638255789495788,0.0,0.0001833516685001424,7.334066740005696e-05,9.16758342500712e-05,1.4998166483314999,0.5999266593325999,0.25009167583425007,D,0.7354368932038835,7,0.807421560579602,0.1772203819305778,-0.13289542672202487,0.25748664704994795,-0.2640493469096516,True,0.5363538761584383,224,94.68,28,50.78198499468094,2367,True,2727,14,1386,True,True,proven_optimal
,,,,synthetic,0.18557280907387882,0.0,2085,834,348,True,1904,0.03365898132324219,0.15,28,5,25,24,0.09032240986438615,low,0.5265036568146477,0.29521209546608984,0.08453517590566775,0.11474029035558331,0.0,0.0,0.0,0.0003597122302158029,1.5,0.6,0.2503597122302158,A,0.7300420168067226,8,0.48694366834573016,0.10325545851502958,-0.22570156715075618,0.13181315770914637,0.12002308358201597,True,0.3149363341154109,113,76.16,28,23.985551206229694,1904,True,1390,19,,,True,proven_optimal
,,,,synthetic,0.18557280907387882,0.0,1647,659,274,True,1904,0.19095301628112793,0.7,28,5,25,24,0.09032240986438615,high,0.5265036568146477,0.29521209546608984,0.08453517590566775,0.11474029035558331,0.0,0.0,0.00018214936247729074,0.0004553734061930881,1.5,0.6001821493624773,0.2495446265938069,A,0.5766806722689075,8,0.822802710830981,0.18396342817775785,-0.2198372757847137,0.25621533040851224,0.12002308358201597,True,0.3149363341154109,113,76.16,28,23.985551206229694,1904,True,1098,14,,,True,proven_optimal
,,,,synthetic,0.7548397018771056,0.5,2511,1004,418,True,2077,0.03152203559875488,0.15,27,5,25,25,0.7374673949260704,low,0.5265036568146477,0.29521209546608984,0.08453517590566775,0.11474029035558331,0.5,0.0,0.00023894862604534328,0.00029868578255676237,1.5,0.5997610513739546,0.24970131421744324,B,0.8059701492537313,8,0.48694366834573016,0.10325545851502958,-0.22570156715075618,0.13181315770914637,0.7315384615384616,True,0.3716903791669135,134,83.08,27,30.880036701187173,2077,True,1674,19,,,True,proven_optimal
,,,,synthetic,0.7548397018771056,0.5,2078,831,346,True,2077,0.13385796546936035,0.7,27,5,25,25,0.7374673949260704,high,0.5265036568146477,0.29521209546608984,0.08453517590566775,0.11474029035558331,0.5,0.0003610108303249149,0.0,0.00018050541516245744,1.500361010830325,0.6,0.24981949458483754,B,0.6668271545498314,8,0.822802710830981,0.18396342817775785,-0.2198372757847137,0.25621533040851224,0.7315384615384616,True,0.3716903791669135,134,83.08,27,30.880036701187173,2077,True,1385,14,,,True,proven_optimal
,,,,synthetic,-0.68966067342751,-0.5,1788,715,298,True,1842,0.03291201591491699,0.15,39,5,25,22,-0.5867120061259663,low,0.5265036568146477,0.29521209546608984,0.08453517590566775,0.11474029035558331,-0.5,0.0,0.0001677852348993536,0.0,1.5,0.5998322147651006,0.25,C,0.6471226927252985,8,0.48694366834573016,0.10325545851502958,-0.22570156715075618,0.13181315770914637,-0.4983645240573379,True,0.3901019166732444,158,73.68,39,28.74270922048465,1842,True,1192,19,,,True,proven_optimal
,,,,synthetic,-0.68966067342751,-0.5,1320,528,220,True,1842,0.14784717559814453,0.7,39,5,25,22,-0.5867120061259663,high,0.5265036568146477,0.29521209546608984,0.08453517590566775,0.11474029035558331,-0.5,0.0,0.0,0.0,1.5,0.6,0.25,C,0.4777415852334419,8,0.822802710830981,0.18396342817775785,-0.2198372757847137,0.25621533040851224,-0.4983645240573379,True,0.3901019166732444,158,73.68,39,28.74270922048465,1842,True,880,14,,,True,proven_optimal
True,626,"[22, 15, 3, 16]","[426, 408, 456, 626]",synthetic,0.18557280907387882,,4479,1792,746,True,3500,0.06720471382141113,0.15,28,5,25,24,0.09032240986438615,low,0.5265036568146477,0.29521209546608984,0.08453517590566775,0.11474029035558331,0.0,0.0,0.0001339584728734522,0.00016744809109175973,1.5,0.6001339584728734,0.24983255190890824,D,0.8531428571428571,8,0.48694366834573016,0.10325545851502958,-0.22570156715075618,0.13181315770914637,0.12002308358201597,True,0.3149363341154109,113,76.16,28,23.985551206229694,1904,True,2986,19,1390,True,True,proven_optimal
True,494,"[22, 15, 3, 16]","[426, 408, 456, 494]",synthetic,0.18557280907387882,,3843,1537,640,True,3368,0.364285945892334,0.7,28,5,25,24,0.09032240986438615,high,0.5265036568146477,0.29521209546608984,0.08453517590566775,0.11474029035558331,0.0,0.0,7.806401249021988e-05,0.0001951600312256052,1.5,0.5999219359875098,0.2498048399687744,D,0.7606888361045131,8,0.822802710830981,0.18396342817775785,-0.2198372757847137,0.25621533040851224,0.12002308358201597,True,0.3149363341154109,113,76.16,28,23.985551206229694,1904,True,2562,14,1098,True,True,proven_optimal
,,,,synthetic,-0.2666977489951478,0.0,2890,1156,482,True,2291,0.02825927734375,0.15,29,5,25,23,-0.43019801140593583,low,0.45889469152217993,0.2904264911570189,0.14455670079898386,0.08963573862501849,0.0,0.0002594706798131341,0.00010378827192525364,0.00012973533990656705,1.4997405293201869,0.5998962117280747,0.25012973533990657,A,0.8411174159755566,9,0.45794294492704124,0.09685528588069829,-0.23253552179124387,0.12841589148098134,-0.5017314723062523,True,0.6389259515310214,285,91.64,29,58.5511741983028,2291,True,1927,20,,,True,proven_optimal
,,,,synthetic,-0.2666977489951478,0.0,1755,702,292,True,2291,0.32564687728881836,0.7,29,5,25,23,-0.43019801140593583,high,0.45889469152217993,0.2904264911570189,0.14455670079898386,0.08963573862501849,0.0,0.0,0.0,0.00042735042735042583,1.5,0.6,0.24957264957264957,A,0.5106940200785683,9,0.8174709341318523,0.1814755065216403,-0.13298333100315934,0.25065795111787703,-0.5017314723062523,True,0.6389259515310214,285,91.64,29,58.5511741983028,2291,True,1170,14,,,True,proven_optimal
,,,,synthetic,-0.06691447463494012,0.5,2882,1153,480,True,2255,0.03167223930358887,0.15,40,5,25,23,-0.10869801827767692,low,0.45889469152217993,0.2904264911570189,0.14455670079898386,0.08963573862501849,0.5,0.00026028110359188616,0.00020822488287353114,0.00013014055179594308,1.5002602811035919,0.6002082248828735,0.24986985944820406,B,0.8518847006651885,9,0.45794294492704124,0.09685528588069829,-0.23253552179124387,0.12841589148098134,-0.03693728630475478,True,0.4558729915562307,214,90.2,40,41.11974383837201,2255,True,1921,20,,,True,proven_optimal
,,,,synthetic,-0.06691447463494012,0.5,1938,775,323,True,2255,0.42726707458496094,0.7,40,5,25,23,-0.10869801827767692,high,0.45889469152217993,0.2904264911570189,0.14455670079898386,0.08963573862501849,0.5,0.0,0.0001547987616098423,0.0,1.5,0.5998452012383901,0.25,B,0.572949002217295,9,0.8174709341318523,0.1814755065216403,-0.13298333100315934,0.25065795111787703,-0.03693728630475478,True,0.4558729915562307,214,90.2,40,41.11974383837201,2255,True,1292,14,,,True,proven_optimal
,,,,synthetic,-0.37582234664130787,-0.5,2720,1088,453,True,2206,0.039809226989746094,0.15,27,5,25,23,-0.6091880926682578,low,0.45889469152217993,0.2904264911570189,0.14455670079898386,0.08963573862501849,-0.5,0.00027578599007171967,0.00011031439602871007,0.00013789299503585983,1.5002757859900717,0.6001103143960287,0.24986210700496414,C,0.8218495013599275,9,0.45794294492704124,0.09685528588069829,-0.23253552179124387,0.12841589148098134,-0.7233551901347809,True,0.6636929589004982,268,88.24,27,58.564266693379956,2206,True,1813,20,,,True,proven_optimal
,,,,synthetic,-0.37582234664130787,-0.5,1527,611,254,True,2206,0.33186912536621094,0.7,27,5,25,23,-0.6091880926682578,high,0.45889469152217993,0.2904264911570189,0.14455670079898386,0.08963573862501849,-0.5,0.0,0.00019646365422398837,0.0004911591355599154,1.5,0.600196463654224,0.24950884086444008,C,0.4614687216681777,9,0.8174709341318523,0.1814755065216403,-0.13298333100315934,0.25065795111787703,-0.7233551901347809,True,0.6636929589004982,268,88.24,27,58.564266693379956,2206,True,1018,14,,,True,proven_optimal
True,867,"[17, 13, 1, 18]","[372, 396, 450, 564]",synthetic,-0.2666977489951478,,5118,2047,853,True,3776,0.07008218765258789,0.15,29,5,25,23,-0.43019801140593583,low,0.45889469152217993,0.2904264911570189,0.14455670079898386,0.08963573862501849,0.0,0.0,5.861664712780712e-05,0.0,1.5,0.5999413833528722,0.25,D,0.9036016949152542,9,0.45794294492704124,0.09685528588069829,-0.23253552179124387,0.12841589148098134,-0.5017314723062523,True,0.6389259515310214,285,91.64,29,58.5511741983028,2291,True,3412,20,1927,True,True,proven_optimal
True,526,"[17, 13, 1, 18]","[372, 396, 450, 526]",synthetic,-0.2666977489951478,,3926,1570,654,True,3738,0.5833547115325928,0.7,29,5,25,23,-0.43019801140593583,high,0.45889469152217993,0.2904264911570189,0.14455670079898386,0.08963573862501849,0.0,0.0001910584638900037,7.642338555591266e-05,9.552923194497409e-05,1.50019105846389,0.5999235766144441,0.24990447076805503,D,0.7001070090957732,9,0.8174709341318523,0.1814755065216403,-0.13298333100315934,0.25065795111787703,-0.5017314723062523,True,0.6389259515310214,285,91.64,29,58.5511741983028,2291,True,2617,14,1170,True,True,proven_optimal
,,,,synthetic,-0.021251476152141468,0.0,2478,991,413,True,2139,0.01912999153137207,0.15,24,5,25,22,0.02858227383117848,low,0.4763876223829443,0.2776302086341613,0.07657811392744608,0.10970973807237978,0.0,0.0,0.0001210653753026536,0.0,1.5,0.5998789346246973,0.25,A,0.7723235156615241,10,0.449783564856134,0.09792311513864857,-0.3232364681986985,0.13602459614903517,0.004619828896255824,True,0.6011511112380914,219,85.56,24,51.434489077531104,2139,True,1652,20,,,True,proven_optimal
,,,,synthetic,-0.021251476152141468,0.0,1869,748,312,True,2139,0.414963960647583,0.7,24,5,25,22,0.02858227383117848,high,0.4763876223829443,0.2776302086341613,0.07657811392744608,0.10970973807237978,0.0,0.0,0.00032102728731941976,0.00040128410914930246,1.5,0.6003210272873194,0.2504012841091493,A,0.5825151940158952,10,0.7958295716774298,0.17583904632123334,-0.20322550683663784,0.26081417604233187,0.004619828896255824,True,0.6011511112380914,219,85.56,24,51.434489077531104,2139,True,1246,15,,,True,proven_optimal
,,,,synthetic,0.33472444804498747,0.5,2702,1081,450,True,2155,0.018553972244262695,0.15,23,5,25,23,0.41818438243145284,low,0.4763876223829443,0.2776302086341613,0.07657811392744608,0.10970973807237978,0.5,0.00027762354247640175,0.0002220988339811658,0.00013881177123820088,1.5002776235424764,0.6002220988339811,0.2498611882287618,B,0.8357308584686775,10,0.449783564856134,0.09792311513864857,-0.3232364681986985,0.13602459614903517,0.44187849891002917,True,0.6072968580703324,250,86.2,23,52.34898916566266,2155,True,1801,20,,,True,proven_optimal
,,,,synthetic,0.33472444804498747,0.5,2151,860,358,True,2155,0.35899996757507324,0.7,23,5,25,23,0.41818438243145284,high,0.4763876223829443,0.2776302086341613,0.07657811392744608,0.10970973807237978,0.5,0.0,0.0002789400278939702,0.0003486750348674905,1.5,0.599721059972106,0.2496513249651325,B,0.6654292343387471,10,0.7958295716774298,0.17583904632123334,-0.20322550683663784,0.26081417604233187,0.44187849891002917,True,0.6072968580703324,250,86.2,23,52.34898916566266,2155,True,1434,15,,,True,proven_optimal
,,,,synthetic,-0.3685819229484541,-0.5,2228,891,371,True,2123,0.01924896240234375,0.15,28,5,25,22,-0.4604040903585439,low,0.4763876223829443,0.2776302086341613,0.07657811392744608,0.10970973807237978,-0.5,0.00033670033670030186,0.0,0.00016835016835017869,1.5003367003367003,0.6,0.24983164983164982,C,0.6994818652849741,10,0.449783564856134,0.09792311513864857,-0.3232364681986985,0.13602459614903517,-0.36559559679881926,True,0.5863992149073044,202,84.92,28,49.79702132992829,2123,True,1485,20,,,True,proven_optimal
,,,,synthetic,-0.3685819229484541,-0.5,1542,617,257,True,2123,0.4794299602508545,0.7,28,5,25,22,-0.4604040903585439,high,0.4763876223829443,0.2776302086341613,0.07657811392744608,0.10970973807237978,-0.5,0.0,0.00019455252918287869,0.0,1.5,0.6001945525291829,0.25,C,0.4842204427696656,10,0.7958295716774298,0.17583904632123334,-0.20322550683663784,0.26081417604233187,-0.36559559679881926,True,0.5863992149073044,202,84.92,28,49.79702132992829,2123,True,1028,15,,,True,proven_optimal
True,743,"[4, 22, 8, 10]","[276, 510, 348, 743]",synthetic,-0.021251476152141468,,4682,1873,780,True,3608,0.035918235778808594,0.15,24,5,25,22,0.02858227383117848,low,0.4763876223829443,0.2776302086341613,0.07657811392744608,0.10970973807237978,0.0,0.0001602050624800455,0.0001281640499839476,8.0102531239995e-05,1.50016020506248,0.6001281640499839,0.24991989746876,D,0.8650221729490022,10,0.449783564856134,0.09792311513864857,-0.3232364681986985,0.13602459614903517,0.004619828896255824,True,0.6011511112380914,219,85.56,24,51.434489077531104,2139,True,3121,20,1652,True,True,proven_optimal
True,561,"[4, 22, 8, 10]","[276, 510, 348, 561]",synthetic,-0.021251476152141468,,3800,1520,633,True,3426,0.8542399406433105,0.7,24,5,25,22,0.02858227383117848,high,0.4763876223829443,0.2776302086341613,0.07657811392744608,0.10970973807237978,0.0,0.00019739439399923953,7.895775759969581e-05,9.869719699959201e-05,1.5001973943939992,0.6000789577575997,0.2499013028030004,D,0.7393461762988909,10,0.7958295716774298,0.17583904632123334,-0.20322550683663784,0.26081417604233187,0.004619828896255824,True,0.6011511112380914,219,85.56,24,51.434489077531104,2139,True,2533,15,1246,True,True,proven_optimal
,,,,synthetic,-0.08069821655055218,0.0,2784,1114,464,True,2326,0.01914215087890625,0.15,28,5,25,24,-0.10851664974966324,low,0.5695549063928687,0.2796032835853689,0.09330133360458884,0.09705962308880589,0.0,0.0,0.00021551724137935935,0.0,1.5,0.6002155172413793,0.25,A,0.7979363714531384,11,0.4191772452347917,0.10613778478061321,-0.22664538328104053,0.11608326710551743,-0.0061550299272828705,True,0.5581968874562925,258,93.04,28,51.93463840893346,2326,True,1856,20,,,True,proven_optimal
,,,,synthetic,-0.08069821655055218,0.0,2052,821,342,True,2326,0.5773510932922363,0.7,28,5,25,24,-0.10851664974966324,high,0.5695549063928687,0.2796032835853689,0.09330133360458884,0.09705962308880589,0.0,0.0,0.00014619883040933868,0.0,1.5,0.6001461988304093,0.25,A,0.588134135855546,11,0.7995981760067471,0.19233090082021698,-0.09117037657949935,0.24811186097571195,-0.0061550299272828705,True,0.5581968874562925,258,93.04,28,51.93463840893346,2326,True,1368,14,,,True,proven_optimal
,,,,synthetic,0.21325911378976573,0.5,2913,1165,486,True,2315,0.019253969192504883,0.15,33,5,25,24,0.2689084376921433,low,0.5695549063928687,0.2796032835853689,0.09330133360458884,0.09705962308880589,0.5,0.0,0.0001029866117404632,0.000257466529351158,1.5,0.5998970133882595,0.25025746652935116,B,0.8388768898488121,11,0.4191772452347917,0.10613778478061321,-0.22664538328104053,0.11608326710551743,0.36353145508014456,True,0.5003470224303543,217,92.6,33,46.33213427705081,2315,True,1942,20,,,True,proven_optimal
,,,,synthetic,0.21325911378976573,0.5,2228,891,371,True,2315,0.6125190258026123,0.7,33,5,25,24,0.2689084376921433,high,0.5695549063928687,0.2796032835853689,0.09330133360458884,0.09705962308880589,0.5,0.00033670033670030186,0.0,0.00016835016835017869,1.5003367003367003,0.6,0.24983164983164982,B,0.6414686825053996,11,0.7995981760067471,0.19233090082021698,-0.09117037657949935,0.24811186097571195,0.36353145508014456,True,0.5003470224303543,217,92.6,33,46.33213427705081,2315,True,1485,14,,,True,proven_optimal
,,,,synthetic,-0.2955387356465294,-0.5,2502,1001,417,True,2237,0.01930093765258789,0.15,17,5,25,24,-0.44765339007950505,low,0.5695549063928687,0.2796032835853689,0.09330133360458884,0.09705962308880589,-0.5,0.0,0.00011990407673867498,0.0,1.5,0.6001199040767387,0.25,C,0.745641484130532,11,0.4191772452347917,0.10613778478061321,-0.22664538328104053,0.11608326710551743,-0.38161185549153787,True,0.5295504534351159,222,89.48,17,47.384174573374175,2237,True,1668,20,,,True,proven_optimal
,,,,synthetic,-0.2955387356465294,-0.5,1738,695,290,True,2237,0.824819803237915,0.7,17,5,25,24,-0.44765339007950505,high,0.5695549063928687,0.2796032835853689,0.09330133360458884,0.09705962308880589,-0.5,0.00043140638481453664,0.0003451251078515627,0.00021570319240726832,1.4995685936151855,0.5996548748921484,0.25021570319240727,C,0.5181046043808673,11,0.7995981760067471,0.19233090082021698,-0.09117037657949935,0.24811186097571195,-0.38161185549153787,True,0.5295504534351159,222,89.48,17,47.384174573374175,2237,True,1159,14,,,True,proven_optimal
True,835,"[17, 5, 14, 22]","[210, 648, 835, 570]",synthetic,-0.08069821655055218,,5600,2240,933,True,4203,0.03899693489074707,0.15,28,5,25,24,-0.10851664974966324,low,0.5695549063928687,0.2796032835853689,0.09330133360458884,0.09705962308880589,0.0,0.00013394053040460818,5.357621216184327e-05,6.697026520224858e-05,1.5001339405304046,0.6000535762121618,0.24993302973479775,D,0.8881751130145135,11,0.4191772452347917,0.10613778478061321,-0.22664538328104053,0.11608326710551743,-0.0061550299272828705,True,0.5581968874562925,258,93.04,28,51.93463840893346,2326,True,3733,20,1856,True,True,proven_optimal
True,616,"[17, 5, 14, 22]","[210, 616, 616, 570]",synthetic,-0.08069821655055218,,4491,1796,748,True,3952,0.9935688972473145,0.7,28,5,25,24,-0.10851664974966324,high,0.5695549063928687,0.2796032835853689,0.09330133360458884,0.09705962308880589,0.0,0.0,0.00013360053440214514,0.00016700066800268143,1.5,0.5998663994655978,0.24983299933199732,D,0.7575910931174089,11,0.7995981760067471,0.19233090082021698,-0.09117037657949935,0.24811186097571195,-0.0061550299272828705,True,0.5581968874562925,258,93.04,28,51.93463840893346,2326,True,2994,14,1368,True,True,proven_optimal
,,,,synthetic,-0.34468879183656437,0.0,2451,980,408,True,2356,0.018871068954467773,0.15,39,5,25,24,-0.3062258338597654,low,0.4904837457056785,0.2603916805048296,0.10742864342651559,0.11877029999409937,0.0,0.0,0.0002447980416155904,0.00030599755201957124,1.5,0.5997552019583844,0.24969400244798043,A,0.6935483870967742,12,0.39317173309288717,0.07633074612097564,-0.2892673971866502,0.13035110630911953,-0.308905564475509,True,0.3726694021944117,158,94.24,39,35.120364462801355,2356,True,1634,18,,,True,proven_optimal
,,,,synthetic,-0.34468879183656437,0.0,1962,785,327,True,2356,0.07753705978393555,0.7,39,5,25,24,-0.3062258338597654,high,0.4904837457056785,0.2603916805048296,0.10742864342651559,0.11877029999409937,0.0,0.0,0.0001529051987767538,0.0,1.5,0.6001529051987767,0.25,A,0.5551782682512734,12,0.7846709434626996,0.16332421018977564,-0.14882991765447598,0.25234083616942826,-0.308905564475509,True,0.3726694021944117,158,94.24,39,35.120364462801355,2356,True,1308,14,,,True,proven_optimal
,,,,synthetic,0.5709373027524761,0.5,2594,1037,432,True,2242,0.01884293556213379,0.15,43,5,25,22,0.387430028030457,low,0.4904837457056785,0.2603916805048296,0.10742864342651559,0.11877029999409937,0.5,0.00028918449971082616,0.00023134759976861652,0.00014459224985541308,1.5002891844997108,0.5997686524002314,0.2498554077501446,B,0.7711864406779662,12,0.39317173309288717,0.07633074612097564,-0.2892673971866502,0.13035110630911953,0.3909948698395794,True,0.35047692334786507,158,89.68,43,31.43077048583654,2242,True,1729,18,,,True,proven_optimal
,,,,synthetic,0.5709373027524761,0.5,2182,873,364,True,2242,0.05269002914428711,0.7,43,5,25,22,0.387430028030457,high,0.4904837457056785,0.2603916805048296,0.10742864342651559,0.11877029999409937,0.5,0.0003436426116838476,0.0,0.0001718213058419238,1.4996563573883162,0.6,0.2501718213058419,B,0.6489741302408564,12,0.7846709434626996,0.16332421018977564,-0.14882991765447598,0.25234083616942826,0.3909948698395794,True,0.35047692334786507,158,89.68,43,31.43077048583654,2242,True,1455,14,,,True,proven_optimal
,,,,synthetic,-0.6779339339731607,-0.5,2265,906,378,True,2443,0.018362998962402344,0.15,30,5,25,22,-0.7241387731655938,low,0.4904837457056785,0.2603916805048296,0.10742864342651559,0.11877029999409937,-0.5,0.0,0.0,0.00033112582781458233,1.5,0.6,0.2503311258278146,C,0.6180925092099877,12,0.39317173309288717,0.07633074612097564,-0.2892673971866502,0.13035110630911953,-0.6696171983473111,True,0.42845236539106096,175,97.72,30,41.868365146014476,2443,True,1510,18,,,True,proven_optimal
,,,,synthetic,-0.6779339339731607,-0.5,1694,677,282,True,2443,0.07428622245788574,0.7,30,5,25,22,-0.7241387731655938,high,0.4904837457056785,0.2603916805048296,0.10742864342651559,0.11877029999409937,-0.5,0.0004428697962799433,0.0003542958370238436,0.00022143489813994388,1.50044286979628,0.5996457041629761,0.24977856510186006,C,0.4621367171510438,12,0.7846709434626996,0.16332421018977564,-0.14882991765447598,0.25234083616942826,-0.6696171983473111,True,0.42845236539106096,175,97.72,30,41.868365146014476,2443,True,1129,14,,,True,proven_optimal
True,735,"[4, 19, 17, 16]","[456, 270, 402, 390]",synthetic,-0.34468879183656437,,4348,1739,725,True,3621,0.03764009475708008,0.15,39,5,25,24,-0.3062258338597654,low,0.4904837457056785,0.2603916805048296,0.10742864342651559,0.11877029999409937,0.0,0.00017247326664371343,0.00013797861331488193,8.623663332185671e-05,1.4998275267333563,0.5998620213866851,0.25008623663332186,D,0.8006075669704501,12,0.39317173309288717,0.07633074612097564,-0.2892673971866502,0.13035110630911953,-0.308905564475509,True,0.3726694021944117,158,94.24,39,35.120364462801355,2356,True,2899,18,1634,True,True,proven_optimal
True,589,"[4, 19, 17, 16]","[456, 270, 402, 390]",synthetic,-0.34468879183656437,,3860,1544,643,True,3621,0.1360468864440918,0.7,39,5,25,24,-0.3062258338597654,high,0.4904837457056785,0.2603916805048296,0.10742864342651559,0.11877029999409937,0.0,0.0001943256898562229,7.773027594248916e-05,9.716284492811145e-05,1.5001943256898562,0.6000777302759425,0.2499028371550719,D,0.7105771886219276,12,0.7846709434626996,0.16332421018977564,-0.14882991765447598,0.25234083616942826,-0.308905564475509,True,0.3726694021944117,158,94.24,39,35.120364462801355,2356,True,2573,14,1308,True,True,proven_optimal
,,,,synthetic,-0.1336632517941202,0.0,2451,980,408,True,2131,0.01920771598815918,0.15,33,5,25,22,-0.10028984151063408,low,0.48894407841068943,0.27425405675237685,0.0853509665498908,0.10937798542352341,0.0,0.0,0.0002447980416155904,0.00030599755201957124,1.5,0.5997552019583844,0.24969400244798043,A,0.7667761614265604,13,0.41847110818449196,0.09028643901231748,-0.23784873656106514,0.12585915879836504,-0.1643255998243114,True,0.4218516382106867,162,85.24,33,35.95863364107893,2131,True,1634,19,,,True,proven_optimal
,,,,synthetic,-0.1336632517941202,0.0,1890,756,315,True,2131,0.25759005546569824,0.7,33,5,25,22,-0.10028984151063408,high,0.48894407841068943,0.27425405675237685,0.0853509665498908,0.10937798542352341,0.0,0.0,0.0,0.0,1.5,0.6,0.25,A,0.5912717034256217,13,0.7867780207802849,0.17696856919117024,-0.13962058203834357,0.25495309672402827,-0.1643255998243114,True,0.4218516382106867,162,85.24,33,35.95863364107893,2131,True,1260,14,,,True,proven_optimal
,,,,synthetic,0.5923422061036533,0.5,2631,1052,438,True,2132,0.01866602897644043,0.15,37,5,25,23,0.4027727412841498,low,0.48894407841068943,0.27425405675237685,0.0853509665498908,0.10937798542352341,0.5,0.0,0.00022805017103755265,0.0002850627137970241,1.5,0.5997719498289624,0.24971493728620298,B,0.8227016885553471,13,0.41847110818449196,0.09028643901231748,-0.23784873656106514,0.12585915879836504,0.502500999104268,True,0.4211267922020423,160,85.28,37,35.913692838990166,2132,True,1754,19,,,True,proven_optimal
,,,,synthetic,0.5923422061036533,0.5,2127,851,354,True,2132,0.27658915519714355,0.7,37,5,25,23,0.4027727412841498,high,0.48894407841068943,0.27425405675237685,0.0853509665498908,0.10937798542352341,0.5,0.0,0.0001410437235542794,0.00035260930888575404,1.5,0.6001410437235543,0.24964739069111425,B,0.6651031894934334,13,0.7867780207802849,0.17696856919117024,-0.13962058203834357,0.25495309672402827,0.502500999104268,True,0.4211267922020423,160,85.28,37,35.913692838990166,2132,True,1418,14,,,True,proven_optimal
,,,,synthetic,-0.6025247031069455,-0.5,2226,890,371,True,2143,0.018854141235351562,0.15,25,5,25,22,-0.6100782736626299,low,0.48894407841068943,0.27425405675237685,0.0853509665498908,0.10937798542352341,-0.5,0.0,0.00026954177897575704,0.0,1.5,0.5997304582210242,0.25,C,0.6924871675221652,13,0.41847110818449196,0.09028643901231748,-0.23784873656106514,0.12585915879836504,-0.5753320181202473,True,0.42914142292106733,167,85.72,25,36.78600277279389,2143,True,1484,19,,,True,proven_optimal
,,,,synthetic,-0.6025247031069455,-0.5,1600,640,267,True,2143,0.3112049102783203,0.7,25,5,25,22,-0.6100782736626299,high,0.48894407841068943,0.27425405675237685,0.0853509665498908,0.10937798542352341,-0.5,0.0004686035613870043,0.00018744142455484614,0.00023430178069355767,1.499531396438613,0.5998125585754451,0.25023430178069356,C,0.4979001399906673,13,0.7867780207802849,0.17696856919117024,-0.13962058203834357,0.25495309672402827,-0.5753320181202473,True,0.42914142292106733,167,85.72,25,36.78600277279389,2143,True,1067,14,,,True,proven_optimal
True,735,"[3, 12, 15, 8]","[282, 198, 648, 414]",synthetic,-0.1336632517941202,,4378,1751,730,True,3416,0.03764486312866211,0.15,40,5,25,22,-0.10028984151063408,low,0.48894407841068943,0.27425405675237685,0.0853509665498908,0.10937798542352341,0.0,0.0001712915381979485,0.0001370332305583588,8.564576909902977e-05,1.499828708461802,0.5998629667694416,0.25008564576909903,D,0.8545081967213115,13,0.41847110818449196,0.09028643901231748,-0.23784873656106514,0.12585915879836504,-0.1643255998243114,True,0.4218516382106867,162,85.24,33,35.95863364107893,2131,True,2919,19,1634,True,True,proven_optimal
True,567,"[3, 12, 15, 8]","[282, 198, 567, 414]",synthetic,-0.1336632517941202,,3696,1478,616,True,3335,0.5830819606781006,0.7,40,5,25,22,-0.10028984151063408,high,0.48894407841068943,0.27425405675237685,0.0853509665498908,0.10937798542352341,0.0,0.0,0.00016233766233764158,0.0,1.5,0.5998376623376623,0.25,D,0.7388305847076462,13,0.7867780207802849,0.17696856919117024,-0.13962058203834357,0.25495309672402827,-0.1643255998243114,True,0.4218516382106867,162,85.24,33,35.95863364107893,2131,True,2464,14,1260,True,True,proven_optimal
,,,,synthetic,-0.11210598844969506,0.0,2384,953,397,True,2157,0.051383018493652344,0.15,41,5,25,22,-0.14018791972521152,low,0.5163279073860011,0.28687427901757023,0.0976486182181615,0.12048850581081894,0.0,0.0003146633102579788,0.000251730648206383,0.00015733165512901715,1.500314663310258,0.5997482693517936,0.24984266834487098,A,0.7366713027352805,14,0.5322076796724305,0.09718681804616865,-0.43158115285202214,0.14349785393154685,-0.11241583647555838,True,0.44849271620263326,202,86.28,41,38.6959515539632,2157,True,1589,19,,,True,proven_optimal
,,,,synthetic,-0.11210598844969506,0.0,1580,632,263,True,2157,0.3755159378051758,0.7,41,5,25,22,-0.14018791972521152,high,0.5163279073860011,0.28687427901757023,0.0976486182181615,0.12048850581081894,0.0,0.0004748338081670411,0.00018993352326690527,0.00023741690408357607,1.500474833808167,0.6001899335232669,0.24976258309591642,A,0.48817802503477054,14,0.8391480466748096,0.1775314213220915,-0.2726090885336092,0.26322079066817666,-0.11241583647555838,True,0.44849271620263326,202,86.28,41,38.6959515539632,2157,True,1053,13,,,True,proven_optimal
,,,,synthetic,0.513699696151934,0.5,2614,1046,436,True,2235,0.09966588020324707,0.15,36,5,25,21,0.4816699519288256,low,0.5163279073860011,0.28687427901757023,0.0976486182181615,0.12048850581081894,0.5,0.0002868617326448053,0.00011474469305794432,0.00014343086632245816,1.4997131382673552,0.6001147446930579,0.25014343086632246,B,0.7798657718120805,14,0.5322076796724305,0.09718681804616865,-0.43158115285202214,0.14349785393154685,0.48344895002700056,True,0.42533792992396857,166,89.4,36,38.02521093520279,2235,True,1743,19,,,True,proven_optimal
,,,,synthetic,0.513699696151934,0.5,1956,782,326,True,2235,0.35892796516418457,0.7,36,5,25,21,0.4816699519288256,high,0.5163279073860011,0.28687427901757023,0.0976486182181615,0.12048850581081894,0.5,0.0,0.00030674846625766694,0.0,1.5,0.5996932515337423,0.25,B,0.5834451901565996,14,0.8391480466748096,0.1775314213220915,-0.2726090885336092,0.26322079066817666,0.48344895002700056,True,0.42533792992396857,166,89.4,36,38.02521093520279,2235,True,1304,13,,,True,proven_optimal
,,,,synthetic,-0.5686041669441736,-0.5,2223,889,370,True,2107,0.09642291069030762,0.15,29,5,25,21,-0.5860984302589414,low,0.5163279073860011,0.28687427901757023,0.0976486182181615,0.12048850581081894,-0.5,0.0,0.00013495276653163746,0.00033738191632928793,1.5,0.5998650472334683,0.2496626180836707,C,0.7033697199810157,14,0.5322076796724305,0.09718681804616865,-0.43158115285202214,0.14349785393154685,-0.6139339771441606,True,0.48627490045632077,190,84.28,29,40.983248610458716,2107,True,1482,19,,,True,proven_optimal
,,,,synthetic,-0.5686041669441736,-0.5,1306,523,218,True,2107,0.38195204734802246,0.7,29,5,25,21,-0.5860984302589414,high,0.5163279073860011,0.28687427901757023,0.0976486182181615,0.12048850581081894,-0.5,0.0005740528128588274,0.0004592422502870397,0.0002870264064294137,1.4994259471871412,0.600459242250287,0.2502870264064294,C,0.41338395823445656,14,0.8391480466748096,0.1775314213220915,-0.2726090885336092,0.26322079066817666,-0.6139339771441606,True,0.48627490045632077,190,84.28,29,40.983248610458716,2107,True,871,13,,,True,proven_optimal
True,715,"[0, 12, 7, 2]","[282, 666, 444, 576]",synthetic,-0.11210598844969506,,4844,1937,807,True,3797,0.14625787734985352,0.15,41,5,25,22,-0.14018791972521152,low,0.5163279073860011,0.28687427901757023,0.0976486182181615,0.12048850581081894,0.0,0.0001548467017653543,0.00012387736141217243,7.742335088262164e-05,1.5001548467017654,0.5998761226385878,0.24992257664911738,D,0.8504082170134316,14,0.5322076796724305,0.09718681804616865,-0.43158115285202214,0.14349785393154685,-0.11241583647555838,True,0.44849271620263326,202,86.28,41,38.6959515539632,2157,True,3229,19,1589,True,True,proven_optimal
True,474,"[0, 12, 7, 2]","[282, 474, 444, 474]",synthetic,-0.11210598844969506,,3598,1439,600,True,3503,0.795604944229126,0.7,41,5,25,22,-0.14018791972521152,high,0.5163279073860011,0.28687427901757023,0.0976486182181615,0.12048850581081894,0.0,0.00020842017507294308,0.00016673614005835447,0.00010421008753647154,1.499791579824927,0.5998332638599416,0.25010421008753647,D,0.6848415643733943,14,0.8391480466748096,0.1775314213220915,-0.2726090885336092,0.26322079066817666,-0.11241583647555838,True,0.44849271620263326,202,86.28,41,38.6959515539632,2157,True,2399,13,1053,True,True,proven_optimal
,,,,synthetic,0.36554235005550434,0.0,2619,1048,436,True,2141,0.04303312301635742,0.15,33,5,25,23,0.37307288538824074,low,0.5596477709315354,0.3070214696803777,0.13326628833448675,0.12324817414002874,0.0,0.0,0.00022909507445589838,0.000286368843069873,1.5,0.6002290950744559,0.24971363115693013,A,0.8155067725361981,15,0.5612220896481201,0.12569596048785253,-0.21538841974253584,0.13667290355065334,0.34166989831898165,True,0.5071665418408355,214,85.64,33,43.433742643249154,2141,True,1746,18,,,True,proven_optimal
,,,,synthetic,0.36554235005550434,0.0,1941,776,324,True,2141,0.5938308238983154,0.7,33,5,25,23,0.37307288538824074,high,0.5596477709315354,0.3070214696803777,0.13326628833448675,0.12324817414002874,0.0,0.0,0.0003091190108190922,0.0003863987635239763,1.5,0.5996908809891809,0.250386398763524,A,0.6043904717421765,15,0.8271349995872928,0.20355649346112298,-0.1720447339261664,0.2545094934538371,0.34166989831898165,True,0.5071665418408355,214,85.64,33,43.433742643249154,2141,True,1294,14,,,True,proven_optimal
,,,,synthetic,0.5608119272396058,0.5,3178,1271,530,True,2466,0.03168082237243652,0.15,31,5,25,23,0.7075656979601949,low,0.5596477709315354,0.3070214696803777,0.13326628833448675,0.12324817414002874,0.5,0.00023596035865969256,0.00018876828692782066,0.00011798017932984628,1.4997640396413403,0.5998112317130722,0.25011798017932985,B,0.8592862935928629,15,0.5612220896481201,0.12569596048785253,-0.21538841974253584,0.13667290355065334,0.7451888274301537,True,0.6240140066137128,268,98.64,31,61.55274161237662,2466,True,2119,18,,,True,proven_optimal
,,,,synthetic,0.5608119272396058,0.5,2536,1015,423,True,2466,0.5507161617279053,0.7,31,5,25,23,0.7075656979601949,high,0.5596477709315354,0.3070214696803777,0.13326628833448675,0.12324817414002874,0.5,0.0002956830277942579,0.00023654642223536193,0.00014784151389712896,1.4997043169722057,0.6002365464222353,0.25014784151389713,B,0.6857258718572588,15,0.8271349995872928,0.20355649346112298,-0.1720447339261664,0.2545094934538371,0.7451888274301537,True,0.6240140066137128,268,98.64,31,61.55274161237662,2466,True,1691,14,,,True,proven_optimal
,,,,synthetic,-0.2839427511261651,-0.5,2100,840,350,True,1890,0.03086113929748535,0.15,36,5,25,24,-0.2362502048424439,low,0.5596477709315354,0.3070214696803777,0.13326628833448675,0.12324817414002874,-0.5,0.0,0.0,0.0,1.5,0.6,0.25,C,0.7407407407407407,15,0.5612220896481201,0.12569596048785253,-0.21538841974253584,0.13667290355065334,-0.3119830794391505,True,0.39526073069578194,145,75.6,36,29.881711240601113,1890,True,1400,18,,,True,proven_optimal
,,,,synthetic,-0.2839427511261651,-0.5,1454,581,242,True,1890,0.4952890872955322,0.7,36,5,25,24,-0.2362502048424439,high,0.5596477709315354,0.3070214696803777,0.13326628833448675,0.12324817414002874,-0.5,0.0005159958720331037,0.00041279669762639415,0.0002579979360165241,1.500515995872033,0.5995872033023736,0.24974200206398348,C,0.5126984126984127,15,0.8271349995872928,0.20355649346112298,-0.1720447339261664,0.2545094934538371,-0.3119830794391505,True,0.39526073069578194,145,75.6,36,29.881711240601113,1890,True,969,14,,,True,proven_optimal
True,786,"[2, 9, 22, 1]","[720, 732, 312, 336]",synthetic,0.36554235005550434,,5244,2098,874,True,3891,0.08271193504333496,0.15,33,5,25,23,0.37307288538824074,low,0.5596477709315354,0.3070214696803777,0.13326628833448675,0.12324817414002874,0.0,0.0,0.00011441647597254523,0.0,1.5,0.6001144164759725,0.25,D,0.8984836802878438,15,0.5612220896481201,0.12569596048785253,-0.21538841974253584,0.13667290355065334,0.34166989831898165,True,0.5071665418408355,214,85.64,33,43.433742643249154,2141,True,3496,18,1746,True,True,proven_optimal
True,582,"[2, 9, 22, 1]","[582, 582, 312, 336]",synthetic,0.36554235005550434,,4134,1654,689,True,3603,1.2929279804229736,0.7,33,5,25,23,0.37307288538824074,high,0.5596477709315354,0.3070214696803777,0.13326628833448675,0.12324817414002874,0.0,0.0,0.00014513788098691194,0.0,1.5,0.6001451378809869,0.25,D,0.7649181237857341,15,0.8271349995872928,0.20355649346112298,-0.1720447339261664,0.2545094934538371,0.34166989831898165,True,0.5071665418408355,214,85.64,33,43.433742643249154,2141,True,2756,14,1294,True,True,proven_optimal
,,,,synthetic,0.08458778679327186,0.0,2654,1061,442,True,2191,0.023135900497436523,0.15,34,5,25,22,0.33958474205590955,low,0.4367158286880445,0.2510211068933485,0.07790352370983528,0.07310026661343728,0.0,0.00028264556246471173,0.00022611644997172498,0.0001413227812323281,1.5002826455624647,0.5997738835500283,0.24985867721876767,A,0.8073938840712004,16,0.38359354866188683,0.07073855753272215,-0.31319715943583337,0.13843589055951214,0.1839523108103533,True,0.46042282044322813,220,87.64,34,40.35145598364451,2191,True,1769,21,,,True,proven_optimal
,,,,synthetic,0.08458778679327186,0.0,2104,842,351,True,2191,1.2394230365753174,0.7,34,5,25,22,0.33958474205590955,high,0.4367158286880445,0.2510211068933485,0.07790352370983528,0.07310026661343728,0.0,0.0003563791874554578,0.00014255167498222754,0.0001781895937277289,1.4996436208125445,0.6001425516749822,0.25017818959372773,A,0.6403468735737107,16,0.774974411320718,0.15699372723759142,-0.2052816929566858,0.26622914843242623,0.1839523108103533,True,0.46042282044322813,220,87.64,34,40.35145598364451,2191,True,1403,15,,,True,proven_optimal
,,,,synthetic,0.3703140555555138,0.5,2696,1078,449,True,2130,0.02315497398376465,0.15,42,5,25,22,0.6294236231793443,low,0.4367158286880445,0.2510211068933485,0.07790352370983528,0.07310026661343728,0.5,0.00027824151363375904,0.00011129660545350362,0.00013912075681690728,1.5002782415136338,0.5998887033945465,0.2498608792431831,B,0.8436619718309859,16,0.38359354866188683,0.07073855753272215,-0.31319715943583337,0.13843589055951214,0.49182228706199066,True,0.5524126422099653,271,85.2,42,47.06555711628905,2130,True,1797,21,,,True,proven_optimal
,,,,synthetic,0.3703140555555138,0.5,2202,881,367,True,2130,0.8751599788665771,0.7,42,5,25,22,0.6294236231793443,high,0.4367158286880445,0.2510211068933485,0.07790352370983528,0.07310026661343728,0.5,0.0,0.00013623978201637854,0.0,1.5,0.6001362397820164,0.25,B,0.6892018779342723,16,0.774974411320718,0.15699372723759142,-0.2052816929566858,0.26622914843242623,0.49182228706199066,True,0.5524126422099653,271,85.2,42,47.06555711628905,2130,True,1468,15,,,True,proven_optimal
,,,,synthetic,-0.29002460869279395,-0.5,2546,1018,424,True,2211,0.022626876831054688,0.15,34,5,25,24,-0.26204131535102626,low,0.4367158286880445,0.2510211068933485,0.07790352370983528,0.07310026661343728,-0.5,0.00029463759575731885,0.00011785503830286093,0.0001473187978786039,1.5002946375957573,0.5998821449616971,0.2498526812021214,C,0.7675260063319764,16,0.38359354866188683,0.07073855753272215,-0.31319715943583337,0.13843589055951214,-0.07886132094331176,True,0.39418506179170676,182,88.44,34,34.86172686485855,2211,True,1697,21,,,True,proven_optimal
,,,,synthetic,-0.29002460869279395,-0.5,1905,762,318,True,2211,1.262645959854126,0.7,34,5,25,24,-0.26204131535102626,high,0.4367158286880445,0.2510211068933485,0.07790352370983528,0.07310026661343728,-0.5,0.0,0.0,0.0003937007874015852,1.5,0.6,0.2503937007874016,C,0.574400723654455,16,0.774974411320718,0.15699372723759142,-0.2052816929566858,0.26622914843242623,-0.07886132094331176,True,0.39418506179170676,182,88.44,34,34.86172686485855,2211,True,1270,15,,,True,proven_optimal
True,796,"[13, 19, 18, 20]","[796, 786, 480, 204]",synthetic,0.08458778679327186,,5355,2142,892,True,3992,0.045094966888427734,0.15,44,5,25,22,0.33958474205590955,low,0.4367158286880445,0.2510211068933485,0.07790352370983528,0.07310026661343728,0.0,0.0,0.0,0.0001400560224089631,1.5,0.6,0.24985994397759104,D,0.8942885771543087,16,0.38359354866188683,0.07073855753272215,-0.31319715943583337,0.13843589055951214,0.1839523108103533,True,0.46042282044322813,220,87.64,34,40.35145598364451,2191,True,3570,21,1769,True,True,proven_optimal
True,631,"[13, 19, 18, 20]","[631, 631, 480, 204]",synthetic,0.08458778679327186,,4071,1628,678,True,3672,2.4232540130615234,0.7,44,5,25,22,0.33958474205590955,high,0.4367158286880445,0.2510211068933485,0.07790352370983528,0.07310026661343728,0.0,0.0,0.0001473839351510131,0.0001842299189388219,1.5,0.599852616064849,0.24981577008106118,D,0.7391067538126361,16,0.774974411320718,0.15699372723759142,-0.2052816929566858,0.26622914843242623,0.1839523108103533,True,0.46042282044322813,220,87.64,34,40.35145598364451,2191,True,2714,15,1403,True,True,proven_optimal
,,,,synthetic,0.07498025287002172,0.0,3208,1283,535,True,2681,0.03501582145690918,0.15,31,5,25,21,0.26507129372093424,low,0.43816237887841497,0.25761426282872874,0.07743136685200565,0.09154392168725514,0.0,0.0002337540906964808,0.00018700327255727345,0.0001168770453482959,1.4997662459093035,0.5998129967274427,0.2501168770453483,A,0.7978366281238344,17,0.4791197454322952,0.09459588470678301,-0.3137743386229885,0.12922637150620664,-0.06590880101175159,True,0.681345395623035,374,107.24,31,73.06748022661426,2681,True,2139,19,,,True,proven_optimal
,,,,synthetic,0.07498025287002172,0.0,2168,867,361,True,2681,0.15564417839050293,0.7,31,5,25,21,0.26507129372093424,high,0.43816237887841497,0.25761426282872874,0.07743136685200565,0.09154392168725514,0.0,0.000346020761245569,0.0,0.00017301038062284002,1.5003460207612456,0.6,0.24982698961937716,A,0.5389779932860873,17,0.8177120476301425,0.17687608131628654,-0.22135942670206019,0.2555658339628835,-0.06590880101175159,True,0.681345395623035,374,107.24,31,73.06748022661426,2681,True,1445,14,,,True,proven_optimal
,,,,synthetic,0.3478273018127065,0.5,3194,1277,532,True,2561,0.03758811950683594,0.15,34,5,25,23,0.5117969467965703,low,0.43816237887841497,0.25761426282872874,0.07743136685200565,0.09154392168725514,0.5,0.0002348520432127188,0.00018788163457017504,0.00011742602160638715,1.5002348520432127,0.5998121183654298,0.2498825739783936,B,0.8313158922295978,17,0.4791197454322952,0.09459588470678301,-0.3137743386229885,0.12922637150620664,0.3085802460043055,True,0.7286135931966145,400,102.44,34,74.63917648706118,2561,True,2129,19,,,True,proven_optimal
,,,,synthetic,0.3478273018127065,0.5,2334,934,389,True,2561,0.21435117721557617,0.7,34,5,25,23,0.5117969467965703,high,0.43816237887841497,0.25761426282872874,0.07743136685200565,0.09154392168725514,0.5,0.0,0.00025706940874037354,0.0,1.5,0.6002570694087404,0.25,B,0.6075751659508005,17,0.8177120476301425,0.17687608131628654,-0.22135942670206019,0.2555658339628835,0.3085802460043055,True,0.7286135931966145,400,102.44,34,74.63917648706118,2561,True,1556,14,,,True,proven_optimal
,,,,synthetic,-0.2588366611549808,-0.5,2842,1137,474,True,2558,0.05687594413757324,0.15,29,5,25,24,-0.18516325006103973,low,0.43816237887841497,0.25761426282872874,0.07743136685200565,0.09154392168725514,-0.5,0.00026385224274405594,0.0,0.00013192612137202797,1.499736147757256,0.6,0.25013192612137203,C,0.7408131352619234,17,0.4791197454322952,0.09459588470678301,-0.3137743386229885,0.12922637150620664,-0.4700904106962292,True,0.491438236238911,245,102.32,29,50.28396033196537,2558,True,1895,19,,,True,proven_optimal
,,,,synthetic,-0.2588366611549808,-0.5,1791,716,298,True,2558,0.32919907569885254,0.7,29,5,25,24,-0.18516325006103973,high,0.43816237887841497,0.25761426282872874,0.07743136685200565,0.09154392168725514,-0.5,0.0,0.0003350083752093891,0.00041876046901173636,1.5,0.5996649916247906,0.24958123953098826,C,0.46677091477716964,17,0.8177120476301425,0.17687608131628654,-0.22135942670206019,0.2555658339628835,-0.4700904106962292,True,0.491438236238911,245,102.32,29,50.28396033196537,2558,True,1194,14,,,True,proven_optimal
True,963,"[12, 6, 16, 4]","[870, 963, 744, 186]",synthetic,0.07498025287002172,,6342,2537,1057,True,4770,0.07761168479919434,0.15,34,5,25,21,0.26507129372093424,low,0.43816237887841497,0.25761426282872874,0.07743136685200565,0.09154392168725514,0.0,0.0,4.730368968786092e-05,0.0,1.5,0.6000473036896878,0.25,D,0.8863731656184486,17,0.4791197454322952,0.09459588470678301,-0.3137743386229885,0.12922637150620664,-0.06590880101175159,True,0.681345395623035,374,107.24,31,73.06748022661426,2681,True,4228,19,2139,True,True,proven_optimal
True,650,"[12, 6, 16, 4]","[650, 650, 650, 186]",synthetic,0.07498025287002172,,4360,1744,727,True,4143,0.4049561023712158,0.7,34,5,25,21,0.26507129372093424,high,0.43816237887841497,0.25761426282872874,0.07743136685200565,0.09154392168725514,0.0,0.00017199862401096055,6.879944960436202e-05,8.599931200548028e-05,1.499828001375989,0.5999312005503956,0.2500859993120055,D,0.7016654598117307,17,0.8177120476301425,0.17687608131628654,-0.22135942670206019,0.2555658339628835,-0.06590880101175159,True,0.681345395623035,374,107.24,31,73.06748022661426,2681,True,2907,14,1445,True,True,proven_optimal
,,,,synthetic,-0.4037659205510638,0.0,2415,966,402,True,2033,0.018887996673583984,0.15,42,5,25,22,-0.39916955224682327,low,0.5166343372064446,0.26905639094631284,0.08500666557894099,0.11399197617812733,0.0,0.0,0.0,0.00031055900621118626,1.5,0.6,0.2496894409937888,A,0.7919331037875061,18,0.41465176827625416,0.08223866086562094,-0.3364194894714243,0.13147472010733513,-0.3478930731643502,True,0.4458683055724468,159,81.32,42,36.25801060915137,2033,True,1610,20,,,True,proven_optimal
,,,,synthetic,-0.4037659205510638,0.0,1534,614,256,True,2033,0.17199301719665527,0.7,42,5,25,22,-0.39916955224682327,high,0.5166343372064446,0.26905639094631284,0.08500666557894099,0.11399197617812733,0.0,0.0004887585532746819,0.00019550342130991716,0.00024437927663734094,1.4995112414467253,0.6001955034213099,0.25024437927663734,A,0.5031972454500738,18,0.7800638491292045,0.17649264549711713,-0.21497962313898653,0.2513439625876545,-0.3478930731643502,True,0.4458683055724468,159,81.32,42,36.25801060915137,2033,True,1023,14,,,True,proven_optimal
,,,,synthetic,0.4480376294995203,0.5,2532,1013,422,True,1980,0.018468141555786133,0.15,39,5,25,24,0.22607455727506615,low,0.5166343372064446,0.26905639094631284,0.08500666557894099,0.11399197617812733,0.5,0.0,0.0001184834123223455,0.0,1.5,0.6001184834123223,0.25,B,0.8525252525252526,18,0.41465176827625416,0.08223866086562094,-0.3364194894714243,0.13147472010733513,0.2877476491004741,True,0.3481965210388302,140,79.2,39,27.577164466275352,1980,True,1688,20,,,True,proven_optimal
,,,,synthetic,0.4480376294995203,0.5,1770,708,295,True,1980,0.1714627742767334,0.7,39,5,25,24,0.22607455727506615,high,0.5166343372064446,0.26905639094631284,0.08500666557894099,0.11399197617812733,0.5,0.0,0.0,0.0,1.5,0.6,0.25,B,0.5959595959595959,18,0.7800638491292045,0.17649264549711713,-0.21497962313898653,0.2513439625876545,0.2877476491004741,True,0.3481965210388302,140,79.2,39,27.577164466275352,1980,True,1180,14,,,True,proven_optimal
,,,,synthetic,-0.6613247043629581,-0.5,2310,924,385,True,2133,0.018854856491088867,0.15,28,5,25,23,-0.7240699409267,low,0.5166343372064446,0.26905639094631284,0.08500666557894099,0.11399197617812733,-0.5,0.0,0.0,0.0,1.5,0.6,0.25,C,0.7219878105954055,18,0.41465176827625416,0.08223866086562094,-0.3364194894714243,0.13147472010733513,-0.7322047483119618,True,0.5162682151514412,183,85.32,28,44.04800411672096,2133,True,1540,20,,,True,proven_optimal
,,,,synthetic,-0.6613247043629581,-0.5,1358,543,226,True,2133,0.9101440906524658,0.7,28,5,25,23,-0.7240699409267,high,0.5166343372064446,0.26905639094631284,0.08500666557894099,0.11399197617812733,-0.5,0.0005524861878452025,0.0,0.0002762430939226568,1.5005524861878452,0.6,0.24972375690607734,C,0.4242850445382091,18,0.7800638491292045,0.17649264549711713,-0.21497962313898653,0.2513439625876545,-0.7322047483119618,True,0.5162682151514412,183,85.32,28,44.04800411672096,2133,True,905,14,,,True,proven_optimal
True,724,"[5, 1, 7, 4]","[276, 312, 378, 270]",synthetic,-0.4037659205510638,,3960,1584,660,True,3063,0.036328792572021484,0.15,42,5,25,22,-0.39916955224682327,low,0.5166343372064446,0.26905639094631284,0.08500666557894099,0.11399197617812733,0.0,0.0,0.0,0.0,1.5,0.6,0.25,D,0.861900097943193,18,0.41465176827625416,0.08223866086562094,-0.3364194894714243,0.13147472010733513,-0.3478930731643502,True,0.4458683055724468,159,81.32,42,36.25801060915137,2033,True,2640,20,1610,True,True,proven_optimal
True,460,"[5, 1, 7, 4]","[276, 312, 378, 270]",synthetic,-0.4037659205510638,,3080,1232,513,True,3063,0.6305639743804932,0.7,42,5,25,22,-0.39916955224682327,high,0.5166343372064446,0.26905639094631284,0.08500666557894099,0.11399197617812733,0.0,0.000243546030199715,9.7418412079886e-05,0.0001217730150998575,1.5002435460301997,0.6000974184120799,0.24987822698490014,D,0.6702579170747633,18,0.7800638491292045,0.17649264549711713,-0.21497962313898653,0.2513439625876545,-0.3478930731643502,True,0.4458683055724468,159,81.32,42,36.25801060915137,2033,True,2053,14,1023,True,True,proven_optimal
,,,,synthetic,0.00041896754758654345,0.0,1815,726,302,True,1964,0.042961835861206055,0.15,25,5,25,24,0.016388918948035,low,0.5556934909975668,0.29508214049606385,0.10361598439290165,0.14524203849197276,0.0,0.0,0.0,0.0004132231404958553,1.5,0.6,0.24958677685950414,A,0.6160896130346232,19,0.51034428784642,0.11108236847585708,-0.28420306562576925,0.14015110781692666,-0.03423735397051097,True,0.6365631274760504,253,78.56,25,50.00839929451852,1964,True,1210,16,,,True,proven_optimal
,,,,synthetic,0.00041896754758654345,0.0,1482,593,247,True,1964,0.07847714424133301,0.7,25,5,25,24,0.016388918948035,high,0.5556934909975668,0.29508214049606385,0.10361598439290165,0.14524203849197276,0.0,0.0,0.00020242914979762272,0.0,1.5,0.6002024291497976,0.25,A,0.5030549898167006,19,0.8263953731466716,0.19378195154761124,-0.21593528506002688,0.2531817426973574,-0.03423735397051097,True,0.6365631274760504,253,78.56,25,50.00839929451852,1964,True,988,13,,,True,proven_optimal
,,,,synthetic,0.5510096688582649,0.5,2352,941,392,True,2136,0.03991818428039551,0.15,31,5,25,21,0.49293898214746307,low,0.5556934909975668,0.29508214049606385,0.10361598439290165,0.14524203849197276,0.5,0.0,0.00012755102040817867,0.0,1.5,0.6001275510204082,0.25,B,0.7340823970037453,19,0.51034428784642,0.11108236847585708,-0.28420306562576925,0.14015110781692666,0.5352333182271027,True,0.644099596846076,251,85.44,31,55.03186955452873,2136,True,1568,16,,,True,proven_optimal
,,,,synthetic,0.5510096688582649,0.5,2030,812,338,True,2136,0.07623291015625,0.7,31,5,25,21,0.49293898214746307,high,0.5556934909975668,0.29508214049606385,0.10361598439290165,0.14524203849197276,0.5,0.0003695491500370629,0.00014781966001475855,0.00018477457501847594,1.500369549150037,0.6001478196600147,0.24981522542498152,B,0.6334269662921348,19,0.8263953731466716,0.19378195154761124,-0.21593528506002688,0.2531817426973574,0.5352333182271027,True,0.644099596846076,251,85.44,31,55.03186955452873,2136,True,1353,13,,,True,proven_optimal
,,,,synthetic,-0.5204260851287003,-0.5,1422,569,237,True,1893,0.0386807918548584,0.15,18,5,25,24,-0.4749059436973531,low,0.5556934909975668,0.29508214049606385,0.10361598439290165,0.14524203849197276,-0.5,0.0,0.00021097046413509624,0.0,1.5,0.6002109704641351,0.25,C,0.5007923930269413,19,0.51034428784642,0.11108236847585708,-0.28420306562576925,0.14015110781692666,-0.5766493663123139,True,0.5994149530221049,235,75.72,18,45.38770024283378,1893,True,948,16,,,True,proven_optimal
,,,,synthetic,-0.5204260851287003,-0.5,1082,433,180,True,1893,0.06868505477905273,0.7,18,5,25,24,-0.4749059436973531,high,0.5556934909975668,0.29508214049606385,0.10361598439290165,0.14524203849197276,-0.5,0.0006934812760055475,0.0005547850208044158,0.00034674063800277377,1.5006934812760055,0.6005547850208044,0.24965325936199723,C,0.3808769149498151,19,0.8263953731466716,0.19378195154761124,-0.21593528506002688,0.2531817426973574,-0.5766493663123139,True,0.5994149530221049,235,75.72,18,45.38770024283378,1893,True,721,13,,,True,proven_optimal
True,544,"[15, 7, 20, 0]","[204, 544, 306, 336]",synthetic,0.00041896754758654345,,3453,1381,576,True,3056,0.0864109992980957,0.15,25,5,25,24,0.016388918948035,low,0.5556934909975668,0.29508214049606385,0.10361598439290165,0.14524203849197276,0.0,0.0,8.688097306686071e-05,0.0002172024326672628,1.5,0.5999131190269331,0.25021720243266726,D,0.7532722513089005,19,0.51034428784642,0.11108236847585708,-0.28420306562576925,0.14015110781692666,-0.03423735397051097,True,0.6365631274760504,253,78.56,25,50.00839929451852,1964,True,2302,16,1210,True,True,proven_optimal
True,445,"[15, 7, 20, 0]","[204, 445, 306, 336]",synthetic,0.00041896754758654345,,2972,1189,495,True,2957,0.1337740421295166,0.7,25,5,25,24,0.016388918948035,high,0.5556934909975668,0.29508214049606385,0.10361598439290165,0.14524203849197276,0.0,0.00025239777889951576,0.00020191822311965701,0.00012619888944978563,1.5002523977788995,0.6002019182231196,0.24987380111055021,D,0.6699357456881975,19,0.8263953731466716,0.19378195154761124,-0.21593528506002688,0.2531817426973574,-0.03423735397051097,True,0.6365631274760504,253,78.56,25,50.00839929451852,1964,True,1981,13,988,True,True,proven_optimal
,,,,synthetic,-0.0830739258647571,0.0,1718,687,286,True,1830,0.0426480770111084,0.15,24,5,25,22,-0.18195674003622367,low,0.4102732863438969,0.23763568201139534,0.1332235150033183,0.07371429005702378,0.0,0.0004366812227074579,0.0,0.0002183406113537012,1.5004366812227075,0.6,0.2497816593886463,A,0.6256830601092896,20,0.4041742473794312,0.0812695292701655,-0.217403053159088,0.12489423092437327,-0.08350973105825663,True,0.4316810193804634,143,73.2,24,31.599050618649922,1830,True,1145,18,,,True,proven_optimal
,,,,synthetic,-0.0830739258647571,0.0,1356,542,226,True,1830,0.5484719276428223,0.7,24,5,25,22,-0.18195674003622367,high,0.4102732863438969,0.23763568201139534,0.1332235150033183,0.07371429005702378,0.0,0.0,0.0004424778761061843,0.0,1.5,0.5995575221238938,0.25,A,0.49398907103825135,20,0.7931362697756472,0.1698327664693972,-0.20977128312160465,0.25360012198148796,-0.08350973105825663,True,0.4316810193804634,143,73.2,24,31.599050618649922,1830,True,904,13,,,True,proven_optimal
,,,,synthetic,0.2068034348499382,0.5,1762,705,294,True,1718,0.0591130256652832,0.15,26,5,25,23,0.24194099175761136,low,0.4102732863438969,0.23763568201139534,0.1332235150033183,0.07371429005702378,0.5,0.00042553191489358433,0.0,0.00021276595744679216,1.4995744680851064,0.6,0.2502127659574468,B,0.6839348079161816,20,0.4041742473794312,0.0812695292701655,-0.217403053159088,0.12489423092437327,0.28472491526581806,True,0.3662489998529724,124,68.72,26,25.168631269896263,1718,True,1175,18,,,True,proven_optimal
,,,,synthetic,0.2068034348499382,0.5,1437,575,240,True,1718,0.5328888893127441,0.7,26,5,25,23,0.24194099175761136,high,0.4102732863438969,0.23763568201139534,0.1332235150033183,0.07371429005702378,0.5,0.0,0.00020876826722338038,0.0005219206680584509,1.5,0.6002087682672234,0.25052192066805845,B,0.5576251455180442,20,0.7931362697756472,0.1698327664693972,-0.20977128312160465,0.25360012198148796,0.28472491526581806,True,0.3662489998529724,124,68.72,26,25.168631269896263,1718,True,958,13,,,True,proven_optimal
,,,,synthetic,-0.32816807492342115,-0.5,1758,703,293,True,1972,0.05855917930603027,0.15,31,5,25,23,-0.46988995814607365,low,0.4102732863438969,0.23763568201139534,0.1332235150033183,0.07371429005702378,-0.5,0.0,0.00017064846416381396,0.0,1.5,0.5998293515358362,0.25,C,0.5943204868154158,20,0.4041742473794312,0.0812695292701655,-0.217403053159088,0.12489423092437327,-0.40400156895825534,True,0.4350600509526424,152,78.88,31,34.31753681914443,1972,True,1172,18,,,True,proven_optimal
,,,,synthetic,-0.32816807492342115,-0.5,1310,524,218,True,1972,0.14398980140686035,0.7,31,5,25,23,-0.46988995814607365,high,0.4102732863438969,0.23763568201139534,0.1332235150033183,0.07371429005702378,-0.5,0.000572737686139746,0.00022909507445589838,0.000286368843069873,1.5005727376861397,0.6002290950744559,0.24971363115693013,C,0.44269776876267747,20,0.7931362697756472,0.1698327664693972,-0.20977128312160465,0.25360012198148796,-0.40400156895825534,True,0.4350600509526424,152,78.88,31,34.31753681914443,1972,True,873,13,,,True,proven_optimal
True,515,"[7, 5, 15, 8]","[294, 474, 510, 354]",synthetic,-0.0830739258647571,,3758,1503,626,True,3190,0.09362316131591797,0.15,24,5,25,22,-0.18195674003622367,low,0.4102732863438969,0.23763568201139534,0.1332235150033183,0.07371429005702378,0.0,0.00019960079840308786,0.0,9.980039920159944e-05,1.500199600798403,0.6,0.2499001996007984,D,0.7852664576802508,20,0.4041742473794312,0.0812695292701655,-0.217403053159088,0.12489423092437327,-0.08350973105825663,True,0.4316810193804634,143,73.2,24,31.599050618649922,1830,True,2505,18,1145,True,True,proven_optimal
True,407,"[7, 5, 15, 8]","[294, 407, 407, 354]",synthetic,-0.0830739258647571,,3141,1256,524,True,3020,0.7228128910064697,0.7,24,5,25,22,-0.18195674003622367,high,0.4102732863438969,0.23763568201139534,0.1332235150033183,0.07371429005702378,0.0,0.0,0.00019102196752629474,0.00023877745940781292,1.5,0.5998089780324737,0.2502387774594078,D,0.6933774834437086,20,0.7931362697756472,0.1698327664693972,-0.20977128312160465,0.25360012198148796,-0.08350973105825663,True,0.4316810193804634,143,73.2,24,31.599050618649922,1830,True,2094,13,904,True,True,proven_optimal
,,,,synthetic,-0.2803831555819697,0.0,3158,1263,526,True,2950,0.018817663192749023,0.15,47,5,25,25,-0.23589585656149747,low,0.4319479883613698,0.2595485858968679,0.0730002047434474,0.09886824422267088,0.0,0.00023752969121138,0.0,0.00011876484560569,1.5002375296912114,0.6,0.2498812351543943,A,0.7135593220338983,21,0.42281693070548493,0.07858092472074915,-0.3126448973440481,0.13174119609926638,-0.2646153846153846,True,0.5773658181292666,300,118.0,47,68.12916653925346,2950,True,2105,19,,,True,proven_optimal
,,,,synthetic,-0.2803831555819697,0.0,2086,835,348,True,2950,0.0898740291595459,0.7,47,5,25,25,-0.23589585656149747,high,0.4319479883613698,0.2595485858968679,0.0730002047434474,0.09886824422267088,0.0,0.00035945363048162093,0.00028756290438536336,0.00017972681524081047,1.4996405463695184,0.6002875629043853,0.2501797268152408,A,0.47152542372881356,21,0.7909025773784479,0.16164088897561085,-0.244686790562901,0.26297002923163776,-0.2646153846153846,True,0.5773658181292666,300,118.0,47,68.12916653925346,2950,True,1391,13,,,True,proven_optimal
,,,,synthetic,0.1522749119640183,0.5,3165,1266,528,True,2667,0.019285917282104492,0.15,49,5,25,22,0.2716848030318635,low,0.4319479883613698,0.2595485858968679,0.0730002047434474,0.09886824422267088,0.5,0.0,0.0,0.00023696682464452445,1.5,0.6,0.2502369668246445,B,0.791151106111736,21,0.42281693070548493,0.07858092472074915,-0.3126448973440481,0.13174119609926638,0.10664105035523859,True,0.5149403730262134,251,106.68,49,54.93383899443645,2667,True,2110,19,,,True,proven_optimal
,,,,synthetic,0.1522749119640183,0.5,2292,917,382,True,2667,0.11126708984375,0.7,49,5,25,22,0.2716848030318635,high,0.4319479883613698,0.2595485858968679,0.0730002047434474,0.09886824422267088,0.5,0.0,0.00013089005235600304,0.0,1.5,0.600130890052356,0.25,B,0.572928383952006,21,0.7909025773784479,0.16164088897561085,-0.244686790562901,0.26297002923163776,0.10664105035523859,True,0.5149403730262134,251,106.68,49,54.93383899443645,2667,True,1528,13,,,True,proven_optimal
,,,,synthetic,-0.5113570256301534,-0.5,2854,1142,476,True,2944,0.01895880699157715,0.15,38,5,25,24,-0.5651756555196527,low,0.4319479883613698,0.2595485858968679,0.0730002047434474,0.09886824422267088,-0.5,0.00026274303730944304,0.00010509721492379942,0.00013137151865477703,1.4997372569626906,0.6001050972149238,0.2501313715186548,C,0.6463994565217391,21,0.42281693070548493,0.07858092472074915,-0.3126448973440481,0.13174119609926638,-0.5581842765304653,True,0.6535518298253037,400,117.76,38,76.96226348022776,2944,True,1903,19,,,True,proven_optimal
,,,,synthetic,-0.5113570256301534,-0.5,1706,682,284,True,2944,0.17703580856323242,0.7,38,5,25,24,-0.5651756555196527,high,0.4319479883613698,0.2595485858968679,0.0730002047434474,0.09886824422267088,-0.5,0.0004397537379068339,0.00017590149516266695,0.0002198768689533892,1.5004397537379068,0.5998240985048373,0.2497801231310466,C,0.38620923913043476,21,0.7909025773784479,0.16164088897561085,-0.244686790562901,0.26297002923163776,-0.5581842765304653,True,0.6535518298253037,400,117.76,38,76.96226348022776,2944,True,1137,13,,,True,proven_optimal
True,947,"[14, 8, 6, 0]","[306, 324, 947, 468]",synthetic,-0.2803831555819697,,5626,2251,938,True,4596,0.03780102729797363,0.15,47,5,25,25,-0.23589585656149747,low,0.4319479883613698,0.2595485858968679,0.0730002047434474,0.09886824422267088,0.0,0.00013329778725679198,0.00010663822980538917,6.664889362834048e-05,1.4998667022127432,0.6001066382298054,0.25006664889362834,D,0.8161444734551784,21,0.42281693070548493,0.07858092472074915,-0.3126448973440481,0.13174119609926638,-0.2646153846153846,True,0.5773658181292666,300,118.0,47,68.12916653925346,2950,True,3751,19,2105,True,True,proven_optimal
True,626,"[14, 8, 6, 0]","[306, 324, 626, 468]",synthetic,-0.2803831555819697,,4074,1630,679,True,4275,0.19394302368164062,0.7,47,5,25,25,-0.23589585656149747,high,0.4319479883613698,0.2595485858968679,0.0730002047434474,0.09886824422267088,0.0,0.0,0.00014727540500736325,0.0,1.5,0.6001472754050073,0.25,D,0.6353216374269006,21,0.7909025773784479,0.16164088897561085,-0.244686790562901,0.26297002923163776,-0.2646153846153846,True,0.5773658181292666,300,118.0,47,68.12916653925346,2950,True,2716,13,1391,True,True,proven_optimal
,,,,synthetic,0.022532373010652335,0.0,2475,990,412,True,1971,0.018881797790527344,0.15,22,5,25,25,0.13673784306525383,low,0.44492044971957545,0.28389281830191754,0.09869781922120535,0.10264408371858878,0.0,0.0,0.0,0.000303030303030305,1.5,0.6,0.2496969696969697,A,0.837138508371385,22,0.4971258228175422,0.09502047450314201,-0.3758401821460249,0.12945929010710236,-0.0007692307692307692,True,0.5186036708309322,165,78.84,22,40.88671340831069,1971,True,1650,20,,,True,proven_optimal
,,,,synthetic,0.022532373010652335,0.0,1293,517,216,True,1971,0.5497572422027588,0.7,22,5,25,25,0.13673784306525383,high,0.44492044971957545,0.28389281830191754,0.09869781922120535,0.10264408371858878,0.0,0.0,0.00023201856148491462,0.0005800464037122866,1.5,0.5997679814385151,0.2505800464037123,A,0.43734145104008115,22,0.827576752562038,0.1882191427864843,-0.21029661584620948,0.25249936006658813,-0.0007692307692307692,True,0.5186036708309322,165,78.84,22,40.88671340831069,1971,True,862,12,,,True,proven_optimal
,,,,synthetic,0.3634304217964397,0.5,2736,1094,456,True,2071,0.019527196884155273,0.15,32,5,25,25,0.4849727512818969,low,0.44492044971957545,0.28389281830191754,0.09869781922120535,0.10264408371858878,0.5,0.0,0.00021929824561406353,0.0,1.5,0.5997807017543859,0.25,B,0.8807339449541285,22,0.4971258228175422,0.09502047450314201,-0.3758401821460249,0.12945929010710236,0.43769230769230766,True,0.560345214240699,202,82.84,32,46.41899754769951,2071,True,1824,20,,,True,proven_optimal
,,,,synthetic,0.3634304217964397,0.5,1632,653,272,True,2071,0.4840121269226074,0.7,32,5,25,25,0.4849727512818969,high,0.44492044971957545,0.28389281830191754,0.09869781922120535,0.10264408371858878,0.5,0.0,0.00018382352941181956,0.0,1.5,0.6001838235294118,0.25,B,0.5253500724287784,22,0.827576752562038,0.1882191427864843,-0.21029661584620948,0.25249936006658813,0.43769230769230766,True,0.560345214240699,202,82.84,32,46.41899754769951,2071,True,1088,12,,,True,proven_optimal
,,,,synthetic,-0.3397322545935768,-0.5,2186,874,364,True,1897,0.018812894821166992,0.15,21,5,25,24,-0.3742464117876965,low,0.44492044971957545,0.28389281830191754,0.09869781922120535,0.10264408371858878,-0.5,0.00034317089910773646,0.0001372683596431168,0.00017158544955386823,1.5003431708991077,0.5998627316403569,0.24982841455044613,C,0.7680548234053769,22,0.4971258228175422,0.09502047450314201,-0.3758401821460249,0.12945929010710236,-0.4266205118347939,True,0.44605773598574766,143,75.88,21,33.84686100659853,1897,True,1457,20,,,True,proven_optimal
,,,,synthetic,-0.3397322545935768,-0.5,1012,405,169,True,1897,0.531569242477417,0.7,21,5,25,24,-0.3742464117876965,high,0.44492044971957545,0.28389281830191754,0.09869781922120535,0.10264408371858878,-0.5,0.0007407407407407085,0.0,0.00037037037037035425,1.4992592592592593,0.6,0.25037037037037035,C,0.35582498682129676,22,0.827576752562038,0.1882191427864843,-0.21029661584620948,0.25249936006658813,-0.4266205118347939,True,0.44605773598574766,143,75.88,21,33.84686100659853,1897,True,675,12,,,True,proven_optimal
True,742,"[7, 13, 21, 8]","[264, 630, 336, 742]",synthetic,0.022532373010652335,,4893,1957,816,True,3583,0.036360979080200195,0.15,22,5,25,25,0.13673784306525383,low,0.44492044971957545,0.28389281830191754,0.09869781922120535,0.10264408371858878,0.0,0.0,6.131207847948072e-05,0.0001532801961986463,1.5,0.5999386879215205,0.25015328019619865,D,0.910410270722858,22,0.4971258228175422,0.09502047450314201,-0.3758401821460249,0.12945929010710236,-0.0007692307692307692,True,0.5186036708309322,165,78.84,22,40.88671340831069,1971,True,3262,20,1650,True,True,proven_optimal
True,388,"[7, 13, 21, 8]","[264, 388, 336, 388]",synthetic,0.022532373010652335,,2817,1127,470,True,2987,0.9667081832885742,0.7,22,5,25,25,0.13673784306525383,high,0.44492044971957545,0.28389281830191754,0.09869781922120535,0.10264408371858878,0.0,0.0,0.00010649627263048522,0.00026624068157615755,1.5,0.6001064962726305,0.25026624068157616,D,0.6287244727150988,22,0.827576752562038,0.1882191427864843,-0.21029661584620948,0.25249936006658813,-0.0007692307692307692,True,0.5186036708309322,165,78.84,22,40.88671340831069,1971,True,1878,12,862,True,True,proven_optimal
,,,,synthetic,0.1486185176293056,0.0,2446,979,408,True,2169,0.019344091415405273,0.15,32,5,25,23,0.17930796298447485,low,0.4796544461888663,0.2781052575716289,0.0584295779689628,0.10512834265158069,0.0,0.0003065603923972926,0.0002452483139178119,0.0001532801961986463,1.4996934396076027,0.6002452483139178,0.25015328019619865,A,0.751959428307976,23,0.4812119054082334,0.10065752378943424,-0.2733637738300275,0.1307471496687872,0.09849943014601273,True,0.6375485405755184,220,86.76,32,55.31371138033197,2169,True,1631,19,,,True,proven_optimal
,,,,synthetic,0.1486185176293056,0.0,2158,863,360,True,2169,0.47158026695251465,0.7,32,5,25,23,0.17930796298447485,high,0.4796544461888663,0.2781052575716289,0.0584295779689628,0.10512834265158069,0.0,0.00034746351633074823,0.0002779708130645764,0.00017373175816537412,1.4996525364836693,0.5997220291869354,0.2501737317581654,A,0.6634393729829414,23,0.806890324437433,0.18406994093522486,-0.1368552328124899,0.24913138781087937,0.09849943014601273,True,0.6375485405755184,220,86.76,32,55.31371138033197,2169,True,1439,15,,,True,proven_optimal
,,,,synthetic,0.4732378343556233,0.5,2715,1086,452,True,2222,0.018848657608032227,0.15,17,5,25,23,0.46030542859276424,low,0.4796544461888663,0.2781052575716289,0.0584295779689628,0.10512834265158069,0.5,0.0,0.0,0.0002762430939226568,1.5,0.6,0.24972375690607734,B,0.8145814581458146,23,0.4812119054082334,0.10065752378943424,-0.2733637738300275,0.1307471496687872,0.432858823883845,True,0.6578086186221832,242,88.88,17,58.466030023139645,2222,True,1810,19,,,True,proven_optimal
,,,,synthetic,0.4732378343556233,0.5,2415,966,402,True,2222,0.504504919052124,0.7,17,5,25,23,0.46030542859276424,high,0.4796544461888663,0.2781052575716289,0.0584295779689628,0.10512834265158069,0.5,0.0,0.0,0.00031055900621118626,1.5,0.6,0.2496894409937888,B,0.7245724572457246,23,0.806890324437433,0.18406994093522486,-0.1368552328124899,0.24913138781087937,0.432858823883845,True,0.6578086186221832,242,88.88,17,58.466030023139645,2222,True,1610,15,,,True,proven_optimal
,,,,synthetic,-0.30788207969374626,-0.5,2086,835,348,True,2083,0.018712759017944336,0.15,28,5,25,22,-0.28744885147136356,low,0.4796544461888663,0.2781052575716289,0.0584295779689628,0.10512834265158069,-0.5,0.00035945363048162093,0.00028756290438536336,0.00017972681524081047,1.4996405463695184,0.6002875629043853,0.2501797268152408,C,0.6677868458953432,23,0.4812119054082334,0.10065752378943424,-0.2733637738300275,0.1307471496687872,-0.32980571205956644,True,0.511687812157736,179,83.32,28,42.63382850898255,2083,True,1391,19,,,True,proven_optimal
,,,,synthetic,-0.30788207969374626,-0.5,1773,709,296,True,2083,0.5193979740142822,0.7,28,5,25,22,-0.28744885147136356,high,0.4796544461888663,0.2781052575716289,0.0584295779689628,0.10512834265158069,-0.5,0.0,0.00016920473773263112,0.0004230118443316333,1.5,0.5998307952622673,0.25042301184433163,C,0.5674507921267403,23,0.806890324437433,0.18406994093522486,-0.1368552328124899,0.24913138781087937,-0.32980571205956644,True,0.511687812157736,179,83.32,28,42.63382850898255,2083,True,1182,15,,,True,proven_optimal
True,734,"[13, 23, 14, 15]","[558, 234, 734, 734]",synthetic,0.1486185176293056,,5025,2010,838,True,3888,0.03724503517150879,0.15,32,5,25,23,0.17930796298447485,low,0.4796544461888663,0.2781052575716289,0.0584295779689628,0.10512834265158069,0.0,0.0,0.0,0.00014925373134327957,1.5,0.6,0.2501492537313433,D,0.8616255144032922,23,0.4812119054082334,0.10065752378943424,-0.2733637738300275,0.1307471496687872,0.09849943014601273,True,0.6375485405755184,220,86.76,32,55.31371138033197,2169,True,3350,19,1631,True,True,proven_optimal
True,648,"[13, 23, 14, 15]","[558, 234, 648, 648]",synthetic,0.1486185176293056,,4479,1792,746,True,3716,0.8509707450866699,0.7,32,5,25,23,0.17930796298447485,high,0.4796544461888663,0.2781052575716289,0.0584295779689628,0.10512834265158069,0.0,0.0,0.0001339584728734522,0.00016744809109175973,1.5,0.6001339584728734,0.24983255190890824,D,0.8035522066738429,23,0.806890324437433,0.18406994093522486,-0.1368552328124899,0.24913138781087937,0.09849943014601273,True,0.6375485405755184,220,86.76,32,55.31371138033197,2169,True,2986,15,1439,True,True,proven_optimal
,,,,synthetic,0.1749961290537123,0.0,2336,934,389,True,2254,0.019299030303955078,0.15,38,5,25,23,0.11637696855998389,low,0.4904241618938797,0.23397022309919,0.08683843824204973,0.10159040675305998,0.0,0.00032113037893388707,0.00012845215157353262,0.00016056518946691578,1.5003211303789339,0.5998715478484264,0.24983943481053308,A,0.6907719609582964,24,0.40656101065566164,0.07478970665307944,-0.26133711298902595,0.12238497548516121,0.24355523157197678,True,0.47849303282749933,211,90.16,38,43.14093183972734,2254,True,1557,18,,,True,proven_optimal
,,,,synthetic,0.1749961290537123,0.0,1890,756,315,True,2254,0.21710586547851562,0.7,38,5,25,23,0.11637696855998389,high,0.4904241618938797,0.23397022309919,0.08683843824204973,0.10159040675305998,0.0,0.0,0.0,0.0,1.5,0.6,0.25,A,0.5590062111801242,24,0.797714206690771,0.15892713754083765,-0.2739986864857049,0.25461125430703924,0.24355523157197678,True,0.47849303282749933,211,90.16,38,43.14093183972734,2254,True,1260,14,,,True,proven_optimal
,,,,synthetic,0.5418263692899014,0.5,2418,967,403,True,2101,0.01901102066040039,0.15,25,5,25,24,0.6288337659607812,low,0.4904241618938797,0.23397022309919,0.08683843824204973,0.10159040675305998,0.5,0.0,0.0001240694789081953,0.0,1.5,0.5998759305210918,0.25,B,0.7672536887196573,24,0.40656101065566164,0.07478970665307944,-0.26133711298902595,0.12238497548516121,0.5620311702350171,True,0.5016646127351598,178,84.04,25,42.159894054262836,2101,True,1612,18,,,True,proven_optimal
,,,,synthetic,0.5418263692899014,0.5,2028,811,338,True,2101,0.10513782501220703,0.7,25,5,25,24,0.6288337659607812,high,0.4904241618938797,0.23397022309919,0.08683843824204973,0.10159040675305998,0.5,0.0,0.00014792899408277993,0.0,1.5,0.5998520710059172,0.25,B,0.6435030937648739,24,0.797714206690771,0.15892713754083765,-0.2739986864857049,0.25461125430703924,0.5620311702350171,True,0.5016646127351598,178,84.04,25,42.159894054262836,2101,True,1352,14,,,True,proven_optimal
,,,,synthetic,-0.40099497067446577,-0.5,2217,887,370,True,2386,0.019216060638427734,0.15,44,5,25,23,-0.3656326415559261,low,0.4904241618938797,0.23397022309919,0.08683843824204973,0.10159040675305998,-0.5,0.0,0.00013531799729371574,0.0003382949932341228,1.5,0.6001353179972937,0.2503382949932341,C,0.6194467728415759,24,0.40656101065566164,0.07478970665307944,-0.26133711298902595,0.12238497548516121,-0.25163526295114186,True,0.4714720894286362,235,95.44,44,44.99729621506904,2386,True,1478,18,,,True,proven_optimal
,,,,synthetic,-0.40099497067446577,-0.5,1718,687,286,True,2386,0.23299098014831543,0.7,44,5,25,23,-0.3656326415559261,high,0.4904241618938797,0.23397022309919,0.08683843824204973,0.10159040675305998,-0.5,0.0004366812227074579,0.0,0.0002183406113537012,1.5004366812227075,0.6,0.2497816593886463,C,0.4798826487845767,24,0.797714206690771,0.15892713754083765,-0.2739986864857049,0.25461125430703924,-0.25163526295114186,True,0.4714720894286362,235,95.44,44,44.99729621506904,2386,True,1145,14,,,True,proven_optimal
True,701,"[21, 12, 6, 20]","[696, 654, 318, 438]",synthetic,0.1749961290537123,,4968,1987,828,True,4009,0.03719615936279297,0.15,38,5,25,23,0.11637696855998389,low,0.4904241618938797,0.23397022309919,0.08683843824204973,0.10159040675305998,0.0,0.0,6.038647342987424e-05,0.0,1.5,0.5999396135265701,0.25,D,0.8261411823397355,24,0.40656101065566164,0.07478970665307944,-0.26133711298902595,0.12238497548516121,0.24355523157197678,True,0.47849303282749933,211,90.16,38,43.14093183972734,2254,True,3312,18,1557,True,True,proven_optimal
True,567,"[21, 12, 6, 20]","[567, 567, 318, 438]",synthetic,0.1749961290537123,,4198,1679,700,True,3793,0.32581400871276855,0.7,38,5,25,23,0.11637696855998389,high,0.4904241618938797,0.23397022309919,0.08683843824204973,0.10159040675305998,0.0,0.00017863522686667466,0.00014290818149331752,8.931761343339284e-05,1.4998213647731333,0.5998570918185067,0.2500893176134334,D,0.7379383074083838,24,0.797714206690771,0.15892713754083765,-0.2739986864857049,0.25461125430703924,0.24355523157197678,True,0.47849303282749933,211,90.16,38,43.14093183972734,2254,True,2799,14,1260,True,True,proven_optimal
,,,,synthetic,-0.2540518254413971,0.0,1893,757,316,True,2099,0.018710851669311523,0.15,31,5,25,23,-0.28655152444947735,low,0.49782118249756435,0.2274666567573859,0.07468313336640725,0.12285281105321265,0.0,0.0,0.00015847860538820147,0.0003961965134706702,1.5,0.5998415213946118,0.25039619651347067,A,0.6012386850881372,25,0.4014157863572639,0.06377518649699683,-0.29036419425775745,0.13197773828112627,-0.17045018576048296,True,0.6825111448242422,328,83.96,31,57.30363571944338,2099,True,1262,17,,,True,proven_optimal
,,,,synthetic,-0.2540518254413971,0.0,1264,506,211,True,2099,0.06958198547363281,0.7,31,5,25,23,-0.28655152444947735,high,0.49782118249756435,0.2274666567573859,0.07468313336640725,0.12285281105321265,0.0,0.0005931198102016033,0.00023724792408064133,0.00029655990510085717,1.4994068801897984,0.6002372479240806,0.25029655990510086,A,0.4016198189614102,25,0.7740342998420049,0.15007461222751842,-0.17648083403564582,0.26058955230233577,-0.17045018576048296,True,0.6825111448242422,328,83.96,31,57.30363571944338,2099,True,843,12,,,True,proven_optimal
,,,,synthetic,0.5506708820845766,0.5,1978,791,330,True,1814,0.01819014549255371,0.15,20,5,25,20,0.33081241042996645,low,0.49782118249756435,0.2274666567573859,0.07468313336640725,0.12285281105321265,0.5,0.00037907505686129994,0.00030326004548897334,0.00018953752843064997,1.4996209249431387,0.599696739954511,0.25018953752843065,B,0.727122381477398,25,0.4014157863572639,0.06377518649699683,-0.29036419425775745,0.13197773828112627,0.43135028597417585,True,0.4254335214639437,159,72.56,20,30.869456317423754,1814,True,1319,17,,,True,proven_optimal
,,,,synthetic,0.5506708820845766,0.5,1416,566,236,True,1814,0.05176591873168945,0.7,20,5,25,20,0.33081241042996645,high,0.49782118249756435,0.2274666567573859,0.07468313336640725,0.12285281105321265,0.5,0.0,0.0004237288135593431,0.0,1.5,0.5995762711864406,0.25,B,0.5203969128996693,25,0.7740342998420049,0.15007461222751842,-0.17648083403564582,0.26058955230233577,0.43135028597417585,True,0.4254335214639437,159,72.56,20,30.869456317423754,1814,True,944,12,,,True,proven_optimal
,,,,synthetic,-0.7209822512951044,-0.5,1880,752,313,True,2427,0.018656015396118164,0.15,37,5,25,24,-0.5332381862992128,low,0.49782118249756435,0.2274666567573859,0.07468313336640725,0.12285281105321265,-0.5,0.0003990422984836428,0.00015961691939347933,0.0001995211492418214,1.5003990422984836,0.6001596169193935,0.24980047885075818,C,0.5162752369180058,25,0.4014157863572639,0.06377518649699683,-0.29036419425775745,0.13197773828112627,-0.6978265180056953,True,0.755341500561275,400,97.08,37,73.32855287448858,2427,True,1253,17,,,True,proven_optimal
,,,,synthetic,-0.7209822512951044,-0.5,1198,479,200,True,2427,0.058908939361572266,0.7,37,5,25,24,-0.5332381862992128,high,0.49782118249756435,0.2274666567573859,0.07468313336640725,0.12285281105321265,-0.5,0.0006257822277846437,0.0005006257822277593,0.00031289111389237734,1.4993742177722154,0.5994993742177722,0.2503128911138924,C,0.3292130201895344,25,0.7740342998420049,0.15007461222751842,-0.17648083403564582,0.26058955230233577,-0.6978265180056953,True,0.755341500561275,400,97.08,37,73.32855287448858,2427,True,799,12,,,True,proven_optimal
True,568,"[7, 3, 22, 6]","[354, 354, 318, 552]",synthetic,-0.2540518254413971,,3866,1546,644,True,3414,0.03652691841125488,0.15,31,5,25,23,-0.28655152444947735,low,0.49782118249756435,0.2274666567573859,0.07468313336640725,0.12285281105321265,0.0,0.00019402405898327757,7.760962359326662e-05,9.701202949166654e-05,1.5001940240589833,0.5999223903764067,0.24990298797050833,D,0.7548330404217927,25,0.4014157863572639,0.06377518649699683,-0.29036419425775745,0.13197773828112627,-0.17045018576048296,True,0.6825111448242422,328,83.96,31,57.30363571944338,2099,True,2577,17,1262,True,True,proven_optimal
True,379,"[7, 3, 22, 6]","[354, 354, 318, 379]",synthetic,-0.2540518254413971,,2978,1191,496,True,3241,0.12041902542114258,0.7,31,5,25,23,-0.28655152444947735,high,0.49782118249756435,0.2274666567573859,0.07468313336640725,0.12285281105321265,0.0,0.00025188916876572875,0.0,0.00012594458438286438,1.5002518891687657,0.6,0.24987405541561714,D,0.6124652884912064,25,0.7740342998420049,0.15007461222751842,-0.17648083403564582,0.26058955230233577,-0.17045018576048296,True,0.6825111448242422,328,83.96,31,57.30363571944338,2099,True,1985,12,843,True,True,proven_optimal
,,,,synthetic,-0.13958965096645495,0.0,2576,1030,429,True,2300,0.019381046295166016,0.15,29,5,25,23,-0.175050571567539,low,0.44312132677247823,0.28705045473618324,0.10283851936183241,0.09990071815290617,0.0,0.00029120559114725886,0.00011648223645888134,0.00014560279557368494,1.5002912055911473,0.5998835177635411,0.24985439720442632,A,0.7465217391304347,26,0.4665683759981383,0.090931014143173,-0.31847594647582,0.13087377708455747,-0.011927665369243728,True,0.5582944197331995,274,92.0,29,51.36308661545436,2300,True,1717,20,,,True,proven_optimal
,,,,synthetic,-0.13958965096645495,0.0,1992,797,332,True,2300,0.08846020698547363,0.7,29,5,25,23,-0.175050571567539,high,0.44312132677247823,0.28705045473618324,0.10283851936183241,0.09990071815290617,0.0,0.0,0.0001506024096386005,0.0,1.5,0.6001506024096386,0.25,A,0.577391304347826,26,0.8192420109572832,0.17308654859557787,-0.16758804104606911,0.25841370424597765,-0.011927665369243728,True,0.5582944197331995,274,92.0,29,51.36308661545436,2300,True,1328,14,,,True,proven_optimal
,,,,synthetic,0.2858480733942961,0.5,2884,1154,481,True,2309,0.019093036651611328,0.15,41,5,25,24,0.3588696232234352,low,0.44312132677247823,0.28705045473618324,0.10283851936183241,0.09990071815290617,0.5,0.00026001040041601087,0.00010400416016642655,0.00013000520020800543,1.499739989599584,0.6001040041601664,0.250130005200208,B,0.8328280640970117,26,0.4665683759981383,0.090931014143173,-0.31847594647582,0.13087377708455747,0.33968071411192335,True,0.4477265628344038,158,92.36,41,41.352025343385534,2309,True,1923,20,,,True,proven_optimal
,,,,synthetic,0.2858480733942961,0.5,2288,915,381,True,2309,0.13590598106384277,0.7,41,5,25,24,0.3588696232234352,high,0.44312132677247823,0.28705045473618324,0.10283851936183241,0.09990071815290617,0.5,0.0003278688524590567,0.0,0.0001639344262295006,1.500327868852459,0.6,0.2498360655737705,B,0.6604590731918579,26,0.8192420109572832,0.17308654859557787,-0.16758804104606911,0.25841370424597765,0.33968071411192335,True,0.4477265628344038,158,92.36,41,41.352025343385534,2309,True,1525,14,,,True,proven_optimal
,,,,synthetic,-0.4588498836290882,-0.5,2224,890,371,True,2239,0.01880502700805664,0.15,25,5,25,23,-0.5028440056482966,low,0.44312132677247823,0.28705045473618324,0.10283851936183241,0.09990071815290617,-0.5,0.0003371544167227736,0.00013486176668919825,0.0001685772083614423,1.4996628455832772,0.6001348617666892,0.25016857720836144,C,0.6623492630638678,26,0.4665683759981383,0.090931014143173,-0.31847594647582,0.13087377708455747,-0.48172377555784346,True,0.6867667361451172,350,89.56,25,61.506828889156694,2239,True,1483,20,,,True,proven_optimal
,,,,synthetic,-0.4588498836290882,-0.5,1618,647,270,True,2239,0.11504507064819336,0.7,25,5,25,23,-0.5028440056482966,high,0.44312132677247823,0.28705045473618324,0.10283851936183241,0.09990071815290617,-0.5,0.0004633920296570615,0.0003707136237256492,0.00023169601482853075,1.499536607970343,0.5996292863762743,0.25023169601482853,C,0.4819115676641358,26,0.8192420109572832,0.17308654859557787,-0.16758804104606911,0.25841370424597765,-0.48172377555784346,True,0.6867667361451172,350,89.56,25,61.506828889156694,2239,True,1079,14,,,True,proven_optimal
True,773,"[3, 2, 15, 21]","[576, 738, 174, 342]",synthetic,-0.13958965096645495,,4863,1945,810,True,3825,0.03781604766845703,0.15,44,5,25,23,-0.175050571567539,low,0.44312132677247823,0.28705045473618324,0.10283851936183241,0.09990071815290617,0.0,0.0,6.169031462055496e-05,0.00015422578655149843,1.5,0.5999383096853794,0.2498457742134485,D,0.8475816993464053,26,0.4665683759981383,0.090931014143173,-0.31847594647582,0.13087377708455747,-0.011927665369243728,True,0.5582944197331995,274,92.0,29,51.36308661545436,2300,True,3242,20,1717,True,True,proven_optimal
True,598,"[3, 2, 15, 21]","[576, 598, 174, 342]",synthetic,-0.13958965096645495,,3642,1457,607,True,3685,0.17621612548828125,0.7,44,5,25,23,-0.175050571567539,high,0.44312132677247823,0.28705045473618324,0.10283851936183241,0.09990071815290617,0.0,0.0,8.237232289953766e-05,0.0,1.5,0.6000823723228995,0.25,D,0.658887381275441,26,0.8192420109572832,0.17308654859557787,-0.16758804104606911,0.25841370424597765,-0.011927665369243728,True,0.5582944197331995,274,92.0,29,51.36308661545436,2300,True,2428,14,1328,True,True,proven_optimal
,,,,synthetic,-0.1303802627079158,0.0,2568,1027,428,True,2378,0.42986011505126953,0.15,29,5,25,24,-0.26845305151647525,low,0.41239112174508746,0.2941338066404521,0.1412744867515502,0.08096326294125415,0.0,0.0,0.0001168224299065157,0.0,1.5,0.5998831775700935,0.25,A,0.719932716568545,27,0.5058651197404481,0.12346044937349762,-0.209052968127969,0.12389232551568928,-0.30929025384596426,True,0.5516700075627581,222,95.12,29,52.474851119369546,2378,True,1712,19,,,True,proven_optimal
,,,,synthetic,-0.1303802627079158,0.0,1628,651,271,True,2378,0.7725870609283447,0.7,29,5,25,24,-0.26845305151647525,high,0.41239112174508746,0.2941338066404521,0.1412744867515502,0.08096326294125415,0.0,0.0004608294930874557,0.0,0.00023041474654378336,1.5004608294930875,0.6,0.24976958525345622,A,0.45626576955424725,27,0.8251249907728935,0.2052798671612097,-0.13856293763104874,0.2447488418462897,-0.30929025384596426,True,0.5516700075627581,222,95.12,29,52.474851119369546,2378,True,1085,13,,,True,proven_optimal
,,,,synthetic,0.04424827462899968,0.5,2764,1106,461,True,2391,0.4358987808227539,0.15,29,5,25,24,0.07919821852467387,low,0.41239112174508746,0.2941338066404521,0.1412744867515502,0.08096326294125415,0.5,0.00027129679869775103,0.00010851871947914482,0.00013564839934887551,1.4997287032013022,0.6001085187194791,0.2501356483993489,B,0.7708071936428272,27,0.5058651197404481,0.12346044937349762,-0.209052968127969,0.12389232551568928,0.041931141379614546,True,0.4794799280255277,238,95.64,29,45.85746031636147,2391,True,1843,19,,,True,proven_optimal
,,,,synthetic,0.04424827462899968,0.5,1887,755,314,True,2391,0.7283360958099365,0.7,29,5,25,24,0.07919821852467387,high,0.41239112174508746,0.2941338066404521,0.1412744867515502,0.08096326294125415,0.5,0.0,0.00015898251192369983,0.0003974562798092218,1.5,0.6001589825119237,0.24960254372019078,B,0.5261396905060645,27,0.8251249907728935,0.2052798671612097,-0.13856293763104874,0.2447488418462897,0.041931141379614546,True,0.4794799280255277,238,95.64,29,45.85746031636147,2391,True,1258,13,,,True,proven_optimal
,,,,synthetic,-0.26864386089835013,-0.5,2254,902,376,True,2220,0.5764060020446777,0.15,25,5,25,24,-0.5388229194398932,low,0.41239112174508746,0.2941338066404521,0.1412744867515502,0.08096326294125415,-0.5,0.0003326679973385538,0.00013306719893546592,0.0001663339986693324,1.4996673320026614,0.6001330671989354,0.25016633399866933,C,0.677027027027027,27,0.5058651197404481,0.12346044937349762,-0.209052968127969,0.12389232551568928,-0.48509329614398117,True,0.5647310130168246,240,88.8,25,50.148113955894026,2220,True,1503,19,,,True,proven_optimal
,,,,synthetic,-0.26864386089835013,-0.5,1332,533,222,True,2220,0.5982768535614014,0.7,25,5,25,24,-0.5388229194398932,high,0.41239112174508746,0.2941338066404521,0.1412744867515502,0.08096326294125415,-0.5,0.0,0.00022522522522527844,0.0,1.5,0.6002252252252253,0.25,C,0.4,27,0.8251249907728935,0.2052798671612097,-0.13856293763104874,0.2447488418462897,-0.48509329614398117,True,0.5647310130168246,240,88.8,25,50.148113955894026,2220,True,888,13,,,True,proven_optimal
True,770,"[9, 7, 20, 21]","[576, 498, 174, 198]",synthetic,-0.1303802627079158,,4376,1750,729,True,3583,0.7878363132476807,0.15,31,5,25,24,-0.26845305151647525,low,0.41239112174508746,0.2941338066404521,0.1412744867515502,0.08096326294125415,0.0,0.00017140898183054532,6.856359273221813e-05,8.570449091532817e-05,1.5001714089818305,0.5999314364072678,0.24991429550908467,D,0.8141222439296679,27,0.5058651197404481,0.12346044937349762,-0.209052968127969,0.12389232551568928,-0.30929025384596426,True,0.5516700075627581,222,95.12,29,52.474851119369546,2378,True,2917,19,1712,True,True,proven_optimal
True,488,"[9, 7, 20, 21]","[488, 488, 174, 198]",synthetic,-0.1303802627079158,,3288,1315,548,True,3485,1.4069631099700928,0.7,31,5,25,24,-0.26845305151647525,high,0.41239112174508746,0.2941338066404521,0.1412744867515502,0.08096326294125415,0.0,0.0,9.12408759123906e-05,0.0,1.5,0.5999087591240876,0.25,D,0.6289813486370158,27,0.8251249907728935,0.2052798671612097,-0.13856293763104874,0.2447488418462897,-0.30929025384596426,True,0.5516700075627581,222,95.12,29,52.474851119369546,2378,True,2192,13,1085,True,True,proven_optimal
,,,,synthetic,0.0578441882580955,0.0,3284,1313,547,True,2518,0.01919388771057129,0.15,25,5,25,22,-0.10680139240635184,low,0.5009269619771497,0.28007331464725504,0.12318380178209386,0.11653037262256294,0.0,0.00022841480127921976,0.00018273184102324258,0.00011420740063955437,1.5002284148012792,0.5998172681589767,0.24988579259936045,A,0.869340746624305,28,0.4778296041946265,0.08728155697203706,-0.2482484064343719,0.1364882032069949,0.10198192963335485,True,0.5621863091223237,276,100.72,25,56.62340505480044,2518,True,2189,20,,,True,proven_optimal
,,,,synthetic,0.0578441882580955,0.0,2012,805,335,True,2518,0.28405213356018066,0.7,25,5,25,22,-0.10680139240635184,high,0.5009269619771497,0.28007331464725504,0.12318380178209386,0.11653037262256294,0.0,0.00037285607755399575,0.0002982848620433076,0.00018642803877702563,1.500372856077554,0.6002982848620433,0.24981357196122297,A,0.5325655281969818,28,0.8179975349675888,0.17168859777102335,-0.1685054197509795,0.2607294785852303,0.10198192963335485,True,0.5621863091223237,276,100.72,25,56.62340505480044,2518,True,1341,13,,,True,proven_optimal
,,,,synthetic,0.42464163931024984,0.5,3374,1349,562,True,2495,0.01901102066040039,0.15,29,5,25,23,0.39443061042813216,low,0.5009269619771497,0.28007331464725504,0.12318380178209386,0.11653037262256294,0.5,0.00022232103156949456,0.00017785682525561786,0.0001111605157848028,1.5002223210315695,0.5998221431747444,0.2498888394842152,B,0.9014028056112224,28,0.4778296041946265,0.08728155697203706,-0.2482484064343719,0.1364882032069949,0.5163524814685511,True,0.45714888655392355,200,99.8,29,45.62345887808157,2495,True,2249,20,,,True,proven_optimal
,,,,synthetic,0.42464163931024984,0.5,2276,910,379,True,2495,0.22779583930969238,0.7,29,5,25,23,0.39443061042813216,high,0.5009269619771497,0.28007331464725504,0.12318380178209386,0.11653037262256294,0.5,0.0003295978905735186,0.00013183915622938525,0.0001647989452867593,1.5003295978905735,0.5998681608437706,0.24983520105471324,B,0.6080160320641282,28,0.8179975349675888,0.17168859777102335,-0.1685054197509795,0.2607294785852303,0.5163524814685511,True,0.45714888655392355,200,99.8,29,45.62345887808157,2495,True,1517,13,,,True,proven_optimal
,,,,synthetic,-0.3408038699904429,-0.5,2949,1180,492,True,2411,0.018960952758789062,0.15,29,5,25,22,-0.4279917899976241,low,0.5009269619771497,0.28007331464725504,0.12318380178209386,0.11653037262256294,-0.5,0.0,0.00020345879959315916,0.0002543234994913379,1.5,0.6002034587995931,0.25025432349949134,C,0.8154292824554127,28,0.4778296041946265,0.08728155697203706,-0.2482484064343719,0.1364882032069949,-0.41446995552876675,True,0.5873539734616195,271,96.44,29,56.644417200638586,2411,True,1966,20,,,True,proven_optimal
,,,,synthetic,-0.3408038699904429,-0.5,1658,663,276,True,2411,0.4541740417480469,0.7,29,5,25,22,-0.4279917899976241,high,0.5009269619771497,0.28007331464725504,0.12318380178209386,0.11653037262256294,-0.5,0.0004524886877828038,0.0,0.0002262443438914019,1.5004524886877828,0.6,0.2497737556561086,C,0.4583160514309415,28,0.8179975349675888,0.17168859777102335,-0.1685054197509795,0.2607294785852303,-0.41446995552876675,True,0.5873539734616195,271,96.44,29,56.644417200638586,2411,True,1105,13,,,True,proven_optimal
True,985,"[4, 12, 22, 21]","[312, 672, 600, 396]",synthetic,0.0578441882580955,,5758,2303,960,True,4168,0.03631925582885742,0.15,25,5,25,22,-0.10680139240635184,low,0.5009269619771497,0.28007331464725504,0.12318380178209386,0.11653037262256294,0.0,0.00013024225058599903,0.00010419380046888804,6.512112529305503e-05,1.499869757749414,0.5998958061995311,0.25006512112529306,D,0.9210652591170825,28,0.4778296041946265,0.08728155697203706,-0.2482484064343719,0.1364882032069949,0.10198192963335485,True,0.5621863091223237,276,100.72,25,56.62340505480044,2518,True,3839,20,2189,True,True,proven_optimal
True,603,"[4, 12, 22, 21]","[312, 603, 600, 396]",synthetic,0.0578441882580955,,4383,1753,730,True,4099,0.6528661251068115,0.7,25,5,25,22,-0.10680139240635184,high,0.5009269619771497,0.28007331464725504,0.12318380178209386,0.11653037262256294,0.0,0.0,6.844626967827949e-05,0.00017111567419575424,1.5,0.5999315537303217,0.24982888432580425,D,0.712856794340083,28,0.8179975349675888,0.17168859777102335,-0.1685054197509795,0.2607294785852303,0.10198192963335485,True,0.5621863091223237,276,100.72,25,56.62340505480044,2518,True,2922,13,1341,True,True,proven_optimal
,,,,synthetic,-0.009538365971878402,0.0,2618,1047,436,True,1960,0.045899152755737305,0.15,36,5,25,22,-0.0018297476801815565,low,0.5356038615049173,0.2990939890083137,0.14268754052878183,0.102500632736935,0.0,0.0002865329512893311,0.0,0.0001432664756446933,1.5002865329512893,0.6,0.2498567335243553,A,0.8903061224489796,29,0.433532108926826,0.10894702226422377,-0.26772188925496365,0.13300790175260307,-0.07234944441913477,True,0.5171062675647444,174,78.4,36,40.54113137707596,1960,True,1745,21,,,True,proven_optimal
,,,,synthetic,-0.009538365971878402,0.0,1863,745,310,True,1960,1.2783470153808594,0.7,36,5,25,22,-0.0018297476801815565,high,0.5356038615049173,0.2990939890083137,0.14268754052878183,0.102500632736935,0.0,0.0,0.00016103059581318302,0.00040257648953301306,1.5,0.5998389694041868,0.249597423510467,A,0.6336734693877552,29,0.7980496153649329,0.18933675656774868,-0.21922710565623837,0.2545481119751687,-0.07234944441913477,True,0.5171062675647444,174,78.4,36,40.54113137707596,1960,True,1242,14,,,True,proven_optimal
,,,,synthetic,0.35877302091159063,0.5,2877,1151,480,True,2117,0.0606389045715332,0.15,35,5,25,22,0.4306982713653943,low,0.5356038615049173,0.2990939890083137,0.14268754052878183,0.102500632736935,0.5,0.0,0.00010427528675704956,0.0002606882168926239,1.5,0.600104275286757,0.2502606882168926,B,0.9059990552668871,29,0.433532108926826,0.10894702226422377,-0.26772188925496365,0.13300790175260307,0.34635372328309205,True,0.5113145240046847,201,84.68,35,43.2981138927167,2117,True,1918,21,,,True,proven_optimal
,,,,synthetic,0.35877302091159063,0.5,2160,864,360,True,2117,1.3577327728271484,0.7,35,5,25,22,0.4306982713653943,high,0.5356038615049173,0.2990939890083137,0.14268754052878183,0.102500632736935,0.5,0.0,0.0,0.0,1.5,0.6,0.25,B,0.680207841284837,29,0.7980496153649329,0.18933675656774868,-0.21922710565623837,0.2545481119751687,0.34635372328309205,True,0.5113145240046847,201,84.68,35,43.2981138927167,2117,True,1440,14,,,True,proven_optimal
,,,,synthetic,-0.3640675117147545,-0.5,2368,947,395,True,1840,0.06244492530822754,0.15,32,5,25,22,-0.4288061270468968,low,0.5356038615049173,0.2990939890083137,0.14268754052878183,0.102500632736935,-0.5,0.0003166561114629207,0.00025332488917029217,0.00015832805573146036,1.499683343888537,0.5997466751108297,0.25015832805573146,C,0.8581521739130434,29,0.433532108926826,0.10894702226422377,-0.26772188925496365,0.13300790175260307,-0.5453146954357126,True,0.48621248699133723,147,73.6,32,35.78523904256242,1840,True,1579,21,,,True,proven_optimal
,,,,synthetic,-0.3640675117147545,-0.5,1557,623,260,True,1840,1.2324657440185547,0.7,32,5,25,22,-0.4288061270468968,high,0.5356038615049173,0.2990939890083137,0.14268754052878183,0.102500632736935,-0.5,0.0,0.00019267822736035445,0.0004816955684007751,1.5,0.6001926782273603,0.2504816955684008,C,0.5641304347826087,29,0.7980496153649329,0.18933675656774868,-0.21922710565623837,0.2545481119751687,-0.5453146954357126,True,0.48621248699133723,147,73.6,32,35.78523904256242,1840,True,1038,14,,,True,proven_optimal
True,785,"[18, 17, 4, 24]","[378, 785, 348, 282]",synthetic,-0.009538365971878402,,4839,1936,806,True,3441,0.08928799629211426,0.15,36,5,25,22,-0.0018297476801815565,low,0.5356038615049173,0.2990939890083137,0.14268754052878183,0.102500632736935,0.0,0.0,0.0001239925604463732,0.0001549907005579665,1.5,0.6001239925604464,0.24984500929944203,D,0.9375181633246149,29,0.433532108926826,0.10894702226422377,-0.26772188925496365,0.13300790175260307,-0.07234944441913477,True,0.5171062675647444,174,78.4,36,40.54113137707596,1960,True,3226,21,1745,True,True,proven_optimal
True,559,"[18, 17, 4, 24]","[378, 559, 348, 282]",synthetic,-0.009538365971878402,,3746,1498,624,True,3215,2.5766639709472656,0.7,36,5,25,22,-0.0018297476801815565,high,0.5356038615049173,0.2990939890083137,0.14268754052878183,0.102500632736935,0.0,0.00020024028834608742,8.009611533843497e-05,0.00010012014417301596,1.500200240288346,0.5999199038846615,0.24989987985582698,D,0.7766718506998445,29,0.7980496153649329,0.18933675656774868,-0.21922710565623837,0.2545481119751687,-0.07234944441913477,True,0.5171062675647444,174,78.4,36,40.54113137707596,1960,True,2497,14,1242,True,True,proven_optimal
,,,,synthetic,0.2892028559897615,0.0,2434,974,406,True,2108,0.01992487907409668,0.15,30,5,25,24,0.390070786632879,low,0.5786063558549722,0.3101922609038265,0.11964511812306514,0.11851013006978105,0.0,0.00030807147258160583,0.00012322858903268674,0.00015403573629080292,1.4996919285274184,0.6001232285890327,0.2501540357362908,A,0.7699240986717267,30,0.4929124175599547,0.12304620649261232,-0.26151178854851825,0.12700873562561518,0.3631467657096893,True,0.5194546794029199,220,84.32,30,43.800418567254205,2108,True,1623,18,,,True,proven_optimal
,,,,synthetic,0.2892028559897615,0.0,2157,863,360,True,2108,0.15128612518310547,0.7,30,5,25,24,0.390070786632879,high,0.5786063558549722,0.3101922609038265,0.11964511812306514,0.11851013006978105,0.0,0.0,0.00013908205841450805,0.0003477051460361591,1.5,0.6001390820584145,0.25034770514603616,A,0.6821631878557874,30,0.8140789552379426,0.20318262850425298,-0.16615691352143377,0.24186808302326762,0.3631467657096893,True,0.5194546794029199,220,84.32,30,43.800418567254205,2108,True,1438,15,,,True,proven_optimal
,,,,synthetic,0.490577323478987,0.5,3130,1252,522,True,2476,0.020262718200683594,0.15,32,5,25,23,0.723461100292025,low,0.5786063558549722,0.3101922609038265,0.11964511812306514,0.11851013006978105,0.5,0.00023957834211785212,9.583133684709644e-05,0.00011978917105892606,1.4997604216578821,0.5999041686631529,0.2501197891710589,B,0.842891760904685,30,0.4929124175599547,0.12304620649261232,-0.26151178854851825,0.12700873562561518,0.6941131718101834,True,0.6837485994931423,293,99.04,32,67.71846129380081,2476,True,2087,18,,,True,proven_optimal
,,,,synthetic,0.490577323478987,0.5,2844,1138,474,True,2476,0.32088494300842285,0.7,32,5,25,23,0.723461100292025,high,0.5786063558549722,0.3101922609038265,0.11964511812306514,0.11851013006978105,0.5,0.0,0.00021097046413509624,0.0,1.5,0.6002109704641351,0.25,B,0.7657512116316639,30,0.8140789552379426,0.20318262850425298,-0.16615691352143377,0.24186808302326762,0.6941131718101834,True,0.6837485994931423,293,99.04,32,67.71846129380081,2476,True,1896,15,,,True,proven_optimal
,,,,synthetic,-0.29306692949417146,-0.5,1864,746,311,True,1853,0.01958179473876953,0.15,37,5,25,22,-0.26699139054526194,low,0.5786063558549722,0.3101922609038265,0.11964511812306514,0.11851013006978105,-0.5,0.0004022526146418848,0.00016090104585686493,0.0002011263073209979,1.4995977473853581,0.6001609010458568,0.250201126307321,C,0.6708041014570966,30,0.4929124175599547,0.12304620649261232,-0.26151178854851825,0.12700873562561518,-0.20673734310744812,True,0.43865661194278993,162,74.12,37,32.51322807719959,1853,True,1243,18,,,True,proven_optimal
,,,,synthetic,-0.29306692949417146,-0.5,1584,634,264,True,1853,0.34572815895080566,0.7,37,5,25,22,-0.26699139054526194,high,0.5786063558549722,0.3101922609038265,0.11964511812306514,0.11851013006978105,-0.5,0.0,0.00037878787878786735,0.0,1.5,0.6003787878787878,0.25,C,0.5698866702644361,30,0.8140789552379426,0.20318262850425298,-0.16615691352143377,0.24186808302326762,-0.20673734310744812,True,0.43865661194278993,162,74.12,37,32.51322807719959,1853,True,1056,15,,,True,proven_optimal
True,730,"[6, 23, 0, 5]","[730, 730, 720, 330]",synthetic,0.2892028559897615,,5410,2164,902,True,4092,0.03898310661315918,0.15,30,5,25,24,0.390070786632879,low,0.5786063558549722,0.3101922609038265,0.11964511812306514,0.11851013006978105,0.0,0.00013861935126135982,5.544774050458834e-05,6.930967563073542e-05,1.4998613806487386,0.5999445522594954,0.25006930967563074,D,0.8814760508308895,30,0.4929124175599547,0.12304620649261232,-0.26151178854851825,0.12700873562561518,0.3631467657096893,True,0.5194546794029199,220,84.32,30,43.800418567254205,2108,True,3607,18,1623,True,True,proven_optimal
True,647,"[6, 23, 0, 5]","[647, 647, 647, 330]",synthetic,0.2892028559897615,,4774,1910,796,True,3853,0.30884790420532227,0.7,30,5,25,24,0.390070786632879,high,0.5786063558549722,0.3101922609038265,0.11964511812306514,0.11851013006978105,0.0,0.00015708451146712044,6.283380458693699e-05,7.854225573356022e-05,1.4998429154885329,0.6000628338045869,0.25007854225573356,D,0.8261095250454191,30,0.8140789552379426,0.20318262850425298,-0.16615691352143377,0.24186808302326762,0.3631467657096893,True,0.5194546794029199,220,84.32,30,43.800418567254205,2108,True,3183,15,1438,True,True,proven_optimal
,,,,synthetic,-0.18215929079439183,0.0,2067,827,344,True,1910,0.16121292114257812,0.15,28,5,25,23,-0.11250600737491345,low,0.5311511170048271,0.2728972757371759,0.0857569996593052,0.10947248873369546,0.0,0.0,0.00014513788098691194,0.00036284470246733536,1.5,0.6001451378809869,0.24963715529753266,A,0.7214659685863875,31,0.508981468064337,0.10618526495260845,-0.25148967083598994,0.1308430114354338,-0.15736823019421564,True,0.3933240628616942,139,76.4,28,30.04995840263344,1910,True,1378,19,,,True,proven_optimal
,,,,synthetic,-0.18215929079439183,0.0,1210,484,202,True,1910,0.3421339988708496,0.7,28,5,25,23,-0.11250600737491345,high,0.5311511170048271,0.2728972757371759,0.0857569996593052,0.10947248873369546,0.0,0.0006195786864930941,0.00024783147459728205,0.00030978934324660257,1.499380421313507,0.5997521685254027,0.2503097893432466,A,0.4225130890052356,31,0.8205080265455356,0.19022978598052784,-0.1405780548631665,0.25401750289320546,-0.15736823019421564,True,0.3933240628616942,139,76.4,28,30.04995840263344,1910,True,807,12,,,True,proven_optimal
,,,,synthetic,0.41776560970096244,0.5,2319,928,386,True,1951,0.07179427146911621,0.15,30,5,25,23,0.5269659980032302,low,0.5311511170048271,0.2728972757371759,0.0857569996593052,0.10947248873369546,0.5,0.0,0.0002587322121604396,0.0003234152652005218,1.5,0.6002587322121604,0.24967658473479948,B,0.7924141465914916,31,0.508981468064337,0.10618526495260845,-0.25148967083598994,0.1308430114354338,0.45709891802134034,True,0.4182477856162529,149,78.04,30,32.64005718949238,1951,True,1546,19,,,True,proven_optimal
,,,,synthetic,0.41776560970096244,0.5,1532,613,255,True,1951,0.41525888442993164,0.7,30,5,25,23,0.5269659980032302,high,0.5311511170048271,0.2728972757371759,0.0857569996593052,0.10947248873369546,0.5,0.0004897159647403448,0.0003917727717923647,0.00024485798237022793,1.5004897159647403,0.6003917727717923,0.24975514201762977,B,0.5233213736545361,31,0.8205080265455356,0.19022978598052784,-0.1405780548631665,0.25401750289320546,0.45709891802134034,True,0.4182477856162529,149,78.04,30,32.64005718949238,1951,True,1021,12,,,True,proven_optimal
,,,,synthetic,-0.5799047083790966,-0.5,1902,761,317,True,1954,0.16221904754638672,0.15,26,5,25,23,-0.6294620873411623,low,0.5311511170048271,0.2728972757371759,0.0857569996593052,0.10947248873369546,-0.5,0.0,0.0001577287066246713,0.0,1.5,0.6001577287066246,0.25,C,0.6489252814738997,31,0.508981468064337,0.10618526495260845,-0.25148967083598994,0.1308430114354338,-0.5948442148661549,True,0.45542143609808267,163,78.16,26,35.59573944542614,1954,True,1268,19,,,True,proven_optimal
,,,,synthetic,-0.5799047083790966,-0.5,990,396,165,True,1954,0.3905651569366455,0.7,26,5,25,23,-0.6294620873411623,high,0.5311511170048271,0.2728972757371759,0.0857569996593052,0.10947248873369546,-0.5,0.0,0.0,0.0,1.5,0.6,0.25,C,0.33776867963152507,31,0.8205080265455356,0.19022978598052784,-0.1405780548631665,0.25401750289320546,-0.5948442148661549,True,0.45542143609808267,163,78.16,26,35.59573944542614,1954,True,660,12,,,True,proven_optimal
True,620,"[20, 5, 22, 10]","[384, 360, 480, 620]",synthetic,-0.18215929079439183,,4347,1739,724,True,3430,0.25907278060913086,0.15,28,5,25,23,-0.11250600737491345,low,0.5311511170048271,0.2728972757371759,0.0857569996593052,0.10947248873369546,0.0,0.0,6.901311249141173e-05,0.00017253278122844606,1.5,0.6000690131124914,0.24982746721877155,D,0.8448979591836735,31,0.508981468064337,0.10618526495260845,-0.25148967083598994,0.1308430114354338,-0.15736823019421564,True,0.3933240628616942,139,76.4,28,30.04995840263344,1910,True,2898,19,1378,True,True,proven_optimal
True,363,"[20, 5, 22, 10]","[363, 360, 363, 363]",synthetic,-0.18215929079439183,,2898,1159,483,True,3035,0.8714392185211182,0.7,28,5,25,23,-0.11250600737491345,high,0.5311511170048271,0.2728972757371759,0.0857569996593052,0.10947248873369546,0.0,0.0,0.00010351966873700658,0.0,1.5,0.599896480331263,0.25,D,0.6365733113673806,31,0.8205080265455356,0.19022978598052784,-0.1405780548631665,0.25401750289320546,-0.15736823019421564,True,0.3933240628616942,139,76.4,28,30.04995840263344,1910,True,1932,12,807,True,True,proven_optimal
,,,,synthetic,-0.04654177010593261,0.0,2954,1181,492,True,2222,0.019215106964111328,0.15,40,5,25,24,0.008016668686636502,low,0.53359234472787,0.288201037470959,0.08402983017529389,0.1146983773245548,0.0,0.0002539360081259545,0.0002031488065007414,0.00012696800406297726,1.500253936008126,0.5997968511934992,0.24987303199593702,A,0.8861386138613861,32,0.38255104464324596,0.08769093976863852,-0.21548186136695865,0.1247641637633385,-0.06001154179100798,True,0.45381847010258325,201,88.88,40,40.335385622717595,2222,True,1969,21,,,True,proven_optimal
,,,,synthetic,-0.04654177010593261,0.0,2022,809,337,True,2222,0.39106202125549316,0.7,40,5,25,24,0.008016668686636502,high,0.53359234472787,0.288201037470959,0.08402983017529389,0.1146983773245548,0.0,0.0,0.00014836795252226587,0.0,1.5,0.6001483679525222,0.25,A,0.6066606660666066,32,0.776300652454231,0.17291603483653786,-0.11029886436012842,0.2516371433637338,-0.06001154179100798,True,0.45381847010258325,201,88.88,40,40.335385622717595,2222,True,1348,15,,,True,proven_optimal
,,,,synthetic,0.5241902659137687,0.5,3228,1291,538,True,2340,0.020633220672607422,0.15,38,5,25,23,0.5186077621927818,low,0.53359234472787,0.288201037470959,0.08402983017529389,0.1146983773245548,0.5,0.0,9.293680297395301e-05,0.0,1.5,0.599907063197026,0.25,B,0.9196581196581196,32,0.38255104464324596,0.08769093976863852,-0.21548186136695865,0.1247641637633385,0.4457276147541932,True,0.549660192391279,291,93.6,38,51.4481940078237,2340,True,2152,21,,,True,proven_optimal
,,,,synthetic,0.5241902659137687,0.5,2386,955,398,True,2340,0.2572488784790039,0.7,38,5,25,23,0.5186077621927818,high,0.53359234472787,0.288201037470959,0.08402983017529389,0.1146983773245548,0.5,0.0003142677561283058,0.00025141420490260025,0.0001571338780640974,1.4996857322438717,0.6002514142049026,0.2501571338780641,B,0.6799145299145299,32,0.776300652454231,0.17291603483653786,-0.11029886436012842,0.2516371433637338,0.4457276147541932,True,0.549660192391279,291,93.6,38,51.4481940078237,2340,True,1591,15,,,True,proven_optimal
,,,,synthetic,-0.5608473939005801,-0.5,2655,1062,442,True,2131,0.01904582977294922,0.15,27,5,25,22,-0.5609653769603055,low,0.53359234472787,0.288201037470959,0.08402983017529389,0.1146983773245548,-0.5,0.0,0.0,0.000282485875706201,1.5,0.6,0.2497175141242938,C,0.8305959643359925,32,0.38255104464324596,0.08769093976863852,-0.21548186136695865,0.1247641637633385,-0.5871032555658442,True,0.4563555012874453,203,85.24,27,38.899742929741834,2131,True,1770,21,,,True,proven_optimal
,,,,synthetic,-0.5608473939005801,-0.5,1704,682,284,True,2131,0.4490938186645508,0.7,27,5,25,22,-0.5609653769603055,high,0.53359234472787,0.288201037470959,0.08402983017529389,0.1146983773245548,-0.5,0.0,0.00035211267605639307,0.0,1.5,0.6003521126760564,0.25,C,0.5330830595964337,32,0.776300652454231,0.17291603483653786,-0.11029886436012842,0.2516371433637338,-0.5871032555658442,True,0.4563555012874453,203,85.24,27,38.899742929741834,2131,True,1136,15,,,True,proven_optimal
True,886,"[19, 16, 5, 20]","[886, 264, 324, 246]",synthetic,-0.04654177010593261,,5064,2026,844,True,3629,0.03670382499694824,0.15,40,5,25,24,0.008016668686636502,low,0.53359234472787,0.288201037470959,0.08402983017529389,0.1146983773245548,0.0,0.0,0.0001184834123223455,0.0,1.5,0.6001184834123223,0.25,D,0.9302838247451088,32,0.38255104464324596,0.08769093976863852,-0.21548186136695865,0.1247641637633385,-0.06001154179100798,True,0.45381847010258325,201,88.88,40,40.335385622717595,2222,True,3376,21,1969,True,True,proven_optimal
True,607,"[19, 16, 5, 20]","[607, 264, 324, 246]",synthetic,-0.04654177010593261,,3714,1486,619,True,3350,0.6449470520019531,0.7,40,5,25,24,0.008016668686636502,high,0.53359234472787,0.288201037470959,0.08402983017529389,0.1146983773245548,0.0,0.0,0.0001615508885298711,0.0,1.5,0.6001615508885298,0.25,D,0.7391044776119403,32,0.776300652454231,0.17291603483653786,-0.11029886436012842,0.2516371433637338,-0.06001154179100798,True,0.45381847010258325,201,88.88,40,40.335385622717595,2222,True,2476,15,1348,True,True,proven_optimal
,,,,synthetic,-0.017192151251676994,0.0,1930,772,322,True,1781,0.019913911819458008,0.15,30,5,25,24,0.029568407503490657,low,0.4720595216445371,0.2939973814457239,0.06093305656546009,0.11434691274282592,0.0,0.00038850038850046786,0.00015540015540016494,0.00019425019425017842,1.4996114996114995,0.5998445998445998,0.2501942501942502,A,0.7226277372262774,33,0.44072246300926704,0.11952104778769103,-0.23042686270191662,0.12572892315033435,0.07539911660921515,True,0.4401999850982872,144,71.24,30,31.35984693840198,1781,True,1287,19,,,True,proven_optimal
,,,,synthetic,-0.017192151251676994,0.0,1554,622,259,True,1781,0.36395692825317383,0.7,30,5,25,24,0.029568407503490657,high,0.4720595216445371,0.2939973814457239,0.06093305656546009,0.11434691274282592,0.0,0.0,0.00038610038610042974,0.0,1.5,0.6003861003861004,0.25,A,0.5816956765861875,33,0.7743153588869296,0.20982970541177526,-0.14686091958031855,0.24091503150248697,0.07539911660921515,True,0.4401999850982872,144,71.24,30,31.35984693840198,1781,True,1036,14,,,True,proven_optimal
,,,,synthetic,0.5766405542841062,0.5,2348,939,391,True,1930,0.01963210105895996,0.15,29,5,25,24,0.5814066629858167,low,0.4720595216445371,0.2939973814457239,0.06093305656546009,0.11434691274282592,0.5,0.00031948881789145567,0.0,0.00015974440894570008,1.5003194888178915,0.6,0.2498402555910543,B,0.810880829015544,33,0.44072246300926704,0.11952104778769103,-0.23042686270191662,0.12572892315033435,0.5820350174986864,True,0.4707083500157156,172,77.2,29,36.33868462121325,1930,True,1565,19,,,True,proven_optimal
,,,,synthetic,0.5766405542841062,0.5,1974,790,329,True,1930,0.24761295318603516,0.7,29,5,25,24,0.5814066629858167,high,0.4720595216445371,0.2939973814457239,0.06093305656546009,0.11434691274282592,0.5,0.0,0.0003039513677811634,0.0,1.5,0.6003039513677811,0.25,B,0.6818652849740933,33,0.7743153588869296,0.20982970541177526,-0.14686091958031855,0.24091503150248697,0.5820350174986864,True,0.4707083500157156,172,77.2,29,36.33868462121325,1930,True,1316,14,,,True,proven_optimal
,,,,synthetic,-0.6170817530700952,-0.5,1662,665,277,True,1772,0.019399166107177734,0.15,33,5,25,23,-0.5538138202692641,low,0.4720595216445371,0.2939973814457239,0.06093305656546009,0.11434691274282592,-0.5,0.0,0.00018050541516245744,0.0,1.5,0.6001805054151624,0.25,C,0.6252821670428894,33,0.44072246300926704,0.11952104778769103,-0.23042686270191662,0.12572892315033435,-0.4482493598441595,True,0.5221253149716452,171,70.88,33,37.0082423251902,1772,True,1108,19,,,True,proven_optimal
,,,,synthetic,-0.6170817530700952,-0.5,1236,494,206,True,1772,0.24641799926757812,0.7,33,5,25,23,-0.5538138202692641,high,0.4720595216445371,0.2939973814457239,0.06093305656546009,0.11434691274282592,-0.5,0.0,0.0004854368932039055,0.0,1.5,0.5995145631067961,0.25,C,0.4650112866817156,33,0.7743153588869296,0.20982970541177526,-0.14686091958031855,0.24091503150248697,-0.4482493598441595,True,0.5221253149716452,171,70.88,33,37.0082423251902,1772,True,824,14,,,True,proven_optimal
True,579,"[21, 18, 0, 11]","[378, 579, 486, 270]",synthetic,-0.017192151251676994,,4024,1610,671,True,3177,0.03803300857543945,0.15,30,5,25,24,0.029568407503490657,low,0.4720595216445371,0.2939973814457239,0.06093305656546009,0.11434691274282592,0.0,0.000186358553857513,7.454342154311622e-05,9.3179276928812e-05,1.4998136414461425,0.6000745434215431,0.2500931792769288,D,0.844507396915329,33,0.44072246300926704,0.11952104778769103,-0.23042686270191662,0.12572892315033435,0.07539911660921515,True,0.4401999850982872,144,71.24,30,31.35984693840198,1781,True,2683,19,1287,True,True,proven_optimal
True,466,"[21, 18, 0, 11]","[378, 466, 466, 270]",synthetic,-0.017192151251676994,,3448,1379,575,True,3044,0.5260069370269775,0.7,30,5,25,24,0.029568407503490657,high,0.4720595216445371,0.2939973814457239,0.06093305656546009,0.11434691274282592,0.0,0.0002174858634189647,0.00017398869073503853,0.00010874293170942684,1.499782514136581,0.5998260113092649,0.2501087429317094,D,0.7552562417871223,33,0.7743153588869296,0.20982970541177526,-0.14686091958031855,0.24091503150248697,0.07539911660921515,True,0.4401999850982872,144,71.24,30,31.35984693840198,1781,True,2299,14,1036,True,True,proven_optimal
,,,,synthetic,-0.22225423498003746,0.0,2086,835,348,True,2149,0.0401608943939209,0.15,24,5,25,21,-0.24411000908575667,low,0.5212608875349832,0.26554033700762064,0.08436813933201207,0.11500861613683004,0.0,0.00035945363048162093,0.00028756290438536336,0.00017972681524081047,1.4996405463695184,0.6002875629043853,0.2501797268152408,A,0.6472778036295952,34,0.46384024153157144,0.09637748020405372,-0.3043406350988494,0.1259878935723621,-0.10892997838984168,True,0.5084669353176832,213,85.96,24,43.707817759908046,2149,True,1391,18,,,True,proven_optimal
,,,,synthetic,-0.22225423498003746,0.0,1658,663,276,True,2149,0.09392714500427246,0.7,24,5,25,21,-0.24411000908575667,high,0.5212608875349832,0.26554033700762064,0.08436813933201207,0.11500861613683004,0.0,0.0004524886877828038,0.0,0.0002262443438914019,1.5004524886877828,0.6,0.2497737556561086,A,0.5141926477431363,34,0.8121573225668297,0.1886886522017834,-0.2065374336074736,0.24791816417548157,-0.10892997838984168,True,0.5084669353176832,213,85.96,24,43.707817759908046,2149,True,1105,13,,,True,proven_optimal
,,,,synthetic,0.36560251255042364,0.5,2373,949,396,True,2090,0.0383298397064209,0.15,27,5,25,25,0.47506323706772013,low,0.5212608875349832,0.26554033700762064,0.08436813933201207,0.11500861613683004,0.5,0.0,0.00012642225031600507,0.0003160556257901237,1.5,0.599873577749684,0.2503160556257901,B,0.7569377990430622,34,0.46384024153157144,0.09637748020405372,-0.3043406350988494,0.1259878935723621,0.3723076923076923,True,0.4545454545454546,173,83.6,27,38.0,2090,True,1582,18,,,True,proven_optimal
,,,,synthetic,0.36560251255042364,0.5,1923,769,320,True,2090,0.2178659439086914,0.7,27,5,25,25,0.47506323706772013,high,0.5212608875349832,0.26554033700762064,0.08436813933201207,0.11500861613683004,0.5,0.0,0.00015600624024958432,0.0003900156006240163,1.5,0.5998439937597504,0.24960998439937598,B,0.6133971291866028,34,0.8121573225668297,0.1886886522017834,-0.2065374336074736,0.24791816417548157,0.3723076923076923,True,0.4545454545454546,173,83.6,27,38.0,2090,True,1282,13,,,True,proven_optimal
,,,,synthetic,-0.5857117782366718,-0.5,1852,741,309,True,2258,0.03524613380432129,0.15,29,5,25,23,-0.6033833110691382,low,0.5212608875349832,0.26554033700762064,0.08436813933201207,0.11500861613683004,-0.5,0.00040485829959524544,0.0,0.0002024291497975672,1.4995951417004048,0.6,0.25020242914979757,C,0.5469441984056688,34,0.46384024153157144,0.09637748020405372,-0.3043406350988494,0.1259878935723621,-0.564063142945526,True,0.653645038733514,288,90.32,29,59.03721989841098,2258,True,1235,18,,,True,proven_optimal
,,,,synthetic,-0.5857117782366718,-0.5,1416,566,236,True,2258,0.16819405555725098,0.7,29,5,25,23,-0.6033833110691382,high,0.5212608875349832,0.26554033700762064,0.08436813933201207,0.11500861613683004,-0.5,0.0,0.0004237288135593431,0.0,1.5,0.5995762711864406,0.25,C,0.41806908768821965,34,0.8121573225668297,0.1886886522017834,-0.2065374336074736,0.24791816417548157,-0.564063142945526,True,0.653645038733514,288,90.32,29,59.03721989841098,2258,True,944,13,,,True,proven_optimal
True,626,"[1, 6, 13, 8]","[528, 626, 228, 504]",synthetic,-0.22225423498003746,,4440,1776,740,True,3718,0.07567811012268066,0.15,24,5,25,21,-0.24411000908575667,low,0.5212608875349832,0.26554033700762064,0.08436813933201207,0.11500861613683004,0.0,0.0,0.0,0.0,1.5,0.6,0.25,D,0.7961269499731038,34,0.46384024153157144,0.09637748020405372,-0.3043406350988494,0.1259878935723621,-0.10892997838984168,True,0.5084669353176832,213,85.96,24,43.707817759908046,2149,True,2960,18,1391,True,True,proven_optimal
True,497,"[1, 6, 13, 8]","[497, 497, 228, 497]",synthetic,-0.22225423498003746,,3760,1504,627,True,3551,0.2285008430480957,0.7,24,5,25,21,-0.24411000908575667,high,0.5212608875349832,0.26554033700762064,0.08436813933201207,0.11500861613683004,0.0,0.00019944156362194931,7.97766254486687e-05,9.972078181091915e-05,1.499800558436378,0.5999202233745513,0.2500997207818109,D,0.7059983103351168,34,0.8121573225668297,0.1886886522017834,-0.2065374336074736,0.24791816417548157,-0.10892997838984168,True,0.5084669353176832,213,85.96,24,43.707817759908046,2149,True,2507,13,1105,True,True,proven_optimal
,,,,synthetic,0.1639891486566165,0.0,2349,940,392,True,2080,0.018776655197143555,0.15,27,5,25,25,0.3466219969390017,low,0.45417428116325653,0.25191145866449083,0.06576523085880392,0.1013060060795758,0.0,0.0,0.00025542784163479215,0.0003192848020434069,1.5,0.6002554278416348,0.2503192848020434,A,0.7528846153846154,35,0.3877749329941993,0.08112323473013568,-0.2706944007987108,0.12575938204553025,0.29000000000000004,True,0.43652868808244916,188,83.2,27,36.31918684845977,2080,True,1566,19,,,True,proven_optimal
,,,,synthetic,0.1639891486566165,0.0,1952,781,325,True,2080,0.1485118865966797,0.7,27,5,25,25,0.3466219969390017,high,0.45417428116325653,0.25191145866449083,0.06576523085880392,0.1013060060795758,0.0,0.0003843197540354115,0.0003074558032283292,0.000192159877017678,1.5003843197540354,0.6003074558032283,0.24980784012298232,A,0.6254807692307692,35,0.7879126384576742,0.17239191838583817,-0.1636966627724632,0.2531842876142766,0.29000000000000004,True,0.43652868808244916,188,83.2,27,36.31918684845977,2080,True,1301,14,,,True,proven_optimal
,,,,synthetic,0.5429682229217839,0.5,2541,1016,424,True,2058,0.019337892532348633,0.15,27,5,25,23,0.7080566531270416,low,0.45417428116325653,0.25191145866449083,0.06576523085880392,0.1013060060795758,0.5,0.0,0.000236127508854711,0.0002951593860684998,1.5,0.5997638724911453,0.2502951593860685,B,0.8231292517006803,35,0.3877749329941993,0.08112323473013568,-0.2706944007987108,0.12575938204553025,0.6756445286578059,True,0.5497509342042173,218,82.32,27,45.25549690369116,2058,True,1694,19,,,True,proven_optimal
,,,,synthetic,0.5429682229217839,0.5,2200,880,367,True,2058,0.13513803482055664,0.7,27,5,25,23,0.7080566531270416,high,0.45417428116325653,0.25191145866449083,0.06576523085880392,0.1013060060795758,0.5,0.0003408316291750868,0.00013633265167001252,0.0001704158145875989,1.499659168370825,0.59986366734833,0.2501704158145876,B,0.7128279883381924,35,0.7879126384576742,0.17239191838583817,-0.1636966627724632,0.2531842876142766,0.6756445286578059,True,0.5497509342042173,218,82.32,27,45.25549690369116,2058,True,1467,14,,,True,proven_optimal
,,,,synthetic,-0.4469046740573827,-0.5,2156,862,359,True,2153,0.01867985725402832,0.15,35,5,25,24,-0.3775231484094593,low,0.45417428116325653,0.25191145866449083,0.06576523085880392,0.1013060060795758,-0.5,0.0003479471120388933,0.0001391788448155129,0.0001739735560194744,1.500347947112039,0.5998608211551845,0.24982602644398053,C,0.667440780306549,35,0.3877749329941993,0.08112323473013568,-0.2706944007987108,0.12575938204553025,-0.33044816922099907,True,0.4243348596192881,197,86.12,35,36.54371811041309,2153,True,1437,19,,,True,proven_optimal
,,,,synthetic,-0.4469046740573827,-0.5,1646,658,274,True,2153,0.17343997955322266,0.7,35,5,25,24,-0.3775231484094593,high,0.45417428116325653,0.25191145866449083,0.06576523085880392,0.1013060060795758,-0.5,0.00045578851412941823,0.00018231540565172288,0.00022789425706470912,1.5004557885141294,0.5998176845943483,0.2497721057429353,C,0.5095215977705527,35,0.7879126384576742,0.17239191838583817,-0.1636966627724632,0.2531842876142766,-0.33044816922099907,True,0.4243348596192881,197,86.12,35,36.54371811041309,2153,True,1097,14,,,True,proven_optimal
True,705,"[15, 5, 23, 17]","[705, 705, 534, 582]",synthetic,0.1639891486566165,,5380,2152,897,True,4101,0.03672218322753906,0.15,27,5,25,25,0.3466219969390017,low,0.45417428116325653,0.25191145866449083,0.06576523085880392,0.1013060060795758,0.0,0.00013939224979098164,5.575689991632604e-05,6.969612489543531e-05,1.499860607750209,0.5999442431000837,0.25006969612489544,D,0.8746647159229456,35,0.3877749329941993,0.08112323473013568,-0.2706944007987108,0.12575938204553025,0.29000000000000004,True,0.43652868808244916,188,83.2,27,36.31918684845977,2080,True,3587,19,1566,True,True,proven_optimal
True,585,"[15, 5, 23, 17]","[585, 585, 534, 582]",synthetic,0.1639891486566165,,4623,1849,770,True,3861,0.2759370803833008,0.7,27,5,25,25,0.3466219969390017,high,0.45417428116325653,0.25191145866449083,0.06576523085880392,0.1013060060795758,0.0,0.0,6.489292667100077e-05,0.00016223231667747418,1.5,0.599935107073329,0.24983776768332253,D,0.7982387982387983,35,0.7879126384576742,0.17239191838583817,-0.1636966627724632,0.2531842876142766,0.29000000000000004,True,0.43652868808244916,188,83.2,27,36.31918684845977,2080,True,3082,14,1301,True,True,proven_optimal
,,,,synthetic,-0.023975989222109067,0.0,3033,1213,506,True,2827,0.07367897033691406,0.15,28,5,25,22,-0.08539082897111917,low,0.5281158488596706,0.22750434368201483,0.06568342323444049,0.11987570584297498,0.0,0.0,9.891196834810323e-05,0.0002472799208704246,1.5,0.5999010880316519,0.2502472799208704,A,0.7152458436505129,36,0.4024567454977792,0.08062296983048045,-0.2644042390562274,0.12678622382788937,0.0050048146376104755,True,0.6033183278275319,328,113.08,28,68.22323651073731,2827,True,2022,18,,,True,proven_optimal
,,,,synthetic,-0.023975989222109067,0.0,1773,709,296,True,2827,0.11949896812438965,0.7,28,5,25,22,-0.08539082897111917,high,0.5281158488596706,0.22750434368201483,0.06568342323444049,0.11987570584297498,0.0,0.0,0.00016920473773263112,0.0004230118443316333,1.5,0.5998307952622673,0.25042301184433163,A,0.41811107180756985,36,0.7852209191732159,0.16624847394473033,-0.2632035831630401,0.25230241469444986,0.0050048146376104755,True,0.6033183278275319,328,113.08,28,68.22323651073731,2827,True,1182,12,,,True,proven_optimal
,,,,synthetic,0.47225901331726866,0.5,2942,1177,490,True,2446,0.03759908676147461,0.15,21,5,25,25,0.4987944508873054,low,0.5281158488596706,0.22750434368201483,0.06568342323444049,0.11987570584297498,0.5,0.00025497195308510356,0.00020397756246814946,0.00012748597654257954,1.500254971953085,0.6002039775624681,0.24987251402345742,B,0.8017170891251022,36,0.4024567454977792,0.08062296983048045,-0.2644042390562274,0.12678622382788937,0.5130769230769231,True,0.5643036819073164,224,97.84,21,55.21147223781183,2446,True,1961,18,,,True,proven_optimal
,,,,synthetic,0.47225901331726866,0.5,1982,793,330,True,2446,0.04254007339477539,0.7,21,5,25,25,0.4987944508873054,high,0.5281158488596706,0.22750434368201483,0.06568342323444049,0.11987570584297498,0.5,0.00037850113550330633,0.0003028009084027339,0.00018925056775170868,1.5003785011355033,0.6003028009084027,0.2498107494322483,B,0.5400654129190515,36,0.7852209191732159,0.16624847394473033,-0.2632035831630401,0.25230241469444986,0.5130769230769231,True,0.5643036819073164,224,97.84,21,55.21147223781183,2446,True,1321,12,,,True,proven_optimal
,,,,synthetic,-0.5074064775338505,-0.5,2870,1148,478,True,3101,0.030242919921875,0.15,41,5,25,24,-0.49099944930263395,low,0.5281158488596706,0.22750434368201483,0.06568342323444049,0.11987570584297498,-0.5,0.000261369576581183,0.0001045478306325176,0.000130684788290647,1.5002613695765812,0.6001045478306325,0.24986931521170935,C,0.6168977749113189,36,0.4024567454977792,0.08062296983048045,-0.2644042390562274,0.12678622382788937,-0.46047317643484975,True,0.6504034134181741,326,124.04,41,80.67603940039032,3101,True,1913,18,,,True,proven_optimal
,,,,synthetic,-0.5074064775338505,-0.5,1506,602,251,True,3101,0.12718796730041504,0.7,41,5,25,24,-0.49099944930263395,high,0.5281158488596706,0.22750434368201483,0.06568342323444049,0.11987570584297498,-0.5,0.0,0.00039840637450194727,0.0,1.5,0.599601593625498,0.25,C,0.3237665269267978,36,0.7852209191732159,0.16624847394473033,-0.2632035831630401,0.25230241469444986,-0.46047317643484975,True,0.6504034134181741,326,124.04,41,80.67603940039032,3101,True,1004,12,,,True,proven_optimal
True,910,"[23, 15, 6, 22]","[768, 456, 624, 276]",synthetic,-0.023975989222109067,,5688,2275,948,True,4597,0.10086894035339355,0.15,28,5,25,22,-0.08539082897111917,low,0.5281158488596706,0.22750434368201483,0.06568342323444049,0.11987570584297498,0.0,0.0,5.274261603371855e-05,0.0,1.5,0.5999472573839663,0.25,D,0.8248857950837503,36,0.4024567454977792,0.08062296983048045,-0.2644042390562274,0.12678622382788937,0.0050048146376104755,True,0.6033183278275319,328,113.08,28,68.22323651073731,2827,True,3792,18,2022,True,True,proven_optimal
True,532,"[23, 15, 6, 22]","[532, 456, 532, 276]",synthetic,-0.023975989222109067,,3936,1574,656,True,4269,0.24211597442626953,0.7,28,5,25,22,-0.08539082897111917,high,0.5281158488596706,0.22750434368201483,0.06568342323444049,0.11987570584297498,0.0,0.0,0.00015243902439021628,0.0,1.5,0.5998475609756098,0.25,D,0.6146638557039119,36,0.7852209191732159,0.16624847394473033,-0.2632035831630401,0.25230241469444986,0.0050048146376104755,True,0.6033183278275319,328,113.08,28,68.22323651073731,2827,True,2624,12,1182,True,True,proven_optimal
,,,,synthetic,-0.3002203541628441,0.0,2096,838,349,True,2057,0.0186922550201416,0.15,32,5,25,24,-0.2234544881121585,low,0.5315578558891877,0.2585244400946629,0.10988946538041122,0.12506571835068772,0.0,0.0003579098067287845,0.00014316392269142497,0.00017895490336436448,1.5003579098067288,0.5998568360773086,0.24982104509663564,A,0.679144385026738,37,0.43896528578542887,0.07868597367971515,-0.27128173109407133,0.13831471088329847,-0.23812272031175602,True,0.49370139951559844,200,82.28,32,40.62175115214344,2057,True,1397,18,,,True,proven_optimal
,,,,synthetic,-0.3002203541628441,0.0,1311,524,218,True,2057,0.0677940845489502,0.7,32,5,25,24,-0.2234544881121585,high,0.5315578558891877,0.2585244400946629,0.10988946538041122,0.12506571835068772,0.0,0.0,0.0004576659038901809,0.0005720823798626984,1.5,0.5995423340961098,0.2494279176201373,A,0.42489061740398637,37,0.7970337130541661,0.16698296604217305,-0.24819660239531657,0.2616476745165052,-0.23812272031175602,True,0.49370139951559844,200,82.28,32,40.62175115214344,2057,True,874,13,,,True,proven_optimal
,,,,synthetic,0.48231985395778765,0.5,2304,922,384,True,1991,0.018099069595336914,0.15,44,5,25,22,0.4062371162950382,low,0.5315578558891877,0.2585244400946629,0.10988946538041122,0.12506571835068772,0.5,0.0,0.00026041666666665186,0.0,1.5,0.6002604166666666,0.25,B,0.7714716223003516,37,0.43896528578542887,0.07868597367971515,-0.27128173109407133,0.13831471088329847,0.37944974573014295,True,0.4509265454399792,167,79.64,44,35.91179007883994,1991,True,1536,18,,,True,proven_optimal
,,,,synthetic,0.48231985395778765,0.5,1602,641,267,True,1991,0.05614900588989258,0.7,44,5,25,22,0.4062371162950382,high,0.5315578558891877,0.2585244400946629,0.10988946538041122,0.12506571835068772,0.5,0.0,0.0001872659176029856,0.0,1.5,0.600187265917603,0.25,B,0.5364138623807132,37,0.7970337130541661,0.16698296604217305,-0.24819660239531657,0.2616476745165052,0.37944974573014295,True,0.4509265454399792,167,79.64,44,35.91179007883994,1991,True,1068,13,,,True,proven_optimal
,,,,synthetic,-0.6331460501825407,-0.5,1938,775,323,True,2180,0.01845097541809082,0.15,25,5,25,24,-0.6063507958031751,low,0.5315578558891877,0.2585244400946629,0.10988946538041122,0.12506571835068772,-0.5,0.0,0.0001547987616098423,0.0,1.5,0.5998452012383901,0.25,C,0.5926605504587156,37,0.43896528578542887,0.07868597367971515,-0.27128173109407133,0.13831471088329847,-0.679746117594302,True,0.5410405751033843,244,87.2,25,47.17873814901511,2180,True,1292,18,,,True,proven_optimal
,,,,synthetic,-0.6331460501825407,-0.5,1136,454,189,True,2180,0.22071194648742676,0.7,25,5,25,24,-0.6063507958031751,high,0.5315578558891877,0.2585244400946629,0.10988946538041122,0.12506571835068772,-0.5,0.0006605019815060231,0.00026420079260236484,0.0003302509907529838,1.500660501981506,0.5997357992073976,0.24966974900924702,C,0.34724770642201835,37,0.7970337130541661,0.16698296604217305,-0.24819660239531657,0.2616476745165052,-0.679746117594302,True,0.5410405751033843,244,87.2,25,47.17873814901511,2180,True,757,13,,,True,proven_optimal
True,629,"[6, 16, 15, 18]","[258, 420, 629, 246]",synthetic,-0.3002203541628441,,4023,1609,670,True,3342,0.0356900691986084,0.15,32,5,25,24,-0.2234544881121585,low,0.5315578558891877,0.2585244400946629,0.10988946538041122,0.12506571835068772,0.0,0.0,7.457121551079915e-05,0.00018642803877702563,1.5,0.5999254287844892,0.24981357196122297,D,0.8025134649910234,37,0.43896528578542887,0.07868597367971515,-0.27128173109407133,0.13831471088329847,-0.23812272031175602,True,0.49370139951559844,200,82.28,32,40.62175115214344,2057,True,2682,18,1397,True,True,proven_optimal
True,393,"[6, 16, 15, 18]","[258, 393, 393, 246]",synthetic,-0.3002203541628441,,2844,1138,474,True,3079,0.11572766304016113,0.7,32,5,25,24,-0.2234544881121585,high,0.5315578558891877,0.2585244400946629,0.10988946538041122,0.12506571835068772,0.0,0.0,0.00021097046413509624,0.0,1.5,0.6002109704641351,0.25,D,0.6157843455667424,37,0.7970337130541661,0.16698296604217305,-0.24819660239531657,0.2616476745165052,-0.23812272031175602,True,0.49370139951559844,200,82.28,32,40.62175115214344,2057,True,1896,13,874,True,True,proven_optimal
,,,,synthetic,0.024807903487351363,0.0,2097,839,350,True,1926,0.019522666931152344,0.15,31,5,25,24,0.017280708404483758,low,0.44618427537887895,0.2511737271672013,0.11783844795293677,0.10629688491424609,0.0,0.0,0.00014306151645204768,0.0003576537911301747,1.5,0.600143061516452,0.2503576537911302,A,0.7258566978193146,38,0.4520972962577287,0.09667553055612356,-0.2621137919740798,0.12605286148410072,0.06924408668193228,True,0.5001122449454442,202,77.04,31,38.52864735059702,1926,True,1398,18,,,True,proven_optimal
,,,,synthetic,0.024807903487351363,0.0,1646,658,274,True,1926,0.23662209510803223,0.7,31,5,25,24,0.017280708404483758,high,0.44618427537887895,0.2511737271672013,0.11783844795293677,0.10629688491424609,0.0,0.00045578851412941823,0.00018231540565172288,0.00022789425706470912,1.5004557885141294,0.5998176845943483,0.2497721057429353,A,0.5695742471443406,38,0.8044131955134264,0.18049950853399238,-0.17235019821784264,0.2500069557116069,0.06924408668193228,True,0.5001122449454442,202,77.04,31,38.52864735059702,1926,True,1097,13,,,True,proven_optimal
,,,,synthetic,0.5154248907997785,0.5,2238,895,373,True,1876,0.019189834594726562,0.15,33,5,25,25,0.487586850765288,low,0.44618427537887895,0.2511737271672013,0.11783844795293677,0.10629688491424609,0.5,0.0,0.00013404825737262094,0.0,1.5,0.5998659517426274,0.25,B,0.7953091684434968,38,0.4520972962577287,0.09667553055612356,-0.2621137919740798,0.12605286148410072,0.5415384615384615,True,0.48109152473663164,180,75.04,33,36.10110801623684,1876,True,1492,18,,,True,proven_optimal
,,,,synthetic,0.5154248907997785,0.5,1834,734,306,True,1876,0.34277772903442383,0.7,33,5,25,25,0.487586850765288,high,0.44618427537887895,0.2511737271672013,0.11783844795293677,0.10629688491424609,0.5,0.00040883074407194187,0.00016353229762877675,0.00020441537203597093,1.499591169255928,0.6001635322976288,0.25020441537203597,B,0.6519189765458422,38,0.8044131955134264,0.18049950853399238,-0.17235019821784264,0.2500069557116069,0.5415384615384615,True,0.48109152473663164,180,75.04,33,36.10110801623684,1876,True,1223,13,,,True,proven_optimal
,,,,synthetic,-0.4914772795256851,-0.5,1977,791,330,True,2028,0.019145965576171875,0.15,35,5,25,23,-0.43918798836656214,low,0.44618427537887895,0.2511737271672013,0.11783844795293677,0.10629688491424609,-0.5,0.0,0.00015174506828530276,0.0003793626707132014,1.5,0.6001517450682853,0.2503793626707132,C,0.6499013806706114,38,0.4520972962577287,0.09667553055612356,-0.2621137919740798,0.12605286148410072,-0.49134286053304,True,0.4903967422554415,188,81.12,35,39.78098373176142,2028,True,1318,18,,,True,proven_optimal
,,,,synthetic,-0.4914772795256851,-0.5,1425,570,238,True,2028,0.3012840747833252,0.7,35,5,25,23,-0.43918798836656214,high,0.44618427537887895,0.2511737271672013,0.11783844795293677,0.10629688491424609,-0.5,0.0,0.0,0.000526315789473708,1.5,0.6,0.2505263157894737,C,0.46844181459566075,38,0.8044131955134264,0.18049950853399238,-0.17235019821784264,0.2500069557116069,-0.49134286053304,True,0.4903967422554415,188,81.12,35,39.78098373176142,2028,True,950,13,,,True,proven_optimal
True,629,"[5, 10, 9, 11]","[288, 606, 390, 516]",synthetic,0.024807903487351363,,4347,1739,724,True,3426,0.0371701717376709,0.15,31,5,25,24,0.017280708404483758,low,0.44618427537887895,0.2511737271672013,0.11783844795293677,0.10629688491424609,0.0,0.0,6.901311249141173e-05,0.00017253278122844606,1.5,0.6000690131124914,0.24982746721877155,D,0.8458844133099825,38,0.4520972962577287,0.09667553055612356,-0.2621137919740798,0.12605286148410072,0.06924408668193228,True,0.5001122449454442,202,77.04,31,38.52864735059702,1926,True,2898,18,1398,True,True,proven_optimal
True,494,"[5, 10, 9, 11]","[288, 494, 390, 494]",synthetic,0.024807903487351363,,3694,1478,616,True,3292,0.5010180473327637,0.7,31,5,25,24,0.017280708404483758,high,0.44618427537887895,0.2511737271672013,0.11783844795293677,0.10629688491424609,0.0,0.00020300446609833322,8.120178643933329e-05,0.0001015022330491111,1.4997969955339017,0.6000812017864393,0.2501015022330491,D,0.7481773997569866,38,0.8044131955134264,0.18049950853399238,-0.17235019821784264,0.2500069557116069,0.06924408668193228,True,0.5001122449454442,202,77.04,31,38.52864735059702,1926,True,2463,13,1097,True,True,proven_optimal
,,,,synthetic,0.28241677770119245,0.0,2157,863,360,True,1962,0.03883004188537598,0.15,20,5,25,24,0.2438276640159881,low,0.4786737816509148,0.2956574677479731,0.1215106879762308,0.11456069915644779,0.0,0.0,0.00013908205841450805,0.0003477051460361591,1.5,0.6001390820584145,0.25034770514603616,A,0.7329255861365953,39,0.4854698967557159,0.11762794101539387,-0.21479397194629055,0.12944616019781538,0.3331409948141853,True,0.6197640027860304,217,78.48,20,48.63907893864767,1962,True,1438,18,,,True,proven_optimal
,,,,synthetic,0.28241677770119245,0.0,1473,589,246,True,1962,0.3804638385772705,0.7,20,5,25,24,0.2438276640159881,high,0.4786737816509148,0.2956574677479731,0.1215106879762308,0.11456069915644779,0.0,0.0,0.00020366598777998846,0.0005091649694500822,1.5,0.59979633401222,0.2505091649694501,A,0.5005096839959225,39,0.8149106608162553,0.19059780390744274,-0.16071724769201326,0.25387669731372126,0.3331409948141853,True,0.6197640027860304,217,78.48,20,48.63907893864767,1962,True,982,13,,,True,proven_optimal
,,,,synthetic,0.4743713320959124,0.5,2564,1025,427,True,2155,0.037425994873046875,0.15,17,5,25,25,0.5716089246237517,low,0.4786737816509148,0.2956574677479731,0.1215106879762308,0.11456069915644779,0.5,0.00029256875365701873,0.00023405500292561499,0.00014628437682856488,1.500292568753657,0.5997659449970744,0.24985371562317144,B,0.7930394431554524,39,0.4854698967557159,0.11762794101539387,-0.21479397194629055,0.12944616019781538,0.6630769230769231,True,0.600210239333471,206,86.2,17,51.7381226305452,2155,True,1709,18,,,True,proven_optimal
,,,,synthetic,0.4743713320959124,0.5,1874,749,312,True,2155,0.5579261779785156,0.7,17,5,25,25,0.5716089246237517,high,0.4786737816509148,0.2956574677479731,0.1215106879762308,0.11456069915644779,0.5,0.0004003202562050667,0.00032025620496389795,0.00020016012810247785,1.500400320256205,0.5996797437950361,0.24979983987189752,B,0.5795823665893272,39,0.8149106608162553,0.19059780390744274,-0.16071724769201326,0.25387669731372126,0.6630769230769231,True,0.600210239333471,206,86.2,17,51.7381226305452,2155,True,1249,13,,,True,proven_optimal
,,,,synthetic,-0.1125803312059949,-0.5,1812,725,302,True,1799,0.03950905799865723,0.15,34,5,25,21,-0.14743570072374712,low,0.4786737816509148,0.2956574677479731,0.1215106879762308,0.11456069915644779,-0.5,0.0,0.00016556291390734668,0.0,1.5,0.6001655629139073,0.25,C,0.6714841578654808,39,0.4854698967557159,0.11762794101539387,-0.21479397194629055,0.12944616019781538,-0.20900699033810616,True,0.5186228713443638,181,71.96,34,37.32010182194041,1799,True,1208,18,,,True,proven_optimal
,,,,synthetic,-0.1125803312059949,-0.5,1172,469,195,True,1799,0.6592159271240234,0.7,34,5,25,21,-0.14743570072374712,high,0.4786737816509148,0.2956574677479731,0.1215106879762308,0.11456069915644779,-0.5,0.000640204865556937,0.0005121638924455718,0.00032010243277849626,1.500640204865557,0.6005121638924455,0.2496798975672215,C,0.434130072262368,39,0.8149106608162553,0.19059780390744274,-0.16071724769201326,0.25387669731372126,-0.20900699033810616,True,0.5186228713443638,181,71.96,34,37.32010182194041,1799,True,781,13,,,True,proven_optimal
True,647,"[14, 1, 7, 23]","[408, 480, 534, 647]",synthetic,0.28241677770119245,,4738,1895,790,True,3683,0.07785630226135254,0.15,20,5,25,24,0.2438276640159881,low,0.4786737816509148,0.2956574677479731,0.1215106879762308,0.11456069915644779,0.0,0.00015827793605560636,0.0001266223488445295,7.913896802785869e-05,1.4998417220639444,0.5998733776511554,0.25007913896802786,D,0.8577246809666033,39,0.4854698967557159,0.11762794101539387,-0.21479397194629055,0.12944616019781538,0.3331409948141853,True,0.6197640027860304,217,78.48,20,48.63907893864767,1962,True,3159,18,1438,True,True,proven_optimal
True,442,"[14, 1, 7, 23]","[408, 442, 442, 442]",synthetic,0.28241677770119245,,3552,1421,592,True,3348,0.810438871383667,0.7,20,5,25,24,0.2438276640159881,high,0.4786737816509148,0.2956574677479731,0.1215106879762308,0.11456069915644779,0.0,0.0,8.445945945945166e-05,0.0,1.5,0.6000844594594594,0.25,D,0.7072879330943848,39,0.8149106608162553,0.19059780390744274,-0.16071724769201326,0.25387669731372126,0.3331409948141853,True,0.6197640027860304,217,78.48,20,48.63907893864767,1962,True,2368,13,982,True,True,proven_optimal
