seed,budget,n_docs,method,score,relevance_sum,redundancy_total,redundancy_per_pair,n_selected,tokens_used,budget_utilization,unique_coverage,optimality_gap,gap_is_valid,ilp_proven_global_optimum,ilp_status,solve_status,solve_scope,stop_reason,latency_ms,density_diagnostic
0,96,25,top_k,1.6429697930812837,1.8378530740737915,1.9488328099250793,0.6496109366416931,3,94,0.9791666666666666,0.14285714285714285,0.2138552431518153,True,True,proven_optimal,heuristic_no_guarantee,full_corpus,no_candidate_fits_budget,0.027333036996424198,17.478402054056208
0,96,25,mmr,0.7977482914924622,0.8056290149688721,0.07880723476409912,0.07880723476409912,2,85,0.8854166666666666,0.09523809523809523,0.6182853517560872,True,True,proven_optimal,heuristic_no_guarantee,full_corpus,no_positive_marginal_gain,0.014499993994832039,9.385274017558379
0,96,25,greedy_objective,1.6429697930812837,1.8378530740737915,1.9488328099250793,0.6496109366416931,3,94,0.9791666666666666,0.14285714285714285,0.2138552431518153,True,True,proven_optimal,heuristic_no_guarantee,full_corpus,no_candidate_fits_budget,0.012417032849043608,17.478402054056208
0,96,25,greedy_token_aware,1.9801975034177304,2.390643037855625,4.104455344378948,0.19545025449423564,7,91,0.9479166666666666,0.3333333333333333,0.05249512718296378,True,True,proven_optimal,heuristic_no_guarantee,full_corpus,no_candidate_fits_budget,0.04091695882380009,21.760412125469564
0,96,25,ilp,2.0899074614048003,2.4819048047065735,3.9199734330177307,0.39199734330177305,5,93,0.96875,0.23809523809523808,0.0,True,True,proven_optimal,proven_optimal,full_corpus,n/a,127.07920803222805,22.47212324091183
0,128,25,top_k,1.706492656469345,1.9449870586395264,2.3849440217018127,0.7949813405672709,3,120,0.9375,0.14285714285714285,0.27297182243598583,True,True,proven_optimal,heuristic_no_guarantee,full_corpus,no_candidate_fits_budget,0.025916029699146748,14.220772137244543
0,128,25,mmr,1.6379308582283556,1.8361718356609344,1.982409774325788,0.1982409774325788,5,122,0.953125,0.23809523809523808,0.30218165175267797,True,True,proven_optimal,heuristic_no_guarantee,full_corpus,no_candidate_fits_budget,0.022625026758760214,13.425662772363571
0,128,25,greedy_objective,1.706492656469345,1.9449870586395264,2.3849440217018127,0.7949813405672709,3,120,0.9375,0.14285714285714285,0.27297182243598583,True,True,proven_optimal,heuristic_no_guarantee,full_corpus,no_candidate_fits_budget,0.011625001206994057,14.220772137244543
0,128,25,greedy_token_aware,2.319906459003687,2.986563414335251,6.6665695533156395,0.31745569301503046,7,119,0.9296875,0.3333333333333333,0.011635146149406049,True,True,proven_optimal,heuristic_no_guarantee,full_corpus,no_candidate_fits_budget,0.03950000973418355,19.495012260535184
0,128,25,ilp,2.3472166679799558,3.014937609434128,6.677209414541721,0.3179623530734153,7,122,0.953125,0.3333333333333333,0.0,True,True,proven_optimal,proven_optimal,full_corpus,n/a,122.3284580046311,19.239480885081605
0,192,25,top_k,2.661164167523384,3.492042899131775,8.308787316083908,0.5539191544055939,6,187,0.9739583333333334,0.2857142857142857,0.06010184961808058,True,True,proven_optimal,heuristic_no_guarantee,full_corpus,no_candidate_fits_budget,0.038624973967671394,14.230824425258739
0,192,25,mmr,2.5856309519149363,3.3520597517490387,7.664287998341024,0.27372457136932227,8,191,0.9947916666666666,0.38095238095238093,0.08677947082957047,True,True,proven_optimal,heuristic_no_guarantee,full_corpus,no_candidate_fits_budget,0.03549997927621007,13.537334826779771
0,192,25,greedy_objective,2.661164167523384,3.492042899131775,8.308787316083908,0.5539191544055939,6,187,0.9739583333333334,0.2857142857142857,0.06010184961808058,True,True,proven_optimal,heuristic_no_guarantee,full_corpus,no_candidate_fits_budget,0.021249987185001373,14.230824425258739
0,192,25,greedy_token_aware,2.831332486867905,4.097372233867645,12.660397469997406,0.45215705249990734,8,187,0.9739583333333334,0.38095238095238093,0.0,True,True,proven_optimal,heuristic_no_guarantee,full_corpus,no_candidate_fits_budget,0.046290981117635965,15.140815437796281
0,192,25,ilp,2.831332486867905,4.097372233867645,12.660397469997406,0.45215705249990734,8,187,0.9739583333333334,0.38095238095238093,0.0,True,True,proven_optimal,proven_optimal,full_corpus,n/a,298.80479199346155,15.140815437796281
0,256,25,top_k,3.062047281861305,4.805046439170837,17.42999157309532,0.48416643258598113,9,252,0.984375,0.42857142857142855,0.0,True,True,proven_optimal,heuristic_no_guarantee,full_corpus,no_candidate_fits_budget,0.04704197635874152,12.150981277227402
0,256,25,mmr,2.6834880352951584,3.8638020902872086,11.8031405499205,0.26229201222045556,10,254,0.9921875,0.47619047619047616,0.1236294582414268,True,True,proven_optimal,heuristic_no_guarantee,full_corpus,no_candidate_fits_budget,0.04120898665860295,10.564913524784089
0,256,25,greedy_objective,3.062047281861305,4.805046439170837,17.42999157309532,0.48416643258598113,9,252,0.984375,0.42857142857142855,0.0,True,True,proven_optimal,heuristic_no_guarantee,full_corpus,no_candidate_fits_budget,0.02916704397648573,12.150981277227402
0,256,25,greedy_token_aware,3.0438382463529705,4.649258740246296,16.054204938933253,0.3567601097540723,10,237,0.92578125,0.47619047619047616,0.005946686589785785,True,True,proven_optimal,heuristic_no_guarantee,full_corpus,no_positive_marginal_gain,0.05304196383804083,12.843199351700298
0,256,25,ilp,3.062047281861305,4.805046439170837,17.42999157309532,0.48416643258598113,9,252,0.984375,0.42857142857142855,0.0,True,True,proven_optimal,proven_optimal,full_corpus,n/a,988.094958011061,12.150981277227402
0,384,25,top_k,3.1014187783002853,4.914189517498016,18.12770739197731,0.5035474275549253,9,382,0.9947916666666666,0.42857142857142855,0.02571042609570503,True,True,proven_optimal,heuristic_no_guarantee,full_corpus,no_candidate_fits_budget,0.049084017518907785,8.118897325393418
0,384,25,mmr,2.740078626666218,4.046008348464966,13.059297217987478,0.29020660484416616,10,383,0.9973958333333334,0.47619047619047616,0.13922297229980318,True,True,proven_optimal,heuristic_no_guarantee,full_corpus,no_candidate_fits_budget,0.04033301956951618,7.154252288945739
0,384,25,greedy_objective,3.1014187783002853,4.914189517498016,18.12770739197731,0.5035474275549253,9,382,0.9947916666666666,0.42857142857142855,0.02571042609570503,True,True,proven_optimal,heuristic_no_guarantee,full_corpus,no_candidate_fits_budget,0.029499991796910763,8.118897325393418
0,384,25,greedy_token_aware,3.1425468700006602,5.645132847130299,25.025859771296382,0.37917969350449066,12,318,0.828125,0.5714285714285714,0.012790316364436961,True,True,proven_optimal,heuristic_no_guarantee,full_corpus,no_positive_marginal_gain,0.0613329466432333,9.882222861637297
0,384,25,ilp,3.183261795435101,5.383593440055847,22.003316446207464,0.4000602990219539,11,334,0.8697916666666666,0.5238095238095238,0.0,True,True,proven_optimal,proven_optimal,full_corpus,n/a,1885.6040840037167,9.530723938428446
0,512,25,top_k,3.1515192908234892,5.959603190422058,28.080838995985687,0.42546725751493464,12,504,0.984375,0.5714285714285714,0.021425322331607398,True,True,proven_optimal,heuristic_no_guarantee,full_corpus,no_candidate_fits_budget,0.05483301356434822,6.253014465919622
0,512,25,mmr,2.945098137203604,4.961333736777306,20.162355995737016,0.3054902423596518,12,492,0.9609375,0.5714285714285714,0.08552092043113073,True,True,proven_optimal,heuristic_no_guarantee,full_corpus,no_positive_marginal_gain,0.04904199158772826,5.985971823584561
0,512,25,greedy_objective,3.220519969239831,5.410134680569172,21.89614711329341,0.3981117656962438,11,432,0.84375,0.5238095238095238,0.0,True,True,proven_optimal,heuristic_no_guarantee,full_corpus,no_positive_marginal_gain,0.03654096508398652,7.454907336203313
0,512,25,greedy_token_aware,3.1445032950490712,6.117072112858295,29.72568817809224,0.381098566385798,13,460,0.8984375,0.6190476190476191,0.023603851215585746,True,True,proven_optimal,heuristic_no_guarantee,full_corpus,no_positive_marginal_gain,0.0659999786876142,6.835876728367547
0,512,25,ilp,3.220519969239831,5.410134680569172,21.89614711329341,0.3981117656962438,11,432,0.84375,0.5238095238095238,0.0,True,True,proven_optimal,proven_optimal,full_corpus,n/a,4718.431333953049,7.454907336203313
0,768,25,top_k,3.1515192908234892,5.959603190422058,28.080838995985687,0.42546725751493464,12,504,0.65625,0.5714285714285714,0.021425322331607398,True,True,proven_optimal,heuristic_no_guarantee,full_corpus,no_positive_marginal_gain,0.058500037994235754,6.253014465919622
0,768,25,mmr,2.9818966262973845,5.587373241782188,26.05476615484804,0.3340354635236928,13,531,0.69140625,0.6190476190476191,0.07409466335300226,True,True,proven_optimal,heuristic_no_guarantee,full_corpus,no_positive_marginal_gain,0.05258404416963458,5.615624531633492
0,768,25,greedy_objective,3.220519969239831,5.410134680569172,21.89614711329341,0.3981117656962438,11,432,0.5625,0.5238095238095238,0.0,True,True,proven_optimal,heuristic_no_guarantee,full_corpus,no_positive_marginal_gain,0.03645900869742036,7.454907336203313
0,768,25,greedy_token_aware,3.1445032950490712,6.117072112858295,29.72568817809224,0.381098566385798,13,460,0.5989583333333334,0.6190476190476191,0.023603851215585746,True,True,proven_optimal,heuristic_no_guarantee,full_corpus,no_positive_marginal_gain,0.06725004641339183,6.835876728367547
0,768,25,ilp,3.220519969239831,5.410134680569172,21.89614711329341,0.3981117656962438,11,432,0.5625,0.5238095238095238,0.0,True,True,proven_optimal,proven_optimal,full_corpus,n/a,4543.415457999799,7.454907336203313
0,1024,25,top_k,3.1515192908234892,5.959603190422058,28.080838995985687,0.42546725751493464,12,504,0.4921875,0.5714285714285714,0.021425322331607398,True,True,proven_optimal,heuristic_no_guarantee,full_corpus,no_positive_marginal_gain,0.05483301356434822,6.253014465919622
0,1024,25,mmr,2.9818966262973845,5.587373241782188,26.05476615484804,0.3340354635236928,13,531,0.5185546875,0.6190476190476191,0.07409466335300226,True,True,proven_optimal,heuristic_no_guarantee,full_corpus,no_positive_marginal_gain,0.05037500523030758,5.615624531633492
0,1024,25,greedy_objective,3.220519969239831,5.410134680569172,21.89614711329341,0.3981117656962438,11,432,0.421875,0.5238095238095238,0.0,True,True,proven_optimal,heuristic_no_guarantee,full_corpus,no_positive_marginal_gain,0.03512500552460551,7.454907336203313
0,1024,25,greedy_token_aware,3.1445032950490712,6.117072112858295,29.72568817809224,0.381098566385798,13,460,0.44921875,0.6190476190476191,0.023603851215585746,True,True,proven_optimal,heuristic_no_guarantee,full_corpus,no_positive_marginal_gain,0.07137499051168561,6.835876728367547
0,1024,25,ilp,3.220519969239831,5.410134680569172,21.89614711329341,0.3981117656962438,11,432,0.421875,0.5238095238095238,0.0,True,True,proven_optimal,proven_optimal,full_corpus,n/a,6313.6457079672255,7.454907336203313
0,2048,25,top_k,3.1515192908234892,5.959603190422058,28.080838995985687,0.42546725751493464,12,504,0.24609375,0.5714285714285714,0.021425322331607398,True,True,proven_optimal,heuristic_no_guarantee,full_corpus,no_positive_marginal_gain,0.05779101047664881,6.253014465919622
0,2048,25,mmr,2.9818966262973845,5.587373241782188,26.05476615484804,0.3340354635236928,13,531,0.25927734375,0.6190476190476191,0.07409466335300226,True,True,proven_optimal,heuristic_no_guarantee,full_corpus,no_positive_marginal_gain,0.05179201252758503,5.615624531633492
0,2048,25,greedy_objective,3.220519969239831,5.410134680569172,21.89614711329341,0.3981117656962438,11,432,0.2109375,0.5238095238095238,0.0,True,True,proven_optimal,heuristic_no_guarantee,full_corpus,no_positive_marginal_gain,0.03629201091825962,7.454907336203313
0,2048,25,greedy_token_aware,3.1445032950490712,6.117072112858295,29.72568817809224,0.381098566385798,13,460,0.224609375,0.6190476190476191,0.023603851215585746,True,True,proven_optimal,heuristic_no_guarantee,full_corpus,no_positive_marginal_gain,0.06637495243921876,6.835876728367547
0,2048,25,ilp,3.220519969239831,5.410134680569172,21.89614711329341,0.3981117656962438,11,432,0.2109375,0.5238095238095238,0.0,True,True,proven_optimal,proven_optimal,full_corpus,n/a,7377.493957988918,7.454907336203313
1,96,25,top_k,1.5633044958114624,1.7492148876190186,1.8591039180755615,0.6197013060251871,3,93,0.96875,0.15,0.23943164820983695,True,True,proven_optimal,heuristic_no_guarantee,full_corpus,no_candidate_fits_budget,0.018207996618002653,16.809725761413574
1,96,25,mmr,1.5254402101039886,1.684061348438263,1.586211383342743,0.5287371277809143,3,94,0.9791666666666666,0.15,0.2578531249275232,True,True,proven_optimal,heuristic_no_guarantee,full_corpus,no_candidate_fits_budget,0.015416007954627275,16.228087341531793
1,96,25,greedy_objective,1.5633044958114624,1.7492148876190186,1.8591039180755615,0.6197013060251871,3,93,0.96875,0.15,0.23943164820983695,True,True,proven_optimal,heuristic_no_guarantee,full_corpus,no_candidate_fits_budget,0.0118750031106174,16.809725761413574
1,96,25,greedy_token_aware,2.055442475527525,2.627506911754608,5.720644362270832,0.27241163629861104,7,91,0.9479166666666666,0.3,0.0,True,True,proven_optimal,heuristic_no_guarantee,full_corpus,no_candidate_fits_budget,0.038624973967671394,22.587279950851922
1,96,25,ilp,2.055442475527525,2.627506911754608,5.720644362270832,0.27241163629861104,7,91,0.9479166666666666,0.3,0.0,True,True,proven_optimal,proven_optimal,full_corpus,n/a,224.4787499657832,22.587279950851922
1,128,25,top_k,1.6056523323059082,1.8190884590148926,2.1343612670898438,0.7114537556966146,3,124,0.96875,0.1,0.3104586304844564,True,True,proven_optimal,heuristic_no_guarantee,full_corpus,no_candidate_fits_budget,0.027875008527189493,12.94880913149926
1,128,25,mmr,1.9101242281496524,2.261538580060005,3.514143519103527,0.2342762346069018,6,128,1.0,0.3,0.1797043172281228,True,True,proven_optimal,heuristic_no_guarantee,full_corpus,no_candidate_fits_budget,0.027917034458369017,14.92284553241916
1,128,25,greedy_objective,1.6056523323059082,1.8190884590148926,2.1343612670898438,0.7114537556966146,3,124,0.96875,0.1,0.3104586304844564,True,True,proven_optimal,heuristic_no_guarantee,full_corpus,no_candidate_fits_budget,0.012458011042326689,12.94880913149926
1,128,25,greedy_token_aware,2.3285801306366922,3.045610725879669,7.170305952429771,0.3414431405918939,7,121,0.9453125,0.3,0.0,True,True,proven_optimal,heuristic_no_guarantee,full_corpus,no_candidate_fits_budget,0.04112499300390482,19.244463889559437
1,128,25,ilp,2.3285801306366922,3.045610725879669,7.170305952429771,0.3414431405918939,7,121,0.9453125,0.3,0.0,True,True,proven_optimal,proven_optimal,full_corpus,n/a,859.8223339649849,19.244463889559437
1,192,25,top_k,2.476548954844475,3.341171085834503,8.646221309900284,0.5764147539933523,6,192,1.0,0.25,0.09901910993268016,True,True,proven_optimal,heuristic_no_guarantee,full_corpus,no_candidate_fits_budget,0.03883300814777613,12.898692473148307
1,192,25,mmr,1.8746294870972633,2.2027156203985214,3.280861333012581,0.21872408886750538,6,191,0.9947916666666666,0.3,0.3180004213010182,True,True,proven_optimal,heuristic_no_guarantee,full_corpus,no_candidate_fits_budget,0.027999980375170708,9.81481406857206
1,192,25,greedy_objective,2.5179612308740618,3.3265629410743713,8.086017102003098,0.5390678068002065,6,187,0.9739583333333334,0.25,0.0839531168927025,True,True,proven_optimal,heuristic_no_guarantee,full_corpus,no_candidate_fits_budget,0.022208027075976133,13.465033320182147
1,192,25,greedy_token_aware,2.6277434431016444,4.221331536769867,15.935880936682224,0.3541306874818272,10,184,0.9583333333333334,0.4,0.04401379928184655,True,True,proven_optimal,heuristic_no_guarantee,full_corpus,no_candidate_fits_budget,0.0551670091226697,14.281214364682851
1,192,25,ilp,2.7487252861261364,3.9066757559776306,11.579504698514938,0.41355373923267635,8,187,0.9739583333333334,0.3,0.0,True,True,proven_optimal,proven_optimal,full_corpus,n/a,1506.3044999842532,14.699065701209285
1,256,25,top_k,2.7639366187155243,4.239581897854805,14.756452791392803,0.40990146642757785,9,254,0.9921875,0.4,0.05617355390664966,True,True,proven_optimal,heuristic_no_guarantee,full_corpus,no_candidate_fits_budget,0.04841701593250036,10.88164023116348
1,256,25,mmr,1.935317749530077,2.5247692912817,5.8945154175162315,0.21051840776843683,8,246,0.9609375,0.4,0.33912953675137986,True,True,proven_optimal,heuristic_no_guarantee,full_corpus,no_candidate_fits_budget,0.03524997737258673,7.867145323292996
1,256,25,greedy_objective,2.9019058674573897,4.569586336612701,16.676804691553116,0.46324457476536435,9,252,0.984375,0.4,0.00905994615296662,True,True,proven_optimal,heuristic_no_guarantee,full_corpus,no_candidate_fits_budget,0.030959025025367737,11.515499474037261
1,256,25,greedy_token_aware,2.8639441952109337,4.750746041536331,18.868018463253975,0.41928929918342167,10,241,0.94140625,0.4,0.022023061863190075,True,True,proven_optimal,heuristic_no_guarantee,full_corpus,no_positive_marginal_gain,0.05483301356434822,11.883585872244538
1,256,25,ilp,2.928437352180481,4.559801489114761,16.313641369342804,0.4531567047039668,9,252,0.984375,0.4,0.0,True,True,proven_optimal,proven_optimal,full_corpus,n/a,3795.8033329923637,11.620783143573338
1,384,25,top_k,2.9216646805405615,5.73070964217186,28.09044961631298,0.5107354475693269,11,361,0.9401041666666666,0.5,0.02505712744602547,True,True,proven_optimal,heuristic_no_guarantee,full_corpus,no_positive_marginal_gain,0.05391595186665654,8.093253962716238
1,384,25,mmr,2.7410951113328337,4.34485949575901,16.037643844261765,0.291593524441123,11,380,0.9895833333333334,0.55,0.08531216481282018,True,True,proven_optimal,heuristic_no_guarantee,full_corpus,no_candidate_fits_budget,0.04416698357090354,7.213408187717984
1,384,25,greedy_objective,2.9967547461390494,5.305248022079468,23.084932759404182,0.41972605017098513,11,370,0.9635416666666666,0.5,0.0,True,True,proven_optimal,heuristic_no_guarantee,full_corpus,no_positive_marginal_gain,0.03629102138802409,8.09933715172716
1,384,25,greedy_token_aware,2.9086790576577184,5.4868661761283875,25.781871184706688,0.39063441188949527,12,362,0.9427083333333334,0.5,0.029390355882411023,True,True,proven_optimal,heuristic_no_guarantee,full_corpus,no_positive_marginal_gain,0.0610839924775064,8.035025021153917
1,384,25,ilp,2.9967547461390494,5.305248022079468,23.084932759404182,0.41972605017098513,11,370,0.9635416666666666,0.5,0.0,True,True,proven_optimal,proven_optimal,full_corpus,n/a,12539.975124993362,8.09933715172716
1,512,25,top_k,2.9216646805405615,5.73070964217186,28.09044961631298,0.5107354475693269,11,361,0.705078125,0.5,0.02595994409108896,True,True,proven_optimal,heuristic_no_guarantee,full_corpus,no_positive_marginal_gain,0.054541975259780884,8.093253962716238
1,512,25,mmr,2.881417301110923,5.458670720458031,25.772534193471074,0.33041710504450095,13,460,0.8984375,0.6,0.0393778287549029,True,True,proven_optimal,heuristic_no_guarantee,full_corpus,no_positive_marginal_gain,0.060583988670259714,6.263950654588964
1,512,25,greedy_objective,2.9995323732495307,5.53097340464592,25.31441031396389,0.46026200570843434,11,496,0.96875,0.5,0.0,True,True,proven_optimal,heuristic_no_guarantee,full_corpus,no_positive_marginal_gain,0.0394159578718245,6.047444300906312
1,512,25,greedy_token_aware,2.9086790576577184,5.4868661761283875,25.781871184706688,0.39063441188949527,12,362,0.70703125,0.5,0.030289159871072422,True,True,proven_optimal,heuristic_no_guarantee,full_corpus,no_positive_marginal_gain,0.06133300485089421,8.035025021153917
1,512,25,ilp,2.9995323732495307,5.53097340464592,25.31441031396389,0.46026200570843434,11,496,0.96875,0.5,0.0,True,True,proven_optimal,proven_optimal,full_corpus,n/a,13968.087415967602,6.047444300906312
1,768,25,top_k,2.9216646805405615,5.73070964217186,28.09044961631298,0.5107354475693269,11,361,0.4700520833333333,0.5,0.025959931510043586,True,True,proven_optimal,heuristic_no_guarantee,full_corpus,no_positive_marginal_gain,0.055582961067557335,8.093253962716238
1,768,25,mmr,2.824718632362783,5.557332560420036,27.326139280572534,0.35033511898169917,13,654,0.8515625,0.6,0.05828031927933508,True,True,proven_optimal,heuristic_no_guarantee,full_corpus,no_positive_marginal_gain,0.05512498319149017,4.319141639698445
1,768,25,greedy_objective,2.9995323732495307,5.53097340464592,25.31441031396389,0.46026200570843434,11,496,0.6458333333333334,0.5,-1.2916353182623762e-08,True,True,proven_optimal,heuristic_no_guarantee,full_corpus,no_positive_marginal_gain,0.03870896762236953,6.047444300906312
1,768,25,greedy_token_aware,2.9086790576577184,5.4868661761283875,25.781871184706688,0.39063441188949527,12,362,0.4713541666666667,0.5,0.030289147345944727,True,True,proven_optimal,heuristic_no_guarantee,full_corpus,no_positive_marginal_gain,0.06391701754182577,8.035025021153917
1,768,25,ilp,2.9995323345065117,5.53097340464592,25.31441070139408,0.46026201275261963,11,496,0.6458333333333334,0.5,0.0,True,True,proven_optimal,proven_optimal,full_corpus,n/a,7820.3410830465145,6.047444222795386
1,1024,25,top_k,2.9216646805405615,5.73070964217186,28.09044961631298,0.5107354475693269,11,361,0.3525390625,0.5,0.02595994409108896,True,True,proven_optimal,heuristic_no_guarantee,full_corpus,no_positive_marginal_gain,0.052332994528114796,8.093253962716238
1,1024,25,mmr,2.824718632362783,5.557332560420036,27.326139280572534,0.35033511898169917,13,654,0.638671875,0.6,0.05828033144291892,True,True,proven_optimal,heuristic_no_guarantee,full_corpus,no_positive_marginal_gain,0.05137501284480095,4.319141639698445
1,1024,25,greedy_objective,2.9995323732495307,5.53097340464592,25.31441031396389,0.46026200570843434,11,496,0.484375,0.5,0.0,True,True,proven_optimal,heuristic_no_guarantee,full_corpus,no_positive_marginal_gain,0.03550003748387098,6.047444300906312
1,1024,25,greedy_token_aware,2.9086790576577184,5.4868661761283875,25.781871184706688,0.39063441188949527,12,362,0.353515625,0.5,0.030289159871072422,True,True,proven_optimal,heuristic_no_guarantee,full_corpus,no_positive_marginal_gain,0.06033398676663637,8.035025021153917
1,1024,25,ilp,2.9995323732495307,5.53097340464592,25.31441031396389,0.46026200570843434,11,496,0.484375,0.5,0.0,True,True,proven_optimal,proven_optimal,full_corpus,n/a,13866.87999998685,6.047444300906312
1,2048,25,top_k,2.9216646805405615,5.73070964217186,28.09044961631298,0.5107354475693269,11,361,0.17626953125,0.5,0.025959931510043586,True,True,proven_optimal,heuristic_no_guarantee,full_corpus,no_positive_marginal_gain,0.05370797589421272,8.093253962716238
1,2048,25,mmr,2.824718632362783,5.557332560420036,27.326139280572534,0.35033511898169917,13,654,0.3193359375,0.6,0.05828031927933508,True,True,proven_optimal,heuristic_no_guarantee,full_corpus,no_positive_marginal_gain,0.0499580055475235,4.319141639698445
1,2048,25,greedy_objective,2.9995323732495307,5.53097340464592,25.31441031396389,0.46026200570843434,11,496,0.2421875,0.5,-1.2916353182623762e-08,True,True,proven_optimal,heuristic_no_guarantee,full_corpus,no_positive_marginal_gain,0.035582983400672674,6.047444300906312
1,2048,25,greedy_token_aware,2.9086790576577184,5.4868661761283875,25.781871184706688,0.39063441188949527,12,362,0.1767578125,0.5,0.030289147345944727,True,True,proven_optimal,heuristic_no_guarantee,full_corpus,no_positive_marginal_gain,0.06645795656368136,8.035025021153917
1,2048,25,ilp,2.9995323345065117,5.53097340464592,25.31441070139408,0.46026201275261963,11,496,0.2421875,0.5,0.0,True,True,proven_optimal,proven_optimal,full_corpus,n/a,13416.145791998133,6.047444222795386
2,96,25,top_k,1.3447397887706756,1.6028345227241516,2.5809473395347595,0.8603157798449198,3,93,0.96875,0.1111111111111111,0.46097891390664447,True,True,proven_optimal,heuristic_no_guarantee,full_corpus,no_candidate_fits_budget,0.01958297798410058,14.459567621190061
2,96,25,mmr,1.389653244614601,1.4917845726013184,1.0213132798671722,0.34043775995572406,3,94,0.9791666666666666,0.16666666666666666,0.4429759515853391,True,True,proven_optimal,heuristic_no_guarantee,full_corpus,no_candidate_fits_budget,0.016167003195732832,14.78354515547448
2,96,25,greedy_objective,2.124246546626091,2.521232008934021,3.9698546230793,0.39698546230792997,5,92,0.9583333333333334,0.2777777777777778,0.14852398192278107,True,True,proven_optimal,heuristic_no_guarantee,full_corpus,no_candidate_fits_budget,0.021666986867785454,23.089636376370553
2,96,25,greedy_token_aware,2.494781416654587,3.3975169956684113,9.027355790138245,0.4298740852446783,7,92,0.9583333333333334,0.2777777777777778,0.0,True,True,proven_optimal,heuristic_no_guarantee,full_corpus,no_candidate_fits_budget,0.040249957237392664,27.1171893114629
2,96,25,ilp,2.494781416654587,3.3975169956684113,9.027355790138245,0.4298740852446783,7,92,0.9583333333333334,0.2777777777777778,0.0,True,True,proven_optimal,proven_optimal,full_corpus,n/a,69.1532909986563,27.1171893114629
2,128,25,top_k,2.007317394018173,2.6466874480247498,6.393700540065765,0.6393700540065765,5,119,0.9296875,0.16666666666666666,0.23721346046497635,True,True,proven_optimal,heuristic_no_guarantee,full_corpus,no_candidate_fits_budget,0.03629201091825962,16.8682133951107
2,128,25,mmr,2.0432245835661886,2.393959015607834,3.5073443204164505,0.35073443204164506,5,121,0.9453125,0.2777777777777778,0.22356862236344846,True,True,proven_optimal,heuristic_no_guarantee,full_corpus,no_candidate_fits_budget,0.022874970454722643,16.886153583191643
2,128,25,greedy_objective,2.575077536702156,3.469498783349991,8.944212466478348,0.4259148793561118,7,120,0.9375,0.3333333333333333,0.021462929027143578,True,True,proven_optimal,heuristic_no_guarantee,full_corpus,no_candidate_fits_budget,0.02295803278684616,21.458979472517967
2,128,25,greedy_token_aware,2.5720462093129752,3.971103012561798,13.990568032488227,0.38862688979133964,9,120,0.9375,0.3333333333333333,0.022614842389864092,True,True,proven_optimal,heuristic_no_guarantee,full_corpus,no_candidate_fits_budget,0.04824995994567871,21.433718410941463
2,128,25,ilp,2.6315584897994997,3.855594366788864,12.240358769893646,0.4371556703533445,8,128,1.0,0.2777777777777778,0.0,True,True,proven_optimal,proven_optimal,full_corpus,n/a,550.9454170241952,20.55905070155859
2,192,25,top_k,2.832114002108574,4.9542591869831085,21.221451848745346,0.4715878188610077,10,184,0.9583333333333334,0.3333333333333333,0.034703818670423915,True,True,proven_optimal,heuristic_no_guarantee,full_corpus,no_candidate_fits_budget,0.05179201252758503,15.39192392450312
2,192,25,mmr,2.7698900690302253,4.172655284404755,14.027652153745294,0.3117256034165621,10,189,0.984375,0.5,0.05591218985291081,True,True,proven_optimal,heuristic_no_guarantee,full_corpus,no_candidate_fits_budget,0.041499966755509377,14.655503010741933
2,192,25,greedy_objective,2.7852928653359412,3.8936438262462616,11.083509609103203,0.39583962889654295,8,188,0.9791666666666666,0.3888888888888889,0.05066230921793809,True,True,proven_optimal,heuristic_no_guarantee,full_corpus,no_candidate_fits_budget,0.026708992663770914,14.815387581574155
2,192,25,greedy_token_aware,2.9339326694607735,4.8492511212825775,19.15318451821804,0.42562632262706757,10,185,0.9635416666666666,0.3888888888888889,0.0,True,True,proven_optimal,heuristic_no_guarantee,full_corpus,no_candidate_fits_budget,0.05362502997741103,15.859095510598776
2,192,25,ilp,2.9339326694607735,4.8492511212825775,19.15318451821804,0.42562632262706757,10,185,0.9635416666666666,0.3888888888888889,0.0,True,True,proven_optimal,proven_optimal,full_corpus,n/a,834.0713339857757,15.859095510598776
2,256,25,top_k,2.9751231178641317,5.3763013780117035,24.011782601475716,0.43657786548137667,11,225,0.87890625,0.3888888888888889,0.006739839086568163,True,True,proven_optimal,heuristic_no_guarantee,full_corpus,no_positive_marginal_gain,0.054791977163404226,13.222769412729475
2,256,25,mmr,2.0011099204421043,2.356175422668457,3.550655022263527,0.3550655022263527,5,255,0.99609375,0.2777777777777778,0.3319191566731793,True,True,proven_optimal,heuristic_no_guarantee,full_corpus,no_candidate_fits_budget,0.02316600875928998,7.847489884086683
2,256,25,greedy_objective,2.603680258989334,3.555686295032501,9.520060360431671,0.45333620763960336,7,247,0.96484375,0.3333333333333333,0.13074794872103315,True,True,proven_optimal,heuristic_no_guarantee,full_corpus,no_candidate_fits_budget,0.02354104071855545,10.5412156234386
2,256,25,greedy_token_aware,2.976487381756306,5.251792788505554,22.753054067492485,0.413691892136227,11,224,0.875,0.3888888888888889,0.0062843725665668055,True,True,proven_optimal,heuristic_no_guarantee,full_corpus,no_positive_marginal_gain,0.05887501174584031,13.287890097126365
2,256,25,ilp,2.9953110322356222,5.299987971782684,23.04676939547062,0.41903217082673855,11,252,0.984375,0.3888888888888889,0.0,True,True,proven_optimal,proven_optimal,full_corpus,n/a,1631.1593749560416,11.886154889823898
2,384,25,top_k,3.0043421760201454,5.8858082592487335,28.81466083228588,0.4365857701861497,12,367,0.9557291666666666,0.4444444444444444,0.019350452229013042,True,True,proven_optimal,heuristic_no_guarantee,full_corpus,no_positive_marginal_gain,0.054957985412329435,8.186218463270151
2,384,25,mmr,2.7278894377872347,4.059643238782883,13.317538009956479,0.295945289110144,10,380,0.9895833333333334,0.5555555555555556,0.1095875946197928,True,True,proven_optimal,heuristic_no_guarantee,full_corpus,no_candidate_fits_budget,0.039417005609720945,7.1786564152295655
2,384,25,greedy_objective,3.063624684512615,5.406953185796738,23.433285012841225,0.4260597275062041,11,355,0.9244791666666666,0.4444444444444444,4.863899026763621e-09,True,True,proven_optimal,heuristic_no_guarantee,full_corpus,no_positive_marginal_gain,0.03545900108292699,8.62992868876793
2,384,25,greedy_token_aware,3.016396127641201,5.761299669742584,27.449035421013832,0.41589447607596713,12,366,0.953125,0.4444444444444444,0.015415912980990227,True,True,proven_optimal,heuristic_no_guarantee,full_corpus,no_positive_marginal_gain,0.060166988987475634,8.241519474429511
2,384,25,ilp,3.063624699413776,5.406953185796738,23.433284863829613,0.4260597247969021,11,355,0.9244791666666666,0.4444444444444444,0.0,True,True,proven_optimal,proven_optimal,full_corpus,n/a,5101.972540956922,8.62992873074303
2,512,25,top_k,3.0043421760201454,5.8858082592487335,28.81466083228588,0.4365857701861497,12,367,0.716796875,0.4444444444444444,0.021428604235384178,True,True,proven_optimal,heuristic_no_guarantee,full_corpus,no_positive_marginal_gain,0.05604105535894632,8.186218463270151
2,512,25,mmr,2.6492028890177606,4.0442027151584625,13.949998261407018,0.3099999613646004,10,509,0.994140625,0.5555555555555556,0.13710422552335158,True,True,proven_optimal,heuristic_no_guarantee,full_corpus,no_candidate_fits_budget,0.040209037251770496,5.204720803571239
2,512,25,greedy_objective,3.063624684512615,5.406953185796738,23.433285012841225,0.4260597275062041,11,355,0.693359375,0.4444444444444444,0.0021191635388679267,True,True,proven_optimal,heuristic_no_guarantee,full_corpus,no_positive_marginal_gain,0.03566598752513528,8.62992868876793
2,512,25,greedy_token_aware,3.0255805537104603,5.695422828197479,26.698422744870186,0.40452155674045737,12,398,0.77734375,0.4444444444444444,0.014510860622131999,True,True,proven_optimal,heuristic_no_guarantee,full_corpus,no_positive_marginal_gain,0.06233295425772667,7.601961190227287
2,512,25,ilp,3.070130793750286,5.328882187604904,22.58751393854618,0.41068207160993053,11,419,0.818359375,0.4444444444444444,0.0,True,True,proven_optimal,proven_optimal,full_corpus,n/a,14922.882707964163,7.327281130668941
2,768,25,top_k,3.017358514666557,5.89392477273941,28.76566258072853,0.43584337243528076,12,558,0.7265625,0.4444444444444444,0.019593556542031137,True,True,proven_optimal,heuristic_no_guarantee,full_corpus,no_positive_marginal_gain,0.06970798131078482,5.407452535244726
2,768,25,mmr,2.84963232781738,5.539830416440964,26.901980886235833,0.34489719084917736,13,736,0.9583333333333334,0.6666666666666666,0.07409150019846812,True,True,proven_optimal,heuristic_no_guarantee,full_corpus,no_positive_marginal_gain,0.17737498274073005,3.871783054099701
2,768,25,greedy_objective,3.077660821378231,5.838389068841934,27.60728247463703,0.4182921587066217,12,561,0.73046875,0.5,4.841716480969288e-09,True,True,proven_optimal,heuristic_no_guarantee,full_corpus,no_positive_marginal_gain,0.10887498501688242,5.486026419569039
2,768,25,greedy_token_aware,3.0255805537104603,5.695422828197479,26.698422744870186,0.40452155674045737,12,398,0.5182291666666666,0.4444444444444444,0.016922034408408754,True,True,proven_optimal,heuristic_no_guarantee,full_corpus,no_positive_marginal_gain,0.2901249681599438,7.601961190227287
2,768,25,ilp,3.0776608362793922,5.838389068841934,27.60728232562542,0.41829215644886997,12,561,0.73046875,0.5,0.0,True,True,proven_optimal,proven_optimal,full_corpus,n/a,26990.32395798713,5.486026446130824
2,1024,25,top_k,3.017358514666557,5.89392477273941,28.76566258072853,0.43584337243528076,12,558,0.544921875,0.4444444444444444,0.019593556542031137,True,True,proven_optimal,heuristic_no_guarantee,full_corpus,no_positive_marginal_gain,0.05829200381413102,5.407452535244726
2,1024,25,mmr,2.84963232781738,5.539830416440964,26.901980886235833,0.34489719084917736,13,736,0.71875,0.6666666666666666,0.07409150019846812,True,True,proven_optimal,heuristic_no_guarantee,full_corpus,no_positive_marginal_gain,0.05345896352082491,3.871783054099701
2,1024,25,greedy_objective,3.077660821378231,5.838389068841934,27.60728247463703,0.4182921587066217,12,561,0.5478515625,0.5,4.841716480969288e-09,True,True,proven_optimal,heuristic_no_guarantee,full_corpus,no_positive_marginal_gain,0.03995798761025071,5.486026419569039
2,1024,25,greedy_token_aware,3.0255805537104603,5.695422828197479,26.698422744870186,0.40452155674045737,12,398,0.388671875,0.4444444444444444,0.016922034408408754,True,True,proven_optimal,heuristic_no_guarantee,full_corpus,no_positive_marginal_gain,0.06533303530886769,7.601961190227287
2,1024,25,ilp,3.0776608362793922,5.838389068841934,27.60728232562542,0.41829215644886997,12,561,0.5478515625,0.5,0.0,True,True,proven_optimal,proven_optimal,full_corpus,n/a,12883.03258299129,5.486026446130824
2,2048,25,top_k,3.017358514666557,5.89392477273941,28.76566258072853,0.43584337243528076,12,558,0.2724609375,0.4444444444444444,0.019593556542031137,True,True,proven_optimal,heuristic_no_guarantee,full_corpus,no_positive_marginal_gain,0.06133399438112974,5.407452535244726
2,2048,25,mmr,2.84963232781738,5.539830416440964,26.901980886235833,0.34489719084917736,13,736,0.359375,0.6666666666666666,0.07409150019846812,True,True,proven_optimal,heuristic_no_guarantee,full_corpus,no_positive_marginal_gain,0.05462497938424349,3.871783054099701
2,2048,25,greedy_objective,3.077660821378231,5.838389068841934,27.60728247463703,0.4182921587066217,12,561,0.27392578125,0.5,4.841716480969288e-09,True,True,proven_optimal,heuristic_no_guarantee,full_corpus,no_positive_marginal_gain,0.040041981264948845,5.486026419569039
2,2048,25,greedy_token_aware,3.0255805537104603,5.695422828197479,26.698422744870186,0.40452155674045737,12,398,0.1943359375,0.4444444444444444,0.016922034408408754,True,True,proven_optimal,heuristic_no_guarantee,full_corpus,no_positive_marginal_gain,0.06533297710120678,7.601961190227287
2,2048,25,ilp,3.0776608362793922,5.838389068841934,27.60728232562542,0.41829215644886997,12,561,0.27392578125,0.5,0.0,True,True,proven_optimal,proven_optimal,full_corpus,n/a,22101.21558397077,5.486026446130824
3,96,25,top_k,1.4898244887590408,1.6776176691055298,1.8779318034648895,0.6259772678216299,3,94,0.9791666666666666,0.15789473684210525,0.24603108010497407,True,True,proven_optimal,heuristic_no_guarantee,full_corpus,no_candidate_fits_budget,0.018667022231966257,15.849196688925966
3,96,25,mmr,1.4404310181736946,1.5469491481781006,1.0651813000440598,0.3550604333480199,3,91,0.9479166666666666,0.15789473684210525,0.27102807938112405,True,True,proven_optimal,heuristic_no_guarantee,full_corpus,no_candidate_fits_budget,0.015666999388486147,15.828912287623018
3,96,25,greedy_objective,1.4898244887590408,1.6776176691055298,1.8779318034648895,0.6259772678216299,3,94,0.9791666666666666,0.15789473684210525,0.24603108010497407,True,True,proven_optimal,heuristic_no_guarantee,full_corpus,no_candidate_fits_budget,0.012125005014240742,15.849196688925966
3,96,25,greedy_token_aware,1.88660526946187,2.5132003724575043,6.265951029956341,0.41773006866375606,6,74,0.7708333333333334,0.21052631578947367,0.045228650745791715,True,True,proven_optimal,heuristic_no_guarantee,full_corpus,no_positive_marginal_gain,0.03629195271059871,25.494665803538783
3,96,25,ilp,1.9759759977459908,2.409190058708191,4.332140609622002,0.43321406096220016,5,90,0.9375,0.21052631578947367,0.0,True,True,proven_optimal,proven_optimal,full_corpus,n/a,457.9784579691477,21.95528886384434
3,128,25,top_k,1.4896168410778046,1.7019038796424866,2.12287038564682,0.7076234618822733,3,120,0.9375,0.15789473684210525,0.3507663975293453,True,True,proven_optimal,heuristic_no_guarantee,full_corpus,no_candidate_fits_budget,0.027542002499103546,12.41347367564837
3,128,25,mmr,2.089242286980152,2.577491968870163,4.882496818900108,0.3254997879266739,6,128,1.0,0.2631578947368421,0.08942604634576176,True,True,proven_optimal,heuristic_no_guarantee,full_corpus,no_candidate_fits_budget,0.02779101487249136,16.32220536703244
3,128,25,greedy_objective,1.505129587650299,1.696235179901123,1.9110559225082397,0.63701864083608,3,119,0.9296875,0.15789473684210525,0.34400533249319293,True,True,proven_optimal,heuristic_no_guarantee,full_corpus,no_candidate_fits_budget,0.012499978765845299,12.648147795380664
3,128,25,greedy_token_aware,2.2227808095514776,2.9923605024814606,7.695796929299831,0.3664665204428491,7,113,0.8828125,0.2631578947368421,0.031224706452973757,True,True,proven_optimal,heuristic_no_guarantee,full_corpus,no_positive_marginal_gain,0.042417028453201056,19.670626633198914
3,128,25,ilp,2.2944235101342203,2.9135478138923645,6.191243037581444,0.4127495358387629,6,128,1.0,0.2631578947368421,0.0,True,True,proven_optimal,proven_optimal,full_corpus,n/a,581.432291015517,17.925183672923595
3,192,25,top_k,2.3748536497354507,3.249271273612976,8.744176238775253,0.5829450825850169,6,183,0.953125,0.2631578947368421,0.10959927844289477,True,True,proven_optimal,heuristic_no_guarantee,full_corpus,no_candidate_fits_budget,0.040082959458231926,12.977342348281152
3,192,25,mmr,2.187438116967678,2.6807612776756287,4.933231607079506,0.32888210713863375,6,192,1.0,0.3157894736842105,0.1798667349769104,True,True,proven_optimal,heuristic_no_guarantee,full_corpus,no_candidate_fits_budget,0.03024999750778079,11.392906859206656
3,192,25,greedy_objective,2.4353295817971228,3.1791977882385254,7.438682064414024,0.4959121376276016,6,183,0.953125,0.2631578947368421,0.0869251176370069,True,True,proven_optimal,heuristic_no_guarantee,full_corpus,no_candidate_fits_budget,0.021916988771408796,13.30781192238865
3,192,25,greedy_token_aware,2.6671739950776097,3.9561392068862915,12.889652118086815,0.46034471850310055,8,181,0.9427083333333334,0.3157894736842105,0.0,True,True,proven_optimal,heuristic_no_guarantee,full_corpus,no_candidate_fits_budget,0.050166971050202847,14.735767928605577
3,192,25,ilp,2.6671739950776097,3.9561392068862915,12.889652118086815,0.46034471850310055,8,181,0.9427083333333334,0.3157894736842105,0.0,True,True,proven_optimal,proven_optimal,full_corpus,n/a,1115.3890420100652,14.735767928605577
3,256,25,top_k,2.51101259291172,3.788251519203186,12.772389262914658,0.6082090125197456,7,251,0.98046875,0.3157894736842105,0.11888791290411346,True,True,proven_optimal,heuristic_no_guarantee,full_corpus,no_candidate_fits_budget,0.04341598832979798,10.00403423470805
3,256,25,mmr,2.644045077264309,3.7443838715553284,11.003387942910194,0.39297814081822124,8,246,0.9609375,0.42105263157894735,0.0722069323824115,True,True,proven_optimal,heuristic_no_guarantee,full_corpus,no_candidate_fits_budget,0.034958007745444775,10.748150720586622
3,256,25,greedy_objective,2.832646642625332,4.559524238109589,17.268775954842567,0.4796882209678491,9,248,0.96875,0.3684210526315789,0.006026810723959626,True,True,proven_optimal,heuristic_no_guarantee,full_corpus,no_candidate_fits_budget,0.031000003218650818,11.421962268650532
3,256,25,greedy_token_aware,2.8178718641400335,4.494814395904541,16.769425317645073,0.46581736993458533,9,222,0.8671875,0.3684210526315789,0.011211267362811082,True,True,proven_optimal,heuristic_no_guarantee,full_corpus,no_positive_marginal_gain,0.05145795876160264,12.693116505135286
3,256,25,ilp,2.8498219802975653,4.565192937850952,17.153709575533867,0.47649193265371853,9,249,0.97265625,0.42105263157894735,0.0,True,True,proven_optimal,proven_optimal,full_corpus,n/a,1616.615415958222,11.445068193966126
3,384,25,top_k,2.8717789158225058,5.5876129269599915,27.158340111374855,0.49378800202499734,11,299,0.7786458333333334,0.42105263157894735,0.019066062608925034,True,True,proven_optimal,heuristic_no_guarantee,full_corpus,no_positive_marginal_gain,0.0551670091226697,9.6046117586037
3,384,25,mmr,2.430717580765486,3.34476575255394,9.14048171788454,0.3264457756387336,8,379,0.9869791666666666,0.42105263157894735,0.16972251796650287,True,True,proven_optimal,heuristic_no_guarantee,full_corpus,no_candidate_fits_budget,0.03512500552460551,6.413502851623973
3,384,25,greedy_objective,2.9046428471803667,4.651009917259216,17.463670700788498,0.48510196391079163,9,378,0.984375,0.3684210526315789,0.007840495972370966,True,True,proven_optimal,heuristic_no_guarantee,full_corpus,no_candidate_fits_budget,0.03125000512227416,7.684240336455996
3,384,25,greedy_token_aware,2.895460936427116,5.251327633857727,23.558666974306107,0.4283393995328383,11,309,0.8046875,0.47368421052631576,0.01097682649500794,True,True,proven_optimal,heuristic_no_guarantee,full_corpus,no_positive_marginal_gain,0.061041966546326876,9.370423742482577
3,384,25,ilp,2.9275966569781304,4.949096262454987,20.214996054768562,0.4492221345504125,10,364,0.9479166666666666,0.42105263157894735,0.0,True,True,proven_optimal,proven_optimal,full_corpus,n/a,6249.270959000569,8.042847958731127
3,512,25,top_k,2.9122656658291817,5.699929654598236,27.876639887690544,0.5068479979580099,11,461,0.900390625,0.42105263157894735,0.0146893065747738,True,True,proven_optimal,heuristic_no_guarantee,full_corpus,no_positive_marginal_gain,0.056334014516323805,6.317279101581739
3,512,25,mmr,2.943603464961052,5.266202986240387,23.22599521279335,0.42229082205078816,11,496,0.96875,0.5263157894736842,0.004086747558492567,True,True,proven_optimal,heuristic_no_guarantee,full_corpus,no_positive_marginal_gain,0.047707988414913416,5.934684405163411
3,512,25,greedy_objective,2.9556826159358023,5.058923363685608,21.032407477498055,0.4673868328332901,10,448,0.875,0.47368421052631576,-7.56229435437036e-09,True,True,proven_optimal,heuristic_no_guarantee,full_corpus,no_positive_marginal_gain,0.03545900108292699,6.597505839142416
3,512,25,greedy_token_aware,2.93889192789793,5.4983298778533936,25.594379499554634,0.46535235453735696,11,403,0.787109375,0.47368421052631576,0.005680808122826939,True,True,proven_optimal,heuristic_no_guarantee,full_corpus,no_positive_marginal_gain,0.060125021263957024,7.292535801235559
3,512,25,ilp,2.9556825935840605,5.058923363685608,21.032407701015472,0.46738683780034385,10,448,0.875,0.47368421052631576,0.0,True,True,proven_optimal,proven_optimal,full_corpus,n/a,13437.764082977083,6.597505789250135
3,768,25,top_k,2.9122656658291817,5.699929654598236,27.876639887690544,0.5068479979580099,11,461,0.6002604166666666,0.42105263157894735,0.02057892256568582,True,True,proven_optimal,heuristic_no_guarantee,full_corpus,no_positive_marginal_gain,0.05462497938424349,6.317279101581739
3,768,25,mmr,2.892649371922016,5.655856788158417,27.632074162364006,0.4186677903388486,12,609,0.79296875,0.5789473684210527,0.027176058238867706,True,True,proven_optimal,heuristic_no_guarantee,full_corpus,no_positive_marginal_gain,0.0517910229973495,4.749834765060781
3,768,25,greedy_objective,2.97033514380455,5.126122832298279,21.557876884937286,0.47906393077638415,10,552,0.71875,0.42105263157894735,0.001049636020156982,True,True,proven_optimal,heuristic_no_guarantee,full_corpus,no_positive_marginal_gain,0.03487500362098217,5.381041927182156
3,768,25,greedy_token_aware,2.93889192789793,5.4983298778533936,25.594379499554634,0.46535235453735696,11,403,0.5247395833333334,0.47368421052631576,0.01162427169388878,True,True,proven_optimal,heuristic_no_guarantee,full_corpus,no_positive_marginal_gain,0.060165999457240105,7.292535801235559
3,768,25,ilp,2.9734561905264854,5.5132052302360535,25.39749039709568,0.46177255267446693,11,590,0.7682291666666666,0.5263157894736842,0.0,True,True,proven_optimal,proven_optimal,full_corpus,n/a,19166.053541994188,5.039756255129636
3,1024,25,top_k,2.9122656658291817,5.699929654598236,27.876639887690544,0.5068479979580099,11,461,0.4501953125,0.42105263157894735,0.02057892256568582,True,True,proven_optimal,heuristic_no_guarantee,full_corpus,no_positive_marginal_gain,0.059542013332247734,6.317279101581739
3,1024,25,mmr,2.892649371922016,5.655856788158417,27.632074162364006,0.4186677903388486,12,609,0.5947265625,0.5789473684210527,0.027176058238867706,True,True,proven_optimal,heuristic_no_guarantee,full_corpus,no_positive_marginal_gain,0.051292008720338345,4.749834765060781
3,1024,25,greedy_objective,2.97033514380455,5.126122832298279,21.557876884937286,0.47906393077638415,10,552,0.5390625,0.42105263157894735,0.001049636020156982,True,True,proven_optimal,heuristic_no_guarantee,full_corpus,no_positive_marginal_gain,0.03495794953778386,5.381041927182156
3,1024,25,greedy_token_aware,2.93889192789793,5.4983298778533936,25.594379499554634,0.46535235453735696,11,403,0.3935546875,0.47368421052631576,0.01162427169388878,True,True,proven_optimal,heuristic_no_guarantee,full_corpus,no_positive_marginal_gain,0.0666659907437861,7.292535801235559
3,1024,25,ilp,2.9734561905264854,5.5132052302360535,25.39749039709568,0.46177255267446693,11,590,0.576171875,0.5263157894736842,0.0,True,True,proven_optimal,proven_optimal,full_corpus,n/a,23888.689332990907,5.039756255129636
3,2048,25,top_k,2.9122656658291817,5.699929654598236,27.876639887690544,0.5068479979580099,11,461,0.22509765625,0.42105263157894735,0.02057892256568582,True,True,proven_optimal,heuristic_no_guarantee,full_corpus,no_positive_marginal_gain,0.05683302879333496,6.317279101581739
3,2048,25,mmr,2.892649371922016,5.655856788158417,27.632074162364006,0.4186677903388486,12,609,0.29736328125,0.5789473684210527,0.027176058238867706,True,True,proven_optimal,heuristic_no_guarantee,full_corpus,no_positive_marginal_gain,0.05116697866469622,4.749834765060781
3,2048,25,greedy_objective,2.97033514380455,5.126122832298279,21.557876884937286,0.47906393077638415,10,552,0.26953125,0.42105263157894735,0.001049636020156982,True,True,proven_optimal,heuristic_no_guarantee,full_corpus,no_positive_marginal_gain,0.03487494541332126,5.381041927182156
3,2048,25,greedy_token_aware,2.93889192789793,5.4983298778533936,25.594379499554634,0.46535235453735696,11,403,0.19677734375,0.47368421052631576,0.01162427169388878,True,True,proven_optimal,heuristic_no_guarantee,full_corpus,no_positive_marginal_gain,0.06150000263005495,7.292535801235559
3,2048,25,ilp,2.9734561905264854,5.5132052302360535,25.39749039709568,0.46177255267446693,11,590,0.2880859375,0.5263157894736842,0.0,True,True,proven_optimal,proven_optimal,full_corpus,n/a,17795.830750023015,5.039756255129636
4,96,25,top_k,1.490284863114357,1.6716622114181519,1.8137734830379486,0.6045911610126495,3,96,1.0,0.1875,0.26491708066491765,True,True,proven_optimal,heuristic_no_guarantee,full_corpus,no_candidate_fits_budget,0.022000051103532314,15.52380065744122
4,96,25,mmr,1.5507370725274086,1.7489600479602814,1.9822297543287277,0.19822297543287276,5,91,0.9479166666666666,0.3125,0.23509903199820997,True,True,proven_optimal,heuristic_no_guarantee,full_corpus,no_candidate_fits_budget,0.02441596006974578,17.041066731070423
4,96,25,greedy_objective,1.4902848720550537,1.6716622114181519,1.8137733936309814,0.6045911312103271,3,96,1.0,0.1875,0.26491707625491956,True,True,proven_optimal,heuristic_no_guarantee,full_corpus,no_candidate_fits_budget,0.012375006917864084,15.523800750573477
4,96,25,greedy_token_aware,2.027369750291109,2.657216042280197,6.298462919890881,0.29992680570908953,7,96,1.0,0.3125,-7.717496576827943e-09,True,True,proven_optimal,heuristic_no_guarantee,full_corpus,no_candidate_fits_budget,0.04004203947260976,21.11843489886572
4,96,25,ilp,2.02736973464489,2.657216042280197,6.298463076353073,0.2999268131596701,7,96,1.0,0.3125,0.0,True,True,proven_optimal,proven_optimal,full_corpus,n/a,184.14937501074746,21.11843473588427
4,128,25,top_k,1.55255588889122,1.7887114882469177,2.3615559935569763,0.7871853311856588,3,124,0.96875,0.125,0.32881220550936535,True,True,proven_optimal,heuristic_no_guarantee,full_corpus,no_candidate_fits_budget,0.025541987270116806,12.520612007187259
4,128,25,mmr,2.034528189897537,2.5407884418964386,5.062602519989014,0.24107631047566733,7,121,0.9453125,0.4375,0.12045002799765334,True,True,proven_optimal,heuristic_no_guarantee,full_corpus,no_candidate_fits_budget,0.031333998776972294,16.81428256113667
4,128,25,greedy_objective,1.55637486577034,1.7732540369033813,2.168791711330414,0.7229305704434713,3,121,0.9453125,0.1875,0.3271612178141412,True,True,proven_optimal,heuristic_no_guarantee,full_corpus,no_candidate_fits_budget,0.01233298098668456,12.86260219644909
4,128,25,greedy_token_aware,2.2784289777278897,3.4490444362163544,11.706154584884644,0.3251709606912401,9,126,0.984375,0.375,0.015008907951859999,True,True,proven_optimal,heuristic_no_guarantee,full_corpus,no_candidate_fits_budget,0.05262502236291766,18.08276966450706
4,128,25,ilp,2.313146784901619,3.0365200340747833,7.233732491731644,0.3444634519872211,7,125,0.9765625,0.375,0.0,True,True,proven_optimal,proven_optimal,full_corpus,n/a,590.1233339682221,18.50517427921295
4,192,25,top_k,2.1502145379781723,3.233364760875702,10.831502228975296,0.722100148598353,6,191,0.9947916666666666,0.25,0.1753649829088991,True,True,proven_optimal,heuristic_no_guarantee,full_corpus,no_candidate_fits_budget,0.040040991734713316,11.257667738105614
4,192,25,mmr,1.7474076293408871,2.0180726051330566,2.7066497579216957,0.2706649757921696,5,190,0.9895833333333334,0.3125,0.32984662933142606,True,True,proven_optimal,heuristic_no_guarantee,full_corpus,no_candidate_fits_budget,0.02400000812485814,9.196882259688879
4,192,25,greedy_objective,2.307038702070713,3.064301908016205,7.572632059454918,0.5048421372969946,6,188,0.9791666666666666,0.3125,0.11522089265530472,True,True,proven_optimal,heuristic_no_guarantee,full_corpus,no_candidate_fits_budget,0.02179195871576667,12.271482457822941
4,192,25,greedy_token_aware,2.5578040957450865,4.096418112516403,15.386140167713165,0.34191422594918147,10,167,0.8697916666666666,0.4375,0.01904912884006872,True,True,proven_optimal,heuristic_no_guarantee,full_corpus,no_positive_marginal_gain,0.05549995694309473,15.316192190090339
4,192,25,ilp,2.607474207878113,4.198009938001633,15.905357301235199,0.3534523844718933,10,192,1.0,0.5,0.0,True,True,proven_optimal,proven_optimal,full_corpus,n/a,1128.2980419928208,13.580594832698504
4,256,25,top_k,2.480240999162197,4.806314945220947,23.2607394605875,0.5169053213463889,10,246,0.9609375,0.4375,0.06345998925566573,True,True,proven_optimal,heuristic_no_guarantee,full_corpus,no_candidate_fits_budget,0.05245901411399245,10.082280484399176
4,256,25,mmr,2.254802341014147,2.9114928245544434,6.5669048354029655,0.3127097540668079,7,245,0.95703125,0.4375,0.1485857183261399,True,True,proven_optimal,heuristic_no_guarantee,full_corpus,no_candidate_fits_budget,0.03024999750778079,9.203274861282232
4,256,25,greedy_objective,2.34596855789423,2.9728841483592987,6.269155904650688,0.41794372697671256,6,255,0.99609375,0.375,0.11416131772747462,True,True,proven_optimal,heuristic_no_guarantee,full_corpus,no_candidate_fits_budget,0.02112501533702016,9.19987669762443
4,256,25,greedy_token_aware,2.588479059934616,4.661154538393021,20.726754784584045,0.3768500869924372,11,209,0.81640625,0.5,0.02258925345499615,True,True,proven_optimal,heuristic_no_guarantee,full_corpus,no_positive_marginal_gain,0.05870801396667957,12.385067272414432
4,256,25,ilp,2.6483022302389143,4.46834123134613,18.20039001107216,0.4044531113571591,10,246,0.9609375,0.5625,0.0,True,True,proven_optimal,proven_optimal,full_corpus,n/a,3283.8959169457667,10.765456220483392
4,384,25,top_k,2.398576799035072,3.2779430150985718,8.793662160634995,0.5862441440423329,6,382,0.9947916666666666,0.3125,0.13018273108625356,True,True,proven_optimal,heuristic_no_guarantee,full_corpus,no_candidate_fits_budget,0.0369579647667706,6.278996856112755
4,384,25,mmr,2.694043640047312,4.255818009376526,15.617743693292141,0.3470609709620476,10,383,0.9973958333333334,0.625,0.023034958787602006,True,True,proven_optimal,heuristic_no_guarantee,full_corpus,no_candidate_fits_budget,0.04325003828853369,7.034056501429013
4,384,25,greedy_objective,2.398576799035072,3.2779430150985718,8.793662160634995,0.5862441440423329,6,382,0.9947916666666666,0.3125,0.13018273108625356,True,True,proven_optimal,heuristic_no_guarantee,full_corpus,no_candidate_fits_budget,0.02195802517235279,6.278996856112755
4,384,25,greedy_token_aware,2.685057874023914,4.5697367787361145,18.846789047122,0.3426688917658546,11,276,0.71875,0.5,0.026293547157469486,True,True,proven_optimal,heuristic_no_guarantee,full_corpus,no_positive_marginal_gain,0.06441696314141154,9.72847055805766
4,384,25,ilp,2.7575640134513377,4.36505851149559,16.074944980442524,0.35722099956538944,10,314,0.8177083333333334,0.625,0.0,True,True,proven_optimal,proven_optimal,full_corpus,n/a,8074.785500008147,8.782050998252668
4,512,25,top_k,2.5150031745433807,4.181126087903976,16.661229133605957,0.5950438976287842,8,507,0.990234375,0.4375,0.10379789698821003,True,True,proven_optimal,heuristic_no_guarantee,full_corpus,no_candidate_fits_budget,0.0470829545520246,4.960558529671363
4,512,25,mmr,2.716088309139013,4.949468672275543,22.3338036313653,0.40606915693391454,11,452,0.8828125,0.625,0.03214275065157222,True,True,proven_optimal,heuristic_no_guarantee,full_corpus,no_positive_marginal_gain,0.048916961532086134,6.009044931723481
4,512,25,greedy_objective,2.7776391215622422,4.984974414110184,22.073352925479412,0.40133368955417115,11,450,0.87890625,0.625,0.010209590449578735,True,True,proven_optimal,heuristic_no_guarantee,full_corpus,no_positive_marginal_gain,0.0421669683419168,6.172531381249427
4,512,25,greedy_token_aware,2.698607461154461,5.036370664834976,23.377632036805153,0.3542065460121993,12,386,0.75390625,0.5625,0.03837191683504216,True,True,proven_optimal,heuristic_no_guarantee,full_corpus,no_positive_marginal_gain,0.0702079851180315,6.9912110392602616
4,512,25,ilp,2.806290195137262,4.831692397594452,20.254022024571896,0.3682549459013072,11,424,0.828125,0.6875,0.0,True,True,proven_optimal,proven_optimal,full_corpus,n/a,8653.418416972272,6.618608950795429
4,768,25,top_k,2.6294378355145454,5.317977607250214,26.885397717356682,0.48882541304284877,11,678,0.8828125,0.5625,0.06301997202950438,True,True,proven_optimal,heuristic_no_guarantee,full_corpus,no_positive_marginal_gain,0.05625002086162567,3.8782268960391524
4,768,25,mmr,2.716088309139013,4.949468672275543,22.3338036313653,0.40606915693391454,11,452,0.5885416666666666,0.625,0.032142739602207704,True,True,proven_optimal,heuristic_no_guarantee,full_corpus,no_positive_marginal_gain,0.045707973185926676,6.009044931723481
4,768,25,greedy_objective,2.7776391215622422,4.984974414110184,22.073352925479412,0.40133368955417115,11,450,0.5859375,0.625,0.01020957914981832,True,True,proven_optimal,heuristic_no_guarantee,full_corpus,no_positive_marginal_gain,0.03595795715227723,6.172531381249427
4,768,25,greedy_token_aware,2.698607461154461,5.036370664834976,23.377632036805153,0.3542065460121993,12,386,0.5026041666666666,0.5625,0.038371905856791774,True,True,proven_optimal,heuristic_no_guarantee,full_corpus,no_positive_marginal_gain,0.06441702134907246,6.9912110392602616
4,768,25,ilp,2.806290163099766,4.831692397594452,20.25402234494686,0.36825495172630657,11,424,0.5520833333333334,0.6875,0.0,True,True,proven_optimal,proven_optimal,full_corpus,n/a,10010.34483301919,6.618608875235297
4,1024,25,top_k,2.6294378355145454,5.317977607250214,26.885397717356682,0.48882541304284877,11,678,0.662109375,0.5625,0.06301998521400656,True,True,proven_optimal,heuristic_no_guarantee,full_corpus,no_positive_marginal_gain,0.05287496605888009,3.8782268960391524
4,1024,25,mmr,2.716088309139013,4.949468672275543,22.3338036313653,0.40606915693391454,11,452,0.44140625,0.625,0.032142753221191867,True,True,proven_optimal,heuristic_no_guarantee,full_corpus,no_positive_marginal_gain,0.04691700451076031,6.009044931723481
4,1024,25,greedy_objective,2.7776391215622422,4.984974414110184,22.073352925479412,0.40133368955417115,11,450,0.439453125,0.625,0.010209593077429987,True,True,proven_optimal,heuristic_no_guarantee,full_corpus,no_positive_marginal_gain,0.03754202043637633,6.172531381249427
4,1024,25,greedy_token_aware,2.698607461154461,5.036370664834976,23.377632036805153,0.3542065460121993,12,386,0.376953125,0.5625,0.03837191938812364,True,True,proven_optimal,heuristic_no_guarantee,full_corpus,no_positive_marginal_gain,0.06341701373457909,6.9912110392602616
4,1024,25,ilp,2.8062902025878427,4.831692397594452,20.25402195006609,0.3682549445466562,11,424,0.4140625,0.6875,0.0,True,True,proven_optimal,proven_optimal,full_corpus,n/a,9841.135833994485,6.618608968367553
4,2048,25,top_k,2.6294378355145454,5.317977607250214,26.885397717356682,0.48882541304284877,11,678,0.3310546875,0.5625,0.06301998521400656,True,True,proven_optimal,heuristic_no_guarantee,full_corpus,no_positive_marginal_gain,0.05466700531542301,3.8782268960391524
4,2048,25,mmr,2.716088309139013,4.949468672275543,22.3338036313653,0.40606915693391454,11,452,0.220703125,0.625,0.032142753221191867,True,True,proven_optimal,heuristic_no_guarantee,full_corpus,no_positive_marginal_gain,0.04720798460766673,6.009044931723481
4,2048,25,greedy_objective,2.7776391215622422,4.984974414110184,22.073352925479412,0.40133368955417115,11,450,0.2197265625,0.625,0.010209593077429987,True,True,proven_optimal,heuristic_no_guarantee,full_corpus,no_positive_marginal_gain,0.03774999640882015,6.172531381249427
4,2048,25,greedy_token_aware,2.698607461154461,5.036370664834976,23.377632036805153,0.3542065460121993,12,386,0.1884765625,0.5625,0.03837191938812364,True,True,proven_optimal,heuristic_no_guarantee,full_corpus,no_positive_marginal_gain,0.0660410150885582,6.9912110392602616
4,2048,25,ilp,2.8062902025878427,4.831692397594452,20.25402195006609,0.3682549445466562,11,424,0.20703125,0.6875,0.0,True,True,proven_optimal,proven_optimal,full_corpus,n/a,12879.656957986299,6.618608968367553
5,96,25,top_k,1.8849415451288223,2.6097292304039,7.247876852750778,0.7247876852750779,5,91,0.9479166666666666,0.15789473684210525,0.15970745474041328,True,True,proven_optimal,heuristic_no_guarantee,full_corpus,no_candidate_fits_budget,0.024917011614888906,20.713643353063983
5,96,25,mmr,1.655680949985981,1.839790254831314,1.841093048453331,0.1841093048453331,5,93,0.96875,0.2631578947368421,0.2619100771602718,True,True,proven_optimal,heuristic_no_guarantee,full_corpus,no_candidate_fits_budget,0.02295803278684616,17.803020967591195
5,96,25,greedy_objective,1.4064393997192384,1.593686044216156,1.8724664449691772,0.6241554816563925,3,94,0.9791666666666666,0.15789473684210525,0.3730200567770524,True,True,proven_optimal,heuristic_no_guarantee,full_corpus,no_candidate_fits_budget,0.011958996765315533,14.962121273608918
5,96,25,greedy_token_aware,2.2431967958807943,3.3012613356113434,10.580645397305489,0.503840257014547,7,91,0.9479166666666666,0.21052631578947367,0.0,True,True,proven_optimal,heuristic_no_guarantee,full_corpus,no_candidate_fits_budget,0.038624973967671394,24.65051424044829
5,96,25,ilp,2.2431967958807943,3.3012613356113434,10.580645397305489,0.503840257014547,7,91,0.9479166666666666,0.21052631578947367,0.0,True,True,proven_optimal,proven_optimal,full_corpus,n/a,131.93675002548844,24.65051424044829
5,128,25,top_k,1.8797138214111326,2.631497085094452,7.517832636833191,0.751783263683319,5,120,0.9375,0.15789473684210525,0.2600199012771357,True,True,proven_optimal,heuristic_no_guarantee,full_corpus,no_candidate_fits_budget,0.03529101377353072,15.664281845092772
5,128,25,mmr,1.750656047835946,2.123807907104492,3.731518592685461,0.17769136155645052,7,120,0.9375,0.3684210526315789,0.31082560528553954,True,True,proven_optimal,heuristic_no_guarantee,full_corpus,no_candidate_fits_budget,0.031124975066632032,14.588800398632884
5,128,25,greedy_objective,1.9879967242479324,2.43605637550354,4.480596512556076,0.4480596512556076,5,119,0.9296875,0.2631578947368421,0.217392565020694,True,True,proven_optimal,heuristic_no_guarantee,full_corpus,no_candidate_fits_budget,0.01850002445280552,16.705854825612878
5,128,25,greedy_token_aware,2.424243377149105,3.6859312653541565,12.616878882050514,0.3504688578347365,9,116,0.90625,0.3157894736842105,0.04565693292378946,True,True,proven_optimal,heuristic_no_guarantee,full_corpus,no_positive_marginal_gain,0.051084032747894526,20.898649803009526
5,128,25,ilp,2.5402221284806727,3.7732139825820923,12.329918541014194,0.4403542336076498,8,128,1.0,0.2631578947368421,0.0,True,True,proven_optimal,proven_optimal,full_corpus,n/a,263.73212499311194,19.845485378755257
5,192,25,top_k,2.4424568250775334,4.0611598789691925,16.187030538916588,0.5781082335327353,8,181,0.9427083333333334,0.2631578947368421,0.11245785704575793,True,True,proven_optimal,heuristic_no_guarantee,full_corpus,no_positive_marginal_gain,0.045249995309859514,13.494236602638304
5,192,25,mmr,2.1460107274353506,2.7338958382606506,5.878851108253002,0.20995896815189294,8,190,0.9895833333333334,0.42105263157894735,0.22018070482359461,True,True,proven_optimal,heuristic_no_guarantee,full_corpus,no_candidate_fits_budget,0.03425002796575427,11.294793302291318
5,192,25,greedy_objective,2.6070369563996794,3.8502339124679565,12.431969560682774,0.44399891288152765,8,184,0.9583333333333334,0.3684210526315789,0.05265258190575167,True,True,proven_optimal,heuristic_no_guarantee,full_corpus,no_candidate_fits_budget,0.027375004719942808,14.168679110867823
5,192,25,greedy_token_aware,2.6907406404614447,4.196476310491562,15.05735670030117,0.33460792667335937,10,156,0.8125,0.3684210526315789,0.022236262418513352,True,True,proven_optimal,heuristic_no_guarantee,full_corpus,no_positive_marginal_gain,0.0554159632883966,17.248337438855415
5,192,25,ilp,2.751933352649212,4.251728385686874,14.997950330376625,0.33328778511948054,10,183,0.953125,0.42105263157894735,0.0,True,True,proven_optimal,proven_optimal,full_corpus,n/a,1119.7810000157915,15.037887172946514
5,256,25,top_k,2.24320909678936,4.062525898218155,18.19316801428795,0.6497560005102839,8,253,0.98828125,0.2631578947368421,0.19156460985900783,True,True,proven_optimal,heuristic_no_guarantee,full_corpus,no_candidate_fits_budget,0.041665975004434586,8.866439117744505
5,256,25,mmr,2.6940879449248314,5.19278684258461,24.986988976597786,0.32034601252048445,13,256,1.0,0.5263157894736842,0.029071323780403512,True,True,proven_optimal,heuristic_no_guarantee,full_corpus,no_candidate_fits_budget,0.05291705019772053,10.523781034862623
5,256,25,greedy_objective,2.308274283260107,2.9024726152420044,5.9419833198189735,0.3961322213212649,6,253,0.98828125,0.3157894736842105,0.16811561462964603,True,True,proven_optimal,heuristic_no_guarantee,full_corpus,no_candidate_fits_budget,0.021291954908519983,9.12361376782651
5,256,25,greedy_token_aware,2.7670604333281514,4.770633906126022,20.035734727978706,0.3642860859632492,11,196,0.765625,0.42105263157894735,0.002772597452869974,True,True,proven_optimal,heuristic_no_guarantee,full_corpus,no_positive_marginal_gain,0.06074999691918492,14.117655272082404
5,256,25,ilp,2.7747537083923817,4.487497955560684,17.127442471683025,0.3114080449396914,11,231,0.90234375,0.47368421052631576,0.0,True,True,proven_optimal,proven_optimal,full_corpus,n/a,2281.0991249862127,12.011920815551436
5,384,25,top_k,2.680289606004953,5.134158819913864,24.538692139089108,0.44615803889252925,11,383,0.9973958333333334,0.42105263157894735,0.0569454927515378,True,True,proven_optimal,heuristic_no_guarantee,full_corpus,no_candidate_fits_budget,0.054957985412329435,6.998145185391522
5,384,25,mmr,2.5535800844430923,3.727914273738861,11.743341892957687,0.2609631531768375,10,377,0.9817708333333334,0.5263157894736842,0.10152798307366315,True,True,proven_optimal,heuristic_no_guarantee,full_corpus,no_candidate_fits_budget,0.04279200220480561,6.7734219746501125
5,384,25,greedy_objective,2.784948640316725,4.7468149065971375,19.618662662804127,0.35670295750552955,11,321,0.8359375,0.5263157894736842,0.02012142202020296,True,True,proven_optimal,heuristic_no_guarantee,full_corpus,no_positive_marginal_gain,0.03795797238126397,8.67585246204587
5,384,25,greedy_token_aware,2.836430151760578,5.137709021568298,23.012788698077202,0.34867861663753336,12,305,0.7942708333333334,0.47368421052631576,0.0020077557587970716,True,True,proven_optimal,heuristic_no_guarantee,full_corpus,no_positive_marginal_gain,0.06450002547353506,9.299770989378944
5,384,25,ilp,2.8421364676207306,4.61880350112915,17.7666703350842,0.3230303697288036,11,292,0.7604166666666666,0.47368421052631576,0.0,True,True,proven_optimal,proven_optimal,full_corpus,n/a,12249.141457956284,9.733344067194283
5,512,25,top_k,2.7147680535912513,5.690125495195389,29.753574416041374,0.3814560822569407,13,505,0.986328125,0.5263157894736842,0.044814321188083255,True,True,proven_optimal,heuristic_no_guarantee,full_corpus,no_candidate_fits_budget,0.06341701373457909,5.375778323943072
5,512,25,mmr,2.6498412162065508,4.518308758735657,18.68467542529106,0.2831011428074403,12,501,0.978515625,0.631578947368421,0.06765869831944672,True,True,proven_optimal,heuristic_no_guarantee,full_corpus,no_positive_marginal_gain,0.052374962251633406,5.289104223965171
5,512,25,greedy_objective,2.8164952911436556,5.1138900220394135,22.973947308957577,0.3480901107417815,12,430,0.83984375,0.5789473684210527,0.00902179728291409,True,True,proven_optimal,heuristic_no_guarantee,full_corpus,no_positive_marginal_gain,0.04183303099125624,6.549989049171293
5,512,25,greedy_token_aware,2.836430151760578,5.137709021568298,23.012788698077202,0.34867861663753336,12,305,0.595703125,0.47368421052631576,0.00200775667446996,True,True,proven_optimal,heuristic_no_guarantee,full_corpus,no_positive_marginal_gain,0.06679201032966375,9.299770989378944
5,512,25,ilp,2.8421364702284335,4.61880350112915,17.766670309007168,0.32303036925467576,11,292,0.5703125,0.47368421052631576,0.0,True,True,proven_optimal,proven_optimal,full_corpus,n/a,10324.486541969236,9.733344076124773
5,768,25,top_k,2.7147680535912513,5.690125495195389,29.753574416041374,0.3814560822569407,13,505,0.6575520833333334,0.5263157894736842,0.04481431943528866,True,True,proven_optimal,heuristic_no_guarantee,full_corpus,no_positive_marginal_gain,0.06095797289162874,5.375778323943072
5,768,25,mmr,2.6669741034507752,5.018931686878204,23.519575834274292,0.3015330235163371,13,542,0.7057291666666666,0.6842105263157895,0.061630524683989475,True,True,proven_optimal,heuristic_no_guarantee,full_corpus,no_positive_marginal_gain,0.055750017054378986,4.92061642703095
5,768,25,greedy_objective,2.8164952911436556,5.1138900220394135,22.973947308957577,0.3480901107417815,12,430,0.5598958333333334,0.5789473684210527,0.00902179546443913,True,True,proven_optimal,heuristic_no_guarantee,full_corpus,no_positive_marginal_gain,0.0415419926866889,6.549989049171293
5,768,25,greedy_token_aware,2.836430151760578,5.137709021568298,23.012788698077202,0.34867861663753336,12,305,0.3971354166666667,0.47368421052631576,0.002007754843124025,True,True,proven_optimal,heuristic_no_guarantee,full_corpus,no_positive_marginal_gain,0.0652919989079237,9.299770989378944
5,768,25,ilp,2.842136465013027,4.61880350112915,17.766670361161232,0.3230303702029315,11,292,0.3802083333333333,0.47368421052631576,0.0,True,True,proven_optimal,proven_optimal,full_corpus,n/a,14625.60712499544,9.733344058263791
5,1024,25,top_k,2.7147680535912513,5.690125495195389,29.753574416041374,0.3814560822569407,13,505,0.4931640625,0.5263157894736842,0.04481431943528866,True,True,proven_optimal,heuristic_no_guarantee,full_corpus,no_positive_marginal_gain,0.055917014833539724,5.375778323943072
5,1024,25,mmr,2.6669741034507752,5.018931686878204,23.519575834274292,0.3015330235163371,13,542,0.529296875,0.6842105263157895,0.061630524683989475,True,True,proven_optimal,heuristic_no_guarantee,full_corpus,no_positive_marginal_gain,0.05262502236291766,4.92061642703095
5,1024,25,greedy_objective,2.8164952911436556,5.1138900220394135,22.973947308957577,0.3480901107417815,12,430,0.419921875,0.5789473684210527,0.00902179546443913,True,True,proven_optimal,heuristic_no_guarantee,full_corpus,no_positive_marginal_gain,0.040207989513874054,6.549989049171293
5,1024,25,greedy_token_aware,2.836430151760578,5.137709021568298,23.012788698077202,0.34867861663753336,12,305,0.2978515625,0.47368421052631576,0.002007754843124025,True,True,proven_optimal,heuristic_no_guarantee,full_corpus,no_positive_marginal_gain,0.0628340058028698,9.299770989378944
5,1024,25,ilp,2.842136465013027,4.61880350112915,17.766670361161232,0.3230303702029315,11,292,0.28515625,0.47368421052631576,0.0,True,True,proven_optimal,proven_optimal,full_corpus,n/a,22795.825459004845,9.733344058263791
5,2048,25,top_k,2.7147680535912513,5.690125495195389,29.753574416041374,0.3814560822569407,13,505,0.24658203125,0.5263157894736842,0.044814324192874,True,True,proven_optimal,heuristic_no_guarantee,full_corpus,no_positive_marginal_gain,0.0583329820074141,5.375778323943072
5,2048,25,mmr,2.6669741034507752,5.018931686878204,23.519575834274292,0.3015330235163371,13,542,0.2646484375,0.6842105263157895,0.06163052935781672,True,True,proven_optimal,heuristic_no_guarantee,full_corpus,no_positive_marginal_gain,0.057833967730402946,4.92061642703095
5,2048,25,greedy_objective,2.8164952911436556,5.1138900220394135,22.973947308957577,0.3480901107417815,12,430,0.2099609375,0.5789473684210527,0.00902180040029974,True,True,proven_optimal,heuristic_no_guarantee,full_corpus,no_positive_marginal_gain,0.04237500252202153,6.549989049171293
5,2048,25,greedy_token_aware,2.836430151760578,5.137709021568298,23.012788698077202,0.34867861663753336,12,305,0.14892578125,0.47368421052631576,0.0020077598139201414,True,True,proven_optimal,heuristic_no_guarantee,full_corpus,no_positive_marginal_gain,0.06837502587586641,9.299770989378944
5,2048,25,ilp,2.84213647916913,4.61880350112915,17.7666702196002,0.32303036762909454,11,292,0.142578125,0.47368421052631576,0.0,True,True,proven_optimal,proven_optimal,full_corpus,n/a,13477.198000007775,9.733344106743598
6,96,25,top_k,1.4898217886686325,1.6463032364845276,1.5648144781589508,0.5216048260529836,3,96,1.0,0.16666666666666666,0.21038187682705553,True,True,proven_optimal,heuristic_no_guarantee,full_corpus,no_candidate_fits_budget,0.018749968148767948,15.518976965298256
6,96,25,mmr,1.1012509703636169,1.1498184204101562,0.48567450046539307,0.48567450046539307,2,86,0.8958333333333334,0.1111111111111111,0.4163276903487998,True,True,proven_optimal,heuristic_no_guarantee,full_corpus,no_candidate_fits_budget,0.011874944902956486,12.805243841437406
6,96,25,greedy_objective,1.4898217886686325,1.6463032364845276,1.5648144781589508,0.5216048260529836,3,96,1.0,0.16666666666666666,0.21038187682705553,True,True,proven_optimal,heuristic_no_guarantee,full_corpus,no_candidate_fits_budget,0.012249976862221956,15.518976965298256
6,96,25,greedy_token_aware,1.8392768129706383,2.463440030813217,6.241632178425789,0.2972205799250376,7,95,0.9895833333333334,0.3333333333333333,0.025167764292633836,True,True,proven_optimal,heuristic_no_guarantee,full_corpus,no_candidate_fits_budget,0.03950000973418355,19.360808557585667
6,96,25,ilp,1.8867624044418334,2.2480075359344482,3.6124513149261475,0.3612451314926147,5,96,1.0,0.2777777777777778,0.0,True,True,proven_optimal,proven_optimal,full_corpus,n/a,109.70404202817008,19.6537750462691
6,128,25,top_k,2.0842198967933654,2.588528126478195,5.043082296848297,0.5043082296848297,5,124,0.96875,0.2777777777777778,0.04443537145636908,True,True,proven_optimal,heuristic_no_guarantee,full_corpus,no_candidate_fits_budget,0.03320799442008138,16.808224974140042
6,128,25,mmr,1.924991288036108,2.2408844232559204,3.158931352198124,0.3158931352198124,5,126,0.984375,0.2777777777777778,0.1174378538790444,True,True,proven_optimal,heuristic_no_guarantee,full_corpus,no_candidate_fits_budget,0.02400000812485814,15.277708635207206
6,128,25,greedy_objective,2.0842198967933654,2.588528126478195,5.043082296848297,0.5043082296848297,5,124,0.96875,0.2777777777777778,0.04443537145636908,True,True,proven_optimal,heuristic_no_guarantee,full_corpus,no_candidate_fits_budget,0.018874998204410076,16.808224974140042
6,128,25,greedy_token_aware,2.1811396472156046,2.905697673559189,7.245580263435841,0.34502763159218286,7,126,0.984375,0.3333333333333333,0.0,True,True,proven_optimal,heuristic_no_guarantee,full_corpus,no_candidate_fits_budget,0.040207989513874054,17.31063212075877
6,128,25,ilp,2.1811396472156046,2.905697673559189,7.245580263435841,0.34502763159218286,7,126,0.984375,0.3333333333333333,0.0,True,True,proven_optimal,proven_optimal,full_corpus,n/a,281.95020800922066,17.31063212075877
6,192,25,top_k,2.3724494874477386,3.159060627222061,7.866111397743225,0.524407426516215,6,189,0.984375,0.2777777777777778,0.07219446711578209,True,True,proven_optimal,heuristic_no_guarantee,full_corpus,no_candidate_fits_budget,0.03912497777491808,12.552642790728775
6,192,25,mmr,1.0556118041276932,1.0923178791999817,0.36706075072288513,0.36706075072288513,2,185,0.9635416666666666,0.1111111111111111,0.587176680629269,True,True,proven_optimal,heuristic_no_guarantee,full_corpus,no_candidate_fits_budget,0.012417032849043608,5.7060097520415844
6,192,25,greedy_objective,2.3724494874477386,3.159060627222061,7.866111397743225,0.524407426516215,6,189,0.984375,0.2777777777777778,0.07219446711578209,True,True,proven_optimal,heuristic_no_guarantee,full_corpus,no_candidate_fits_budget,0.02274999860674143,12.552642790728775
6,192,25,greedy_token_aware,2.4501652866601944,3.6063716411590576,11.562063544988632,0.3211684318052398,9,182,0.9479166666666666,0.3888888888888889,0.04180176586615274,True,True,proven_optimal,heuristic_no_guarantee,full_corpus,no_candidate_fits_budget,0.05262502236291766,13.462446630001068
6,192,25,ilp,2.557054688036442,3.6651787757873535,11.081240877509117,0.39575860276818275,8,191,0.9947916666666666,0.3888888888888889,0.0,True,True,proven_optimal,proven_optimal,full_corpus,n/a,183.26370796421543,13.387720879771946
6,256,25,top_k,2.71107310205698,4.42896169424057,17.1788859218359,0.38175302048524223,10,247,0.96484375,0.4444444444444444,0.0,True,True,proven_optimal,heuristic_no_guarantee,full_corpus,no_candidate_fits_budget,0.05354202585294843,10.97600446176915
6,256,25,mmr,2.308926033228636,2.9366601705551147,6.27734137326479,0.2989210177745138,7,253,0.98828125,0.3888888888888889,0.14833501484088424,True,True,proven_optimal,heuristic_no_guarantee,full_corpus,no_candidate_fits_budget,0.03220798680558801,9.126189854658639
6,256,25,greedy_objective,2.1077812284231188,2.6747156381607056,5.66934409737587,0.566934409737587,5,251,0.98046875,0.2777777777777778,0.22252881088898854,True,True,proven_optimal,heuristic_no_guarantee,full_corpus,no_candidate_fits_budget,0.018833030480891466,8.397534774594098
6,256,25,greedy_token_aware,2.71107310205698,4.42896169424057,17.1788859218359,0.38175302048524223,10,247,0.96484375,0.4444444444444444,0.0,True,True,proven_optimal,heuristic_no_guarantee,full_corpus,no_candidate_fits_budget,0.055333017371594906,10.97600446176915
6,256,25,ilp,2.71107310205698,4.42896169424057,17.1788859218359,0.38175302048524223,10,247,0.96484375,0.4444444444444444,0.0,True,True,proven_optimal,proven_optimal,full_corpus,n/a,194.70100000035018,10.97600446176915
6,384,25,top_k,2.7143849685788153,4.749577015638351,20.35192047059536,0.45226489934656355,10,376,0.9791666666666666,0.4444444444444444,0.02534016773678954,True,True,proven_optimal,heuristic_no_guarantee,full_corpus,no_candidate_fits_budget,0.04591699689626694,7.219108958986212
6,384,25,mmr,2.78067120462656,4.459924191236496,16.792529866099358,0.3731673303577635,10,374,0.9739583333333334,0.5,0.001538631677782827,True,True,proven_optimal,heuristic_no_guarantee,full_corpus,no_candidate_fits_budget,0.0415419926866889,7.434949744990803
6,384,25,greedy_objective,2.7806015357375147,4.5151492059230804,17.34547670185566,0.38545503781901463,10,374,0.9739583333333334,0.5,0.0015636478300592917,True,True,proven_optimal,heuristic_no_guarantee,full_corpus,no_candidate_fits_budget,0.03341701813042164,7.4347634645388085
6,384,25,greedy_token_aware,2.76029118001461,4.6646943390369415,19.044031590223312,0.34625511982224205,11,327,0.8515625,0.5,0.00885652932301016,True,True,proven_optimal,heuristic_no_guarantee,full_corpus,no_positive_marginal_gain,0.05783297820016742,8.44125743123734
6,384,25,ilp,2.784956226497888,4.648872792720795,18.63916566222906,0.414203681382868,10,374,0.9739583333333334,0.4444444444444444,0.0,True,True,proven_optimal,proven_optimal,full_corpus,n/a,1714.9278750293888,7.446407022721626
6,512,25,top_k,2.777823182940483,4.780539512634277,20.027163296937943,0.4450480732652876,10,503,0.982421875,0.5,0.012564303755745233,True,True,proven_optimal,heuristic_no_guarantee,full_corpus,no_candidate_fits_budget,0.05108298500999808,5.522511298092412
6,512,25,mmr,2.78812261223793,4.457648664712906,16.695260524749756,0.37100578943888346,10,473,0.923828125,0.5555555555555556,0.008903154910238907,True,True,proven_optimal,heuristic_no_guarantee,full_corpus,no_positive_marginal_gain,0.04374998388811946,5.89455097724721
6,512,25,greedy_objective,2.813168715685606,4.735060304403305,19.21891588717699,0.42708701971504426,10,501,0.978515625,0.5,-9.534476347878465e-09,True,True,proven_optimal,heuristic_no_guarantee,full_corpus,no_candidate_fits_budget,0.033791991882026196,5.6151072169373375
6,512,25,greedy_token_aware,2.7914627984166143,5.118976205587387,23.275134071707726,0.35265354654102615,12,469,0.916015625,0.5555555555555556,0.007715815454945332,True,True,proven_optimal,heuristic_no_guarantee,full_corpus,no_positive_marginal_gain,0.06500002928078175,5.951946265280627
6,512,25,ilp,2.8131686888635157,4.735060304403305,19.218916155397892,0.4270870256755087,10,501,0.978515625,0.5,0.0,True,True,proven_optimal,proven_optimal,full_corpus,n/a,5369.534333003685,5.615107163400231
6,768,25,top_k,2.7509554505348204,5.430889129638672,26.799336791038513,0.4060505574399775,12,722,0.9401041666666666,0.5555555555555556,0.024592065982040997,True,True,proven_optimal,heuristic_no_guarantee,full_corpus,no_positive_marginal_gain,0.06295798812061548,3.810187604618865
6,768,25,mmr,2.8203127920627593,4.969431072473526,21.491182804107666,0.390748778256503,11,516,0.671875,0.5555555555555556,-8.453621913848311e-09,True,True,proven_optimal,heuristic_no_guarantee,full_corpus,no_positive_marginal_gain,0.04816596629098058,5.4657224652379055
6,768,25,greedy_objective,2.8203127920627593,4.969431072473526,21.491182804107666,0.390748778256503,11,516,0.671875,0.5555555555555556,-8.453621913848311e-09,True,True,proven_optimal,heuristic_no_guarantee,full_corpus,no_positive_marginal_gain,0.03870803629979491,5.4657224652379055
6,768,25,greedy_token_aware,2.7914627984166143,5.118976205587387,23.275134071707726,0.35265354654102615,12,469,0.6106770833333334,0.5555555555555556,0.010229351201528705,True,True,proven_optimal,heuristic_no_guarantee,full_corpus,no_positive_marginal_gain,0.06770802428945899,5.951946265280627
6,768,25,ilp,2.8203127682209015,4.969431072473526,21.491183042526245,0.3907487825913863,11,516,0.671875,0.5555555555555556,0.0,True,True,proven_optimal,proven_optimal,full_corpus,n/a,7613.307042047381,5.465722419032755
6,1024,25,top_k,2.7509554505348204,5.430889129638672,26.799336791038513,0.4060505574399775,12,722,0.705078125,0.5555555555555556,0.024592065982040997,True,True,proven_optimal,heuristic_no_guarantee,full_corpus,no_positive_marginal_gain,0.060583988670259714,3.810187604618865
6,1024,25,mmr,2.8203127920627593,4.969431072473526,21.491182804107666,0.390748778256503,11,516,0.50390625,0.5555555555555556,-8.453621913848311e-09,True,True,proven_optimal,heuristic_no_guarantee,full_corpus,no_positive_marginal_gain,0.04762498429045081,5.4657224652379055
6,1024,25,greedy_objective,2.8203127920627593,4.969431072473526,21.491182804107666,0.390748778256503,11,516,0.50390625,0.5555555555555556,-8.453621913848311e-09,True,True,proven_optimal,heuristic_no_guarantee,full_corpus,no_positive_marginal_gain,0.03829097840934992,5.4657224652379055
6,1024,25,greedy_token_aware,2.7914627984166143,5.118976205587387,23.275134071707726,0.35265354654102615,12,469,0.4580078125,0.5555555555555556,0.010229351201528705,True,True,proven_optimal,heuristic_no_guarantee,full_corpus,no_positive_marginal_gain,0.06520794704556465,5.951946265280627
6,1024,25,ilp,2.8203127682209015,4.969431072473526,21.491183042526245,0.3907487825913863,11,516,0.50390625,0.5555555555555556,0.0,True,True,proven_optimal,proven_optimal,full_corpus,n/a,6745.5381249892525,5.465722419032755
6,2048,25,top_k,2.7509554505348204,5.430889129638672,26.799336791038513,0.4060505574399775,12,722,0.3525390625,0.5555555555555556,0.024592065982040997,True,True,proven_optimal,heuristic_no_guarantee,full_corpus,no_positive_marginal_gain,0.0607079709880054,3.810187604618865
6,2048,25,mmr,2.8203127920627593,4.969431072473526,21.491182804107666,0.390748778256503,11,516,0.251953125,0.5555555555555556,-8.453621913848311e-09,True,True,proven_optimal,heuristic_no_guarantee,full_corpus,no_positive_marginal_gain,0.04587502917274833,5.4657224652379055
6,2048,25,greedy_objective,2.8203127920627593,4.969431072473526,21.491182804107666,0.390748778256503,11,516,0.251953125,0.5555555555555556,-8.453621913848311e-09,True,True,proven_optimal,heuristic_no_guarantee,full_corpus,no_positive_marginal_gain,0.03770797047764063,5.4657224652379055
6,2048,25,greedy_token_aware,2.7914627984166143,5.118976205587387,23.275134071707726,0.35265354654102615,12,469,0.22900390625,0.5555555555555556,0.010229351201528705,True,True,proven_optimal,heuristic_no_guarantee,full_corpus,no_positive_marginal_gain,0.06329198367893696,5.951946265280627
6,2048,25,ilp,2.8203127682209015,4.969431072473526,21.491183042526245,0.3907487825913863,11,516,0.251953125,0.5555555555555556,0.0,True,True,proven_optimal,proven_optimal,full_corpus,n/a,6396.926374989562,5.465722419032755
7,96,25,top_k,2.09693121612072,2.652646839618683,5.5571562349796295,0.555715623497963,5,90,0.9375,0.1875,0.1579176762272292,True,True,proven_optimal,heuristic_no_guarantee,full_corpus,no_candidate_fits_budget,0.025250017642974854,23.299235734674667
7,96,25,mmr,1.425809445977211,1.537323385477066,1.1151393949985504,0.37171313166618347,3,89,0.9270833333333334,0.1875,0.4274256960384076,True,True,proven_optimal,heuristic_no_guarantee,full_corpus,no_candidate_fits_budget,0.015874975360929966,16.020330853676526
7,96,25,greedy_objective,2.141509461402893,2.6466049551963806,5.0509549379348755,0.5050954937934875,5,90,0.9375,0.1875,0.14001601493841964,True,True,proven_optimal,heuristic_no_guarantee,full_corpus,no_candidate_fits_budget,0.018167018424719572,23.794549571143257
7,96,25,greedy_token_aware,2.470869019627571,3.6104138493537903,11.395448297262192,0.5426403951077234,7,90,0.9375,0.1875,0.0077523240674819945,True,True,proven_optimal,heuristic_no_guarantee,full_corpus,no_candidate_fits_budget,0.03908301005139947,27.454100218084122
7,96,25,ilp,2.490173652768135,3.514827698469162,10.24654045701027,0.48793049795286997,7,92,0.9583333333333334,0.25,0.0,True,True,proven_optimal,proven_optimal,full_corpus,n/a,238.18912502611056,27.067104921392772
7,128,25,top_k,2.682798138260841,4.169312953948975,14.865148156881332,0.5308981484600476,8,128,1.0,0.25,0.012619090735136838,True,True,proven_optimal,heuristic_no_guarantee,full_corpus,no_candidate_fits_budget,0.05050003528594971,20.95936045516282
7,128,25,mmr,2.1030732303857804,2.4795482754707336,3.764750450849533,0.37647504508495333,5,117,0.9140625,0.3125,0.22598188478875064,True,True,proven_optimal,heuristic_no_guarantee,full_corpus,no_candidate_fits_budget,0.023792032152414322,17.97498487509214
7,128,25,greedy_objective,2.4243264585733413,3.100081831216812,6.757553726434708,0.45050358176231386,6,128,1.0,0.25,0.1077473817792417,True,True,proven_optimal,heuristic_no_guarantee,full_corpus,no_candidate_fits_budget,0.02300000051036477,18.94005045760423
7,128,25,greedy_token_aware,2.667392510175705,4.222624778747559,15.552322685718536,0.43200896349218154,9,118,0.921875,0.3125,0.018289000390120796,True,True,proven_optimal,heuristic_no_guarantee,full_corpus,no_candidate_fits_budget,0.052458024583756924,22.605021272675465
7,128,25,ilp,2.717085283994675,4.063890725374222,13.468054413795471,0.48100194334983826,8,128,1.0,0.25,0.0,True,True,proven_optimal,proven_optimal,full_corpus,n/a,352.49937500339,21.227228781208396
7,192,25,top_k,2.77795792222023,5.065633654594421,22.876757323741913,0.5083723849720425,10,185,0.9635416666666666,0.375,0.06316102263416372,True,True,proven_optimal,heuristic_no_guarantee,full_corpus,no_candidate_fits_budget,0.05462497938424349,15.015988768758001
7,192,25,mmr,1.9567980349063874,2.3192472755908966,3.6244924068450928,0.3624492406845093,5,184,0.9583333333333334,0.3125,0.3400891153642731,True,True,proven_optimal,heuristic_no_guarantee,full_corpus,no_candidate_fits_budget,0.02354203024879098,10.634771928839061
7,192,25,greedy_objective,2.965245884656906,5.046109199523926,20.808633148670197,0.4624140699704488,10,181,0.9427083333333334,0.375,0.0,True,True,proven_optimal,heuristic_no_guarantee,full_corpus,no_candidate_fits_budget,0.0338749960064888,16.382573948380696
7,192,25,greedy_token_aware,2.965245884656906,5.046109199523926,20.808633148670197,0.4624140699704488,10,181,0.9427083333333334,0.375,0.0,True,True,proven_optimal,heuristic_no_guarantee,full_corpus,no_candidate_fits_budget,0.05416694330051541,16.382573948380696
7,192,25,ilp,2.965245884656906,5.046109199523926,20.808633148670197,0.4624140699704488,10,181,0.9427083333333334,0.375,0.0,True,True,proven_optimal,proven_optimal,full_corpus,n/a,851.7469589714892,16.382573948380696
7,256,25,top_k,2.908386048674583,5.519110530614853,26.107244819402695,0.47467717853459446,11,223,0.87109375,0.4375,0.02168809925032991,True,True,proven_optimal,heuristic_no_guarantee,full_corpus,no_positive_marginal_gain,0.058792007621377707,13.042089904370327
7,256,25,mmr,2.791812498867512,4.374988079071045,15.831755802035332,0.35181679560078516,10,251,0.98046875,0.5625,0.06090066910186843,True,True,proven_optimal,heuristic_no_guarantee,full_corpus,no_candidate_fits_budget,0.042082974687218666,11.12275895963152
7,256,25,greedy_objective,2.9728617578744885,4.885808199644089,19.129464417696,0.4250992092821333,10,248,0.96875,0.4375,4.0099170616783055e-09,True,True,proven_optimal,heuristic_no_guarantee,full_corpus,no_candidate_fits_budget,0.03208400448784232,11.987345797881002
7,256,25,greedy_token_aware,2.9713197216391563,5.235000759363174,22.63681037724018,0.411578370495276,11,194,0.7578125,0.4375,0.0005187083274199708,True,True,proven_optimal,heuristic_no_guarantee,full_corpus,no_positive_marginal_gain,0.06262504030019045,15.316081039377094
7,256,25,ilp,2.9728617697954176,4.885808199644089,19.12946429848671,0.425099206633038,10,248,0.96875,0.4375,0.0,True,True,proven_optimal,proven_optimal,full_corpus,n/a,3114.9314580252394,11.987345845949266
7,384,25,top_k,2.9290463536977764,5.539421200752258,26.103748470544815,0.4746136085553603,11,382,0.9947916666666666,0.4375,0.02801205309325502,True,True,proven_optimal,heuristic_no_guarantee,full_corpus,no_candidate_fits_budget,0.05645799683406949,7.667660611774283
7,384,25,mmr,2.4968638367950913,3.4993690252304077,10.02505188435316,0.3580375672983272,8,381,0.9921875,0.5,0.1714294478923865,True,True,proven_optimal,heuristic_no_guarantee,full_corpus,no_candidate_fits_budget,0.034582975786179304,6.553448390538297
7,384,25,greedy_objective,3.0134595423936843,5.489739239215851,24.762796968221664,0.4502326721494848,11,355,0.9244791666666666,0.4375,0.0,True,True,proven_optimal,heuristic_no_guarantee,full_corpus,no_positive_marginal_gain,0.03791699418798089,8.488618429277984
7,384,25,greedy_token_aware,2.9864900961518286,5.60207587480545,26.155857786536217,0.39630087555357907,12,303,0.7890625,0.5,0.008949662626110137,True,True,proven_optimal,heuristic_no_guarantee,full_corpus,no_positive_marginal_gain,0.06341701373457909,9.856402957596794
7,384,25,ilp,3.0134595423936843,5.489739239215851,24.762796968221664,0.4502326721494848,11,355,0.9244791666666666,0.4375,0.0,True,True,proven_optimal,proven_optimal,full_corpus,n/a,10788.280249980744,8.488618429277984
7,512,25,top_k,2.9290463536977764,5.539421200752258,26.103748470544815,0.4746136085553603,11,382,0.74609375,0.4375,0.02801205309325502,True,True,proven_optimal,heuristic_no_guarantee,full_corpus,no_positive_marginal_gain,0.053333002142608166,7.667660611774283
7,512,25,mmr,2.8246868558228013,5.782757073640823,29.580702178180218,0.379239771515131,13,512,1.0,0.625,0.06264317934759296,True,True,proven_optimal,heuristic_no_guarantee,full_corpus,no_candidate_fits_budget,0.05316699389368296,5.5169665152789085
7,512,25,greedy_objective,3.0134595423936843,5.489739239215851,24.762796968221664,0.4502326721494848,11,355,0.693359375,0.4375,0.0,True,True,proven_optimal,heuristic_no_guarantee,full_corpus,no_positive_marginal_gain,0.03754202043637633,8.488618429277984
7,512,25,greedy_token_aware,2.9864900961518286,5.60207587480545,26.155857786536217,0.39630087555357907,12,303,0.591796875,0.5,0.008949662626110137,True,True,proven_optimal,heuristic_no_guarantee,full_corpus,no_positive_marginal_gain,0.06570795085281134,9.856402957596794
7,512,25,ilp,3.0134595423936843,5.489739239215851,24.762796968221664,0.4502326721494848,11,355,0.693359375,0.4375,0.0,True,True,proven_optimal,proven_optimal,full_corpus,n/a,30589.028249960393,8.488618429277984
7,768,25,top_k,2.9290463536977764,5.539421200752258,26.103748470544815,0.4746136085553603,11,382,0.4973958333333333,0.4375,0.02801205117071395,True,True,proven_optimal,heuristic_no_guarantee,full_corpus,no_positive_marginal_gain,0.0540419714525342,7.667660611774283
7,768,25,mmr,2.7960007824003696,5.701439708471298,29.054389260709286,0.3724921700090934,13,673,0.8763020833333334,0.6875,0.07216249344108926,True,True,proven_optimal,heuristic_no_guarantee,full_corpus,no_positive_marginal_gain,0.05362502997741103,4.154533109064443
7,768,25,greedy_objective,3.0134595423936843,5.489739239215851,24.762796968221664,0.4502326721494848,11,355,0.4622395833333333,0.4375,-1.977947436922219e-09,True,True,proven_optimal,heuristic_no_guarantee,full_corpus,no_positive_marginal_gain,0.036917044781148434,8.488618429277984
7,768,25,greedy_token_aware,2.9864900961518286,5.60207587480545,26.155857786536217,0.39630087555357907,12,303,0.39453125,0.5,0.008949660665864662,True,True,proven_optimal,heuristic_no_guarantee,full_corpus,no_positive_marginal_gain,0.06275001214817166,9.856402957596794
7,768,25,ilp,3.0134595364332197,5.489739239215851,24.76279702782631,0.45023267323320565,11,355,0.4622395833333333,0.4375,0.0,True,True,proven_optimal,proven_optimal,full_corpus,n/a,21122.320750029758,8.488618412487943
7,1024,25,top_k,2.9290463536977764,5.539421200752258,26.103748470544815,0.4746136085553603,11,382,0.373046875,0.4375,0.02801205309325502,True,True,proven_optimal,heuristic_no_guarantee,full_corpus,no_positive_marginal_gain,0.057958008255809546,7.667660611774283
7,1024,25,mmr,2.7960007824003696,5.701439708471298,29.054389260709286,0.3724921700090934,13,673,0.6572265625,0.6875,0.07216249527630307,True,True,proven_optimal,heuristic_no_guarantee,full_corpus,no_positive_marginal_gain,0.05541701102629304,4.154533109064443
7,1024,25,greedy_objective,3.0134595423936843,5.489739239215851,24.762796968221664,0.4502326721494848,11,355,0.3466796875,0.4375,0.0,True,True,proven_optimal,heuristic_no_guarantee,full_corpus,no_positive_marginal_gain,0.03833300434052944,8.488618429277984
7,1024,25,greedy_token_aware,2.9864900961518286,5.60207587480545,26.155857786536217,0.39630087555357907,12,303,0.2958984375,0.5,0.008949662626110137,True,True,proven_optimal,heuristic_no_guarantee,full_corpus,no_positive_marginal_gain,0.06579095497727394,9.856402957596794
7,1024,25,ilp,3.0134595423936843,5.489739239215851,24.762796968221664,0.4502326721494848,11,355,0.3466796875,0.4375,0.0,True,True,proven_optimal,proven_optimal,full_corpus,n/a,27449.329583032522,8.488618429277984
7,2048,25,top_k,2.9290463536977764,5.539421200752258,26.103748470544815,0.4746136085553603,11,382,0.1865234375,0.4375,0.02801205117071395,True,True,proven_optimal,heuristic_no_guarantee,full_corpus,no_positive_marginal_gain,0.05341600626707077,7.667660611774283
7,2048,25,mmr,2.7960007824003696,5.701439708471298,29.054389260709286,0.3724921700090934,13,673,0.32861328125,0.6875,0.07216249344108926,True,True,proven_optimal,heuristic_no_guarantee,full_corpus,no_positive_marginal_gain,0.053084047976881266,4.154533109064443
7,2048,25,greedy_objective,3.0134595423936843,5.489739239215851,24.762796968221664,0.4502326721494848,11,355,0.17333984375,0.4375,-1.977947436922219e-09,True,True,proven_optimal,heuristic_no_guarantee,full_corpus,no_positive_marginal_gain,0.03774999640882015,8.488618429277984
7,2048,25,greedy_token_aware,2.9864900961518286,5.60207587480545,26.155857786536217,0.39630087555357907,12,303,0.14794921875,0.5,0.008949660665864662,True,True,proven_optimal,heuristic_no_guarantee,full_corpus,no_positive_marginal_gain,0.0652919989079237,9.856402957596794
7,2048,25,ilp,3.0134595364332197,5.489739239215851,24.76279702782631,0.45023267323320565,11,355,0.17333984375,0.4375,0.0,True,True,proven_optimal,proven_optimal,full_corpus,n/a,22523.677874996793,8.488618412487943
8,96,25,top_k,1.4799462974071502,1.7010915279388428,2.211452305316925,0.737150768438975,3,95,0.9895833333333334,0.15789473684210525,0.3761734077210262,True,True,proven_optimal,heuristic_no_guarantee,full_corpus,no_candidate_fits_budget,0.021457963157445192,15.578382077970003
8,96,25,mmr,2.014530797302723,2.380556434392929,3.6602563709020615,0.36602563709020614,5,91,0.9479166666666666,0.2631578947368421,0.1508354833387145,True,True,proven_optimal,heuristic_no_guarantee,full_corpus,no_candidate_fits_budget,0.02354203024879098,22.137701069260693
8,96,25,greedy_objective,1.5324573278427125,1.6950496435165405,1.6259231567382812,0.5419743855794271,3,95,0.9895833333333334,0.15789473684210525,0.35403897133568873,True,True,proven_optimal,heuristic_no_guarantee,full_corpus,no_candidate_fits_budget,0.012082979083061218,16.131129766765394
8,96,25,greedy_token_aware,2.3723680838942527,3.0351350009441376,6.627669170498848,0.31560329383327845,7,90,0.9375,0.3157894736842105,0.0,True,True,proven_optimal,heuristic_no_guarantee,full_corpus,no_candidate_fits_budget,0.03887503407895565,26.35964537660281
8,96,25,ilp,2.3723680838942527,3.0351350009441376,6.627669170498848,0.31560329383327845,7,90,0.9375,0.3157894736842105,0.0,True,True,proven_optimal,proven_optimal,full_corpus,n/a,199.778999958653,26.35964537660281
8,128,25,top_k,1.5074595987796784,1.7317643761634827,2.243047773838043,0.7476825912793478,3,125,0.9765625,0.10526315789473684,0.426472051238426,True,True,proven_optimal,heuristic_no_guarantee,full_corpus,no_candidate_fits_budget,0.027540954761207104,12.059676790237427
8,128,25,mmr,2.2456683672964575,2.8038187623023987,5.581503950059414,0.26578590238378164,7,119,0.9296875,0.3684210526315789,0.14561320692314622,True,True,proven_optimal,heuristic_no_guarantee,full_corpus,no_candidate_fits_budget,0.031000003218650818,18.871162750390397
8,128,25,greedy_objective,2.173498684167862,2.6988521218299866,5.253534376621246,0.5253534376621246,5,120,0.9375,0.2631578947368421,0.1730708783333939,True,True,proven_optimal,heuristic_no_guarantee,full_corpus,no_candidate_fits_budget,0.018042046576738358,18.11248903473218
8,128,25,greedy_token_aware,2.5687095418572428,3.613647013902664,10.449374720454216,0.290260408901506,9,121,0.9453125,0.42105263157894735,0.02270898954885678,True,True,proven_optimal,heuristic_no_guarantee,full_corpus,no_candidate_fits_budget,0.04854198778048158,21.22900447815903
8,128,25,ilp,2.628397800028324,3.631096214056015,10.026984140276909,0.35810657643846106,8,128,1.0,0.3684210526315789,0.0,True,True,proven_optimal,proven_optimal,full_corpus,n/a,281.92237502662465,20.534357812721282
8,192,25,top_k,2.4059324890375136,3.309892237186432,9.039597481489182,0.6026398320992787,6,187,0.9739583333333334,0.2631578947368421,0.15561574668660494,True,True,proven_optimal,heuristic_no_guarantee,full_corpus,no_candidate_fits_budget,0.039458973333239555,12.865949139238042
8,192,25,mmr,2.273371088504791,2.935019552707672,6.616484642028809,0.23630302292960031,8,191,0.9947916666666666,0.42105263157894735,0.20213939592323799,True,True,proven_optimal,heuristic_no_guarantee,full_corpus,no_candidate_fits_budget,0.03504200140014291,11.902466431962258
8,192,25,greedy_objective,2.7696776390075684,4.0199616849422455,12.502840459346771,0.4465300164052418,8,184,0.9583333333333334,0.42105263157894735,0.027956022960647687,True,True,proven_optimal,heuristic_no_guarantee,full_corpus,no_candidate_fits_budget,0.027583970222622156,15.052595864171566
8,192,25,greedy_token_aware,2.771737288683653,4.39849978685379,16.267624981701374,0.2957749996672977,11,172,0.8958333333333334,0.5263157894736842,0.02723316986241984,True,True,proven_optimal,heuristic_no_guarantee,full_corpus,no_positive_marginal_gain,0.06066699279472232,16.11475167839333
8,192,25,ilp,2.8493336766958235,4.421087235212326,15.717535585165024,0.34927856855922274,10,186,0.96875,0.47368421052631576,0.0,True,True,proven_optimal,proven_optimal,full_corpus,n/a,1502.3704170016572,15.318998261805504
8,256,25,top_k,2.945645332336426,4.938378125429153,19.927327930927277,0.4428295095761617,10,239,0.93359375,0.47368421052631576,0.0,True,True,proven_optimal,heuristic_no_guarantee,full_corpus,no_positive_marginal_gain,0.050915987230837345,12.324875867516425
8,256,25,mmr,2.7197895001620056,3.901423394680023,11.816338945180178,0.26258530989289286,10,249,0.97265625,0.5263157894736842,0.07667448273389925,True,True,proven_optimal,heuristic_no_guarantee,full_corpus,no_candidate_fits_budget,0.04195800283923745,10.922849398240986
8,256,25,greedy_objective,2.945645332336426,4.938378125429153,19.927327930927277,0.4428295095761617,10,239,0.93359375,0.47368421052631576,0.0,True,True,proven_optimal,heuristic_no_guarantee,full_corpus,no_positive_marginal_gain,0.034374999813735485,12.324875867516425
8,256,25,greedy_token_aware,2.8341152951121327,4.765228480100632,19.311131849884987,0.35111148817972704,11,202,0.7890625,0.5263157894736842,0.0378626836027913,True,True,proven_optimal,heuristic_no_guarantee,full_corpus,no_positive_marginal_gain,0.05874998169019818,14.030273738178874
8,256,25,ilp,2.945645332336426,4.938378125429153,19.927327930927277,0.4428295095761617,10,239,0.93359375,0.47368421052631576,0.0,True,True,proven_optimal,proven_optimal,full_corpus,n/a,2613.0408750032075,12.324875867516425
8,384,25,top_k,2.9828925698995588,5.11756631731987,21.34673747420311,0.3881224995309656,11,314,0.8177083333333334,0.5263157894736842,0.0,True,True,proven_optimal,heuristic_no_guarantee,full_corpus,no_positive_marginal_gain,0.05304202204570174,9.499657865922162
8,384,25,mmr,2.912044013664126,4.9606457352638245,20.48601721599698,0.3103942002423785,12,298,0.7760416666666666,0.631578947368421,0.023751628520036934,True,True,proven_optimal,heuristic_no_guarantee,full_corpus,no_positive_marginal_gain,0.0475830165669322,9.771959777396395
8,384,25,greedy_objective,2.7814235642552374,4.028078198432922,12.466546341776848,0.4452337979206017,8,375,0.9765625,0.42105263157894735,0.06754148898198681,True,True,proven_optimal,heuristic_no_guarantee,full_corpus,no_candidate_fits_budget,0.02683396451175213,7.417129504680633
8,384,25,greedy_token_aware,2.8731015544384717,4.944416671991348,20.713151175528765,0.31383562387164793,12,277,0.7213541666666666,0.5789473684210527,0.03680689561836415,True,True,proven_optimal,heuristic_no_guarantee,full_corpus,no_positive_marginal_gain,0.062041974160820246,10.372207777756216
8,384,25,ilp,2.9828925698995588,5.11756631731987,21.34673747420311,0.3881224995309656,11,314,0.8177083333333334,0.5263157894736842,0.0,True,True,proven_optimal,proven_optimal,full_corpus,n/a,4487.3914159834385,9.499657865922162
8,512,25,top_k,2.9807065814733504,5.399836152791977,24.191295713186264,0.43984174023975026,11,445,0.869140625,0.5263157894736842,0.009992928861449916,True,True,proven_optimal,heuristic_no_guarantee,full_corpus,no_positive_marginal_gain,0.05483295535668731,6.6982170370187655
8,512,25,mmr,2.9255122434347864,5.392081618309021,24.665693748742342,0.3162268429325941,13,504,0.984375,0.6842105263157895,0.028325087177408715,True,True,proven_optimal,heuristic_no_guarantee,full_corpus,no_candidate_fits_budget,0.052374962251633406,5.80458778459283
8,512,25,greedy_objective,3.010793223977089,5.36981400847435,23.59020784497261,0.4289128699085929,11,445,0.869140625,0.5263157894736842,0.0,True,True,proven_optimal,heuristic_no_guarantee,full_corpus,no_positive_marginal_gain,0.036457960959523916,6.765827469611436
8,512,25,greedy_token_aware,2.889566313847899,5.375852555036545,24.862862411886454,0.31875464630623657,13,483,0.943359375,0.631578947368421,0.04026411018989072,True,True,proven_optimal,heuristic_no_guarantee,full_corpus,no_positive_marginal_gain,0.07033301517367363,5.982538952066044
8,512,25,ilp,3.010793223977089,5.36981400847435,23.59020784497261,0.4289128699085929,11,445,0.869140625,0.5263157894736842,0.0,True,True,proven_optimal,proven_optimal,full_corpus,n/a,6211.330333026126,6.765827469611436
8,768,25,top_k,2.9706196606159208,5.8312720358371735,28.606523752212524,0.4334321780638261,12,651,0.84765625,0.5789473684210527,0.01334318246807436,True,True,proven_optimal,heuristic_no_guarantee,full_corpus,no_positive_marginal_gain,0.059999991208314896,4.563163841191891
8,768,25,mmr,2.9255122434347864,5.392081618309021,24.665693748742342,0.3162268429325941,13,504,0.65625,0.6842105263157895,0.028325087177408715,True,True,proven_optimal,heuristic_no_guarantee,full_corpus,no_positive_marginal_gain,0.05579204298555851,5.80458778459283
8,768,25,greedy_objective,3.010793223977089,5.36981400847435,23.59020784497261,0.4289128699085929,11,445,0.5794270833333334,0.5263157894736842,0.0,True,True,proven_optimal,heuristic_no_guarantee,full_corpus,no_positive_marginal_gain,0.03779097460210323,6.765827469611436
8,768,25,greedy_token_aware,2.889566313847899,5.375852555036545,24.862862411886454,0.31875464630623657,13,483,0.62890625,0.631578947368421,0.04026411018989072,True,True,proven_optimal,heuristic_no_guarantee,full_corpus,no_positive_marginal_gain,0.06908399518579245,5.982538952066044
8,768,25,ilp,3.010793223977089,5.36981400847435,23.59020784497261,0.4289128699085929,11,445,0.5794270833333334,0.5263157894736842,0.0,True,True,proven_optimal,proven_optimal,full_corpus,n/a,3990.652250009589,6.765827469611436
8,1024,25,top_k,2.9706196606159208,5.8312720358371735,28.606523752212524,0.4334321780638261,12,651,0.6357421875,0.5789473684210527,0.01334318246807436,True,True,proven_optimal,heuristic_no_guarantee,full_corpus,no_positive_marginal_gain,0.062375038396567106,4.563163841191891
8,1024,25,mmr,2.9255122434347864,5.392081618309021,24.665693748742342,0.3162268429325941,13,504,0.4921875,0.6842105263157895,0.028325087177408715,True,True,proven_optimal,heuristic_no_guarantee,full_corpus,no_positive_marginal_gain,0.05304202204570174,5.80458778459283
8,1024,25,greedy_objective,3.010793223977089,5.36981400847435,23.59020784497261,0.4289128699085929,11,445,0.4345703125,0.5263157894736842,0.0,True,True,proven_optimal,heuristic_no_guarantee,full_corpus,no_positive_marginal_gain,0.03708398435264826,6.765827469611436
8,1024,25,greedy_token_aware,2.889566313847899,5.375852555036545,24.862862411886454,0.31875464630623657,13,483,0.4716796875,0.631578947368421,0.04026411018989072,True,True,proven_optimal,heuristic_no_guarantee,full_corpus,no_positive_marginal_gain,0.07162499241530895,5.982538952066044
8,1024,25,ilp,3.010793223977089,5.36981400847435,23.59020784497261,0.4289128699085929,11,445,0.4345703125,0.5263157894736842,0.0,True,True,proven_optimal,proven_optimal,full_corpus,n/a,4011.909624969121,6.765827469611436
8,2048,25,top_k,2.9706196606159208,5.8312720358371735,28.606523752212524,0.4334321780638261,12,651,0.31787109375,0.5789473684210527,0.01334318246807436,True,True,proven_optimal,heuristic_no_guarantee,full_corpus,no_positive_marginal_gain,0.05716702435165644,4.563163841191891
8,2048,25,mmr,2.9255122434347864,5.392081618309021,24.665693748742342,0.3162268429325941,13,504,0.24609375,0.6842105263157895,0.028325087177408715,True,True,proven_optimal,heuristic_no_guarantee,full_corpus,no_positive_marginal_gain,0.054957985412329435,5.80458778459283
8,2048,25,greedy_objective,3.010793223977089,5.36981400847435,23.59020784497261,0.4289128699085929,11,445,0.21728515625,0.5263157894736842,0.0,True,True,proven_optimal,heuristic_no_guarantee,full_corpus,no_positive_marginal_gain,0.03825000021606684,6.765827469611436
8,2048,25,greedy_token_aware,2.889566313847899,5.375852555036545,24.862862411886454,0.31875464630623657,13,483,0.23583984375,0.631578947368421,0.04026411018989072,True,True,proven_optimal,heuristic_no_guarantee,full_corpus,no_positive_marginal_gain,0.06866699550300837,5.982538952066044
8,2048,25,ilp,3.010793223977089,5.36981400847435,23.59020784497261,0.4289128699085929,11,445,0.21728515625,0.5263157894736842,0.0,True,True,proven_optimal,proven_optimal,full_corpus,n/a,4696.23641698854,6.765827469611436
9,96,25,top_k,2.0396517395973204,2.512530118227005,4.7287837862968445,0.47287837862968446,5,94,0.9791666666666666,0.2222222222222222,0.1530891992493798,True,True,proven_optimal,heuristic_no_guarantee,full_corpus,no_candidate_fits_budget,0.025374989490956068,21.69842276167362
9,96,25,mmr,1.8730589851737023,2.1747348606586456,3.016758754849434,0.3016758754849434,5,96,1.0,0.2777777777777778,0.22226238225365702,True,True,proven_optimal,heuristic_no_guarantee,full_corpus,no_candidate_fits_budget,0.0237500062212348,19.5110310955594
9,96,25,greedy_objective,2.0681659162044523,2.5025170147418976,4.343510985374451,0.4343510985374451,5,93,0.96875,0.2222222222222222,0.14124945049508592,True,True,proven_optimal,heuristic_no_guarantee,full_corpus,no_candidate_fits_budget,0.01858395989984274,22.238343184994115
9,96,25,greedy_token_aware,2.4083430483937263,3.1417505145072937,7.3340746611356735,0.3492416505302702,7,94,0.9791666666666666,0.2777777777777778,0.0,True,True,proven_optimal,heuristic_no_guarantee,full_corpus,no_candidate_fits_budget,0.0391670037060976,25.620670727592834
9,96,25,ilp,2.4083430483937263,3.1417505145072937,7.3340746611356735,0.3492416505302702,7,94,0.9791666666666666,0.2777777777777778,0.0,True,True,proven_optimal,proven_optimal,full_corpus,n/a,144.8842910467647,25.620670727592834
9,128,25,top_k,2.081071376800537,2.6053577661514282,5.242863893508911,0.5242863893508911,5,121,0.9453125,0.2222222222222222,0.1907368506183125,True,True,proven_optimal,heuristic_no_guarantee,full_corpus,no_candidate_fits_budget,0.03366702003404498,17.198936998351545
9,128,25,mmr,2.1511455819010736,2.6322619915008545,4.81116409599781,0.22910305219037191,7,124,0.96875,0.3888888888888889,0.1634871980872865,True,True,proven_optimal,heuristic_no_guarantee,full_corpus,no_candidate_fits_budget,0.031000003218650818,17.34794824113769
9,128,25,greedy_objective,2.0934236109256745,2.599608063697815,5.061844527721405,0.5061844527721405,5,118,0.921875,0.2222222222222222,0.18593345559714944,True,True,proven_optimal,heuristic_no_guarantee,full_corpus,no_candidate_fits_budget,0.018417020328342915,17.740878058692157
9,128,25,greedy_token_aware,2.571563258767128,3.674783319234848,11.0322006046772,0.3064500167965889,9,123,0.9609375,0.3888888888888889,-2.3178370432271173e-09,True,True,proven_optimal,heuristic_no_guarantee,full_corpus,no_candidate_fits_budget,0.049332971684634686,20.90701836396039
9,128,25,ilp,2.5715632528066634,3.674783319234848,11.032200664281845,0.3064500184522735,9,123,0.9609375,0.3888888888888889,0.0,True,True,proven_optimal,proven_optimal,full_corpus,n/a,621.9088330399245,20.90701831550133
9,192,25,top_k,2.5755927622318264,3.962393820285797,13.868010580539703,0.49528609216213226,8,190,0.9895833333333334,0.3333333333333333,0.08929747304572686,True,True,proven_optimal,heuristic_no_guarantee,full_corpus,no_candidate_fits_budget,0.04491704748943448,13.555751380167507
9,192,25,mmr,1.6004377275705337,1.771558403968811,1.7112067639827728,0.28520112733046216,4,183,0.953125,0.2222222222222222,0.43410204279792525,True,True,proven_optimal,heuristic_no_guarantee,full_corpus,no_candidate_fits_budget,0.01912500010803342,8.745561352844447
9,192,25,greedy_objective,2.6633444473147394,3.8494295477867126,11.860851004719734,0.4236018215971334,8,184,0.9583333333333334,0.3888888888888889,0.058269399616814446,True,True,proven_optimal,heuristic_no_guarantee,full_corpus,no_candidate_fits_budget,0.027250032871961594,14.474698083232278
9,192,25,greedy_token_aware,2.761895558238029,4.185180634260178,14.232850760221481,0.3162855724493662,10,162,0.84375,0.4444444444444444,0.023422762730702384,True,True,proven_optimal,heuristic_no_guarantee,full_corpus,no_positive_marginal_gain,0.05354202585294843,17.048738013814994
9,192,25,ilp,2.828138372302055,4.357186406850815,15.290480345487595,0.3397884521219465,10,188,0.9791666666666666,0.4444444444444444,0.0,True,True,proven_optimal,proven_optimal,full_corpus,n/a,1494.5401250151917,15.043289214372633
9,256,25,top_k,2.8264537796378133,5.152411192655563,23.259574130177498,0.42290134782140903,11,254,0.9921875,0.5,0.020136863652882298,True,True,proven_optimal,heuristic_no_guarantee,full_corpus,no_candidate_fits_budget,0.05366699770092964,11.127770785975642
9,256,25,mmr,2.108019111305475,2.6336560249328613,5.256369136273861,0.2503032922035172,7,256,1.0,0.3888888888888889,0.2692007798733109,True,True,proven_optimal,heuristic_no_guarantee,full_corpus,no_candidate_fits_budget,0.031166011467576027,8.234449653537013
9,256,25,greedy_objective,2.8685088738799096,4.917983382940292,20.49474509060383,0.3726317289200696,11,252,0.984375,0.5555555555555556,0.0055573800468512145,True,True,proven_optimal,heuristic_no_guarantee,full_corpus,no_candidate_fits_budget,0.036209006793797016,11.382971721745673
9,256,25,greedy_token_aware,2.841451908648014,4.705591052770615,18.641391441226006,0.3389343898404728,11,202,0.7890625,0.5,0.01493737522071801,True,True,proven_optimal,heuristic_no_guarantee,full_corpus,no_positive_marginal_gain,0.058957957662642,14.066593607168386
9,256,25,ilp,2.88453935533762,4.877596825361252,19.93057470023632,0.3623740854588422,11,228,0.890625,0.5,0.0,True,True,proven_optimal,proven_optimal,full_corpus,n/a,2785.381834022701,12.651488400603595
9,384,25,top_k,2.606518021225929,4.0545739233493805,14.480559021234512,0.5171628221869469,8,373,0.9713541666666666,0.3888888888888889,0.09666625860279092,True,True,proven_optimal,heuristic_no_guarantee,full_corpus,no_positive_marginal_gain,0.04650000482797623,6.98798397111509
9,384,25,mmr,2.7899171324446796,4.975526720285416,21.85609587840736,0.331152967854657,12,375,0.9765625,0.5555555555555556,0.033106135880816887,True,True,proven_optimal,heuristic_no_guarantee,full_corpus,no_candidate_fits_budget,0.050499977078288794,7.439779019852479
9,384,25,greedy_objective,2.882137051224708,4.876949280500412,19.948122292757034,0.36269313259558245,11,384,1.0,0.5555555555555556,0.0011457336950193144,True,True,proven_optimal,heuristic_no_guarantee,full_corpus,no_candidate_fits_budget,0.036917044781148434,7.505565237564344
9,384,25,greedy_token_aware,2.856214541196823,5.180703967809677,23.24489426612854,0.35219536766861426,12,376,0.9791666666666666,0.5555555555555556,0.010129626297796198,True,True,proven_optimal,heuristic_no_guarantee,full_corpus,no_candidate_fits_budget,0.06395799573510885,7.596315269140487
9,384,25,ilp,2.8854430004954335,4.832299321889877,19.468563213944435,0.35397387661717156,11,362,0.9427083333333334,0.5,0.0,True,True,proven_optimal,proven_optimal,full_corpus,n/a,13097.530416038353,7.970837017943186
9,512,25,top_k,2.868752884864807,5.393096297979355,25.243434131145477,0.38247627471432544,12,426,0.83203125,0.6111111111111112,0.007592020961120865,True,True,proven_optimal,heuristic_no_guarantee,full_corpus,no_positive_marginal_gain,0.06374996155500412,6.73416170156058
9,512,25,mmr,2.7188674779608846,4.851051092147827,21.321836141869426,0.32305812336165796,12,510,0.99609375,0.6111111111111112,0.05944294006179187,True,True,proven_optimal,heuristic_no_guarantee,full_corpus,no_candidate_fits_budget,0.05662499461323023,5.331112701884088
9,512,25,greedy_objective,2.882137051224708,4.876949280500412,19.948122292757034,0.36269313259558245,11,384,0.75,0.5555555555555556,0.0029619416125555367,True,True,proven_optimal,heuristic_no_guarantee,full_corpus,no_positive_marginal_gain,0.03879104042425752,7.505565237564344
9,512,25,greedy_token_aware,2.856214541196823,5.180703967809677,23.24489426612854,0.35219536766861426,12,376,0.734375,0.5555555555555556,0.011929498882515734,True,True,proven_optimal,heuristic_no_guarantee,full_corpus,no_positive_marginal_gain,0.06633397424593568,7.596315269140487
9,512,25,ilp,2.8906991332769394,4.929390370845795,20.386912375688553,0.3706711341034282,11,387,0.755859375,0.5555555555555556,0.0,True,True,proven_optimal,proven_optimal,full_corpus,n/a,27652.335125021636,7.469506804333177
9,768,25,top_k,2.868752884864807,5.393096297979355,25.243434131145477,0.38247627471432544,12,426,0.5546875,0.6111111111111112,0.0075920158453925725,True,True,proven_optimal,heuristic_no_guarantee,full_corpus,no_positive_marginal_gain,0.05866598803550005,6.73416170156058
9,768,25,mmr,2.772481733560562,5.0273202657699585,22.548385322093964,0.34164220184990857,12,534,0.6953125,0.6111111111111112,0.04089577641053143,True,True,proven_optimal,heuristic_no_guarantee,full_corpus,no_positive_marginal_gain,0.05058402894064784,5.1919133587276445
9,768,25,greedy_objective,2.882137051224708,4.876949280500412,19.948122292757034,0.36269313259558245,11,384,0.5,0.5555555555555556,0.002961936472959814,True,True,proven_optimal,heuristic_no_guarantee,full_corpus,no_positive_marginal_gain,0.03700004890561104,7.505565237564344
9,768,25,greedy_token_aware,2.856214541196823,5.180703967809677,23.24489426612854,0.35219536766861426,12,376,0.4895833333333333,0.5555555555555556,0.011929493789146551,True,True,proven_optimal,heuristic_no_guarantee,full_corpus,no_positive_marginal_gain,0.063000014051795,7.596315269140487
9,768,25,ilp,2.890699118375778,4.929390370845795,20.386912524700165,0.3706711368127303,11,387,0.50390625,0.5555555555555556,0.0,True,True,proven_optimal,proven_optimal,full_corpus,n/a,10335.980790958274,7.469506765828884
9,1024,25,top_k,2.868752884864807,5.393096297979355,25.243434131145477,0.38247627471432544,12,426,0.416015625,0.6111111111111112,0.0075920158453925725,True,True,proven_optimal,heuristic_no_guarantee,full_corpus,no_positive_marginal_gain,0.05674996646121144,6.73416170156058
9,1024,25,mmr,2.772481733560562,5.0273202657699585,22.548385322093964,0.34164220184990857,12,534,0.521484375,0.6111111111111112,0.04089577641053143,True,True,proven_optimal,heuristic_no_guarantee,full_corpus,no_positive_marginal_gain,0.049875001423060894,5.1919133587276445
9,1024,25,greedy_objective,2.882137051224708,4.876949280500412,19.948122292757034,0.36269313259558245,11,384,0.375,0.5555555555555556,0.002961936472959814,True,True,proven_optimal,heuristic_no_guarantee,full_corpus,no_positive_marginal_gain,0.03750005271285772,7.505565237564344
9,1024,25,greedy_token_aware,2.856214541196823,5.180703967809677,23.24489426612854,0.35219536766861426,12,376,0.3671875,0.5555555555555556,0.011929493789146551,True,True,proven_optimal,heuristic_no_guarantee,full_corpus,no_positive_marginal_gain,0.06550003308802843,7.596315269140487
9,1024,25,ilp,2.890699118375778,4.929390370845795,20.386912524700165,0.3706711368127303,11,387,0.3779296875,0.5555555555555556,0.0,True,True,proven_optimal,proven_optimal,full_corpus,n/a,18603.31999999471,7.469506765828884
9,2048,25,top_k,2.868752884864807,5.393096297979355,25.243434131145477,0.38247627471432544,12,426,0.2080078125,0.6111111111111112,0.007592020961120865,True,True,proven_optimal,heuristic_no_guarantee,full_corpus,no_positive_marginal_gain,0.06083300104364753,6.73416170156058
9,2048,25,mmr,2.772481733560562,5.0273202657699585,22.548385322093964,0.34164220184990857,12,534,0.2607421875,0.6111111111111112,0.04089578135458336,True,True,proven_optimal,heuristic_no_guarantee,full_corpus,no_positive_marginal_gain,0.0546669471077621,5.1919133587276445
9,2048,25,greedy_objective,2.882137051224708,4.876949280500412,19.948122292757034,0.36269313259558245,11,384,0.1875,0.5555555555555556,0.0029619416125555367,True,True,proven_optimal,heuristic_no_guarantee,full_corpus,no_positive_marginal_gain,0.03787502646446228,7.505565237564344
9,2048,25,greedy_token_aware,2.856214541196823,5.180703967809677,23.24489426612854,0.35219536766861426,12,376,0.18359375,0.5555555555555556,0.011929498882515734,True,True,proven_optimal,heuristic_no_guarantee,full_corpus,no_positive_marginal_gain,0.0647500273771584,7.596315269140487
9,2048,25,ilp,2.8906991332769394,4.929390370845795,20.386912375688553,0.3706711341034282,11,387,0.18896484375,0.5555555555555556,0.0,True,True,proven_optimal,proven_optimal,full_corpus,n/a,22255.089375015814,7.469506804333177
10,96,25,top_k,1.574897700548172,1.764132559299469,1.89234858751297,0.6307828625043234,3,93,0.96875,0.17647058823529413,0.36704441790787923,True,True,proven_optimal,heuristic_no_guarantee,full_corpus,no_candidate_fits_budget,0.019041995983570814,16.934383876862064
10,96,25,mmr,1.5890686692669989,1.7915333062410355,2.024646369740367,0.2024646369740367,5,88,0.9166666666666666,0.29411764705882354,0.3613490678218944,True,True,proven_optimal,heuristic_no_guarantee,full_corpus,no_candidate_fits_budget,0.02416700590401888,18.057598514397714
10,96,25,greedy_objective,1.5915284365415574,1.7580906748771667,1.6656223833560944,0.5552074611186981,3,93,0.96875,0.17647058823529413,0.36036048080031363,True,True,proven_optimal,heuristic_no_guarantee,full_corpus,no_candidate_fits_budget,0.01225003506988287,17.113208995070508
10,96,25,greedy_token_aware,2.4732885137200356,3.3309519290924072,8.576634153723717,0.4084111501773198,7,89,0.9270833333333334,0.29411764705882354,0.005978756373492216,True,True,proven_optimal,heuristic_no_guarantee,full_corpus,no_candidate_fits_budget,0.03925000783056021,27.789758581123994
10,96,25,ilp,2.4881646439433096,3.2156121134757996,7.274474695324898,0.3464035569202332,7,90,0.9375,0.35294117647058826,0.0,True,True,proven_optimal,proven_optimal,full_corpus,n/a,420.18079198896885,27.64627382159233
10,128,25,top_k,2.2520574416965244,2.8201272040605545,5.680697623640299,0.37871317490935325,6,128,1.0,0.29411764705882354,0.1837052348481236,True,True,proven_optimal,heuristic_no_guarantee,full_corpus,no_candidate_fits_budget,0.03812497016042471,17.5941987632541
10,128,25,mmr,2.453127678669989,3.152090087532997,6.98962408863008,0.2496294317367886,8,125,0.9765625,0.47058823529411764,0.11082406457671096,True,True,proven_optimal,heuristic_no_guarantee,full_corpus,no_candidate_fits_budget,0.034791999496519566,19.62502142935991
10,128,25,greedy_objective,2.2520574416965244,2.8201272040605545,5.680697623640299,0.37871317490935325,6,128,1.0,0.29411764705882354,0.1837052348481236,True,True,proven_optimal,heuristic_no_guarantee,full_corpus,no_candidate_fits_budget,0.021291023585945368,17.5941987632541
10,128,25,greedy_token_aware,2.7588777363300325,4.213372707366943,14.54494971036911,0.4040263808435864,9,115,0.8984375,0.35294117647058826,-5.401167684274924e-09,True,True,proven_optimal,heuristic_no_guarantee,full_corpus,no_positive_marginal_gain,0.0505829812027514,23.990241185478542
10,128,25,ilp,2.7588777214288713,4.213372707366943,14.544949859380722,0.40402638498279786,9,115,0.8984375,0.35294117647058826,0.0,True,True,proven_optimal,proven_optimal,full_corpus,n/a,548.4184169908985,23.990241055903226
10,192,25,top_k,1.591005402803421,1.7697108387947083,1.7870543599128723,0.5956847866376241,3,190,0.9895833333333334,0.17647058823529413,0.4666348846615608,True,True,proven_optimal,heuristic_no_guarantee,full_corpus,no_candidate_fits_budget,0.0278339721262455,8.373712646333795
10,192,25,mmr,2.702242917008698,3.8648118302226067,11.625689132139087,0.2583486473808686,10,183,0.953125,0.5882352941176471,0.09410609004644327,True,True,proven_optimal,heuristic_no_guarantee,full_corpus,no_candidate_fits_budget,0.04270800855010748,14.766354737752447
10,192,25,greedy_objective,2.982957424223423,4.973702788352966,19.907453641295433,0.44238785869545405,10,183,0.953125,0.47058823529411764,-1.7484012566457194e-08,True,True,proven_optimal,heuristic_no_guarantee,full_corpus,no_positive_marginal_gain,0.034415978007018566,16.300313793570616
10,192,25,greedy_token_aware,2.953449364006519,5.036412358283997,20.829629942774773,0.37872054441408676,11,172,0.8958333333333334,0.47058823529411764,0.00989219904351804,True,True,proven_optimal,heuristic_no_guarantee,full_corpus,no_positive_marginal_gain,0.06024999311193824,17.171217232596042
10,192,25,ilp,2.9829573720693587,4.973702788352966,19.907454162836075,0.4423878702852461,10,183,0.953125,0.47058823529411764,0.0,True,True,proven_optimal,proven_optimal,full_corpus,n/a,1226.031750033144,16.30031350857573
10,256,25,top_k,2.691622865200043,4.330229878425598,16.386070132255554,0.5852167904376984,8,254,0.9921875,0.35294117647058826,0.10487161490134628,True,True,proven_optimal,heuristic_no_guarantee,full_corpus,no_candidate_fits_budget,0.043666979763656855,10.596940414173396
10,256,25,mmr,2.0344775810837747,2.370141088962555,3.3566350787878036,0.33566350787878035,5,253,0.98828125,0.29411764705882354,0.3234124084691976,True,True,proven_optimal,heuristic_no_guarantee,full_corpus,no_candidate_fits_budget,0.023792032152414322,8.04141336396749
10,256,25,greedy_objective,2.8446609646081926,4.103621244430542,12.589602798223495,0.44962867136512485,8,255,0.99609375,0.47058823529411764,0.05397713464079045,True,True,proven_optimal,heuristic_no_guarantee,full_corpus,no_candidate_fits_budget,0.02800003858283162,11.155533194541931
10,256,25,greedy_token_aware,2.9847966358065605,5.686928629875183,27.021319940686226,0.4094139384952458,12,210,0.8203125,0.5294117647058824,0.007373496859169718,True,True,proven_optimal,heuristic_no_guarantee,full_corpus,no_positive_marginal_gain,0.06366701563820243,14.213317313364573
10,256,25,ilp,3.006968508660793,5.168023109436035,21.61054600775242,0.39291901832277126,11,197,0.76953125,0.5294117647058824,0.0,True,True,proven_optimal,proven_optimal,full_corpus,n/a,1835.0482499809004,15.263799536349204
10,384,25,top_k,2.609551271796226,4.360881686210632,17.51330414414406,0.6254751480051449,8,384,1.0,0.29411764705882354,0.14602891483401406,True,True,proven_optimal,heuristic_no_guarantee,full_corpus,no_candidate_fits_budget,0.0462090247310698,6.795706436969339
10,384,25,mmr,3.025977010279894,5.254622019827366,22.28645009547472,0.3376734862950715,12,375,0.9765625,0.6470588235294118,0.009754320949846042,True,True,proven_optimal,heuristic_no_guarantee,full_corpus,no_positive_marginal_gain,0.05204201443120837,8.069272027413051
10,384,25,greedy_objective,3.0377037838101386,5.219693720340729,21.8198993653059,0.39672544300556184,11,295,0.7682291666666666,0.5882352941176471,0.005916754842081605,True,True,proven_optimal,heuristic_no_guarantee,full_corpus,no_positive_marginal_gain,0.038375030271708965,10.297300962068267
10,384,25,greedy_token_aware,3.001062524318695,6.128329753875732,31.272672295570374,0.4009316960970561,13,384,1.0,0.5882352941176471,0.017907542862973254,True,True,proven_optimal,heuristic_no_guarantee,full_corpus,no_candidate_fits_budget,0.06962503539398313,7.815266990413267
10,384,25,ilp,3.0557841092348097,5.6094242334365845,25.536401242017746,0.38691517033360223,12,371,0.9661458333333334,0.5882352941176471,0.0,True,True,proven_optimal,proven_optimal,full_corpus,n/a,4835.923167003784,8.236614849689515
10,512,25,top_k,2.8753035098314284,6.013735353946686,31.384318441152573,0.4755199763810996,12,435,0.849609375,0.5294117647058824,0.059061968447273544,True,True,proven_optimal,heuristic_no_guarantee,full_corpus,no_positive_marginal_gain,0.05641602911055088,6.609893126049261
10,512,25,mmr,2.9984644897282124,5.245223380625248,22.467588908970356,0.3404180137722781,12,504,0.984375,0.7058823529411765,0.01875775374717773,True,True,proven_optimal,heuristic_no_guarantee,full_corpus,no_candidate_fits_budget,0.05041697295382619,5.949334305016294
10,512,25,greedy_objective,3.0491883546113967,5.661094844341278,26.119064897298813,0.3957434075348305,12,469,0.916015625,0.6470588235294118,0.0021584579118910994,True,True,proven_optimal,heuristic_no_guarantee,full_corpus,no_positive_marginal_gain,0.04108302528038621,6.501467707060548
10,512,25,greedy_token_aware,3.001062524318695,6.128329753875732,31.272672295570374,0.4009316960970561,13,384,0.75,0.5882352941176471,0.017907551483272142,True,True,proven_optimal,heuristic_no_guarantee,full_corpus,no_positive_marginal_gain,0.06987497908994555,7.815266990413267
10,512,25,ilp,3.0557841360569,5.6094242334365845,25.536400973796844,0.38691516626964917,12,371,0.724609375,0.5882352941176471,0.0,True,True,proven_optimal,proven_optimal,full_corpus,n/a,16650.674541015178,8.236614921986254
10,768,25,top_k,2.803490763902664,6.455136477947235,36.51645714044571,0.46815970692879116,13,609,0.79296875,0.5882352941176471,0.08256256093968024,True,True,proven_optimal,heuristic_no_guarantee,full_corpus,no_positive_marginal_gain,0.06166700040921569,4.60343310985659
10,768,25,mmr,3.0032618813216683,5.764128901064396,27.608670197427273,0.3539573102234266,13,517,0.6731770833333334,0.7058823529411765,0.0171878128852318,True,True,proven_optimal,heuristic_no_guarantee,full_corpus,no_positive_marginal_gain,0.05529198097065091,5.809017178571892
10,768,25,greedy_objective,3.0491883546113967,5.661094844341278,26.119064897298813,0.3957434075348305,12,469,0.6106770833333334,0.6470588235294118,0.002158454992378928,True,True,proven_optimal,heuristic_no_guarantee,full_corpus,no_positive_marginal_gain,0.04074996104463935,6.501467707060548
10,768,25,greedy_token_aware,3.001062524318695,6.128329753875732,31.272672295570374,0.4009316960970561,13,384,0.5,0.5882352941176471,0.0179075486098391,True,True,proven_optimal,heuristic_no_guarantee,full_corpus,no_positive_marginal_gain,0.07075001485645771,7.815266990413267
10,768,25,ilp,3.055784127116203,5.6094242334365845,25.53640106320381,0.38691516762430017,12,371,0.4830729166666667,0.5882352941176471,0.0,True,True,proven_optimal,proven_optimal,full_corpus,n/a,12209.274916967843,8.236614897887339
10,1024,25,top_k,2.803490763902664,6.455136477947235,36.51645714044571,0.46815970692879116,13,609,0.5947265625,0.5882352941176471,0.0825625555711532,True,True,proven_optimal,heuristic_no_guarantee,full_corpus,no_positive_marginal_gain,0.06595801096409559,4.60343310985659
10,1024,25,mmr,3.0032618813216683,5.764128901064396,27.608670197427273,0.3539573102234266,13,517,0.5048828125,0.7058823529411765,0.01718780713415431,True,True,proven_optimal,heuristic_no_guarantee,full_corpus,no_positive_marginal_gain,0.053750001825392246,5.809017178571892
10,1024,25,greedy_objective,3.0491883546113967,5.661094844341278,26.119064897298813,0.3957434075348305,12,469,0.4580078125,0.6470588235294118,0.002158449153354823,True,True,proven_optimal,heuristic_no_guarantee,full_corpus,no_positive_marginal_gain,0.040790997445583344,6.501467707060548
10,1024,25,greedy_token_aware,3.001062524318695,6.128329753875732,31.272672295570374,0.4009316960970561,13,384,0.375,0.5882352941176471,0.017907542862973254,True,True,proven_optimal,heuristic_no_guarantee,full_corpus,no_positive_marginal_gain,0.07004197686910629,7.815266990413267
10,1024,25,ilp,3.0557841092348097,5.6094242334365845,25.536401242017746,0.38691517033360223,12,371,0.3623046875,0.5882352941176471,0.0,True,True,proven_optimal,proven_optimal,full_corpus,n/a,34190.079874999356,8.236614849689515
10,2048,25,top_k,2.803490763902664,6.455136477947235,36.51645714044571,0.46815970692879116,13,609,0.29736328125,0.5882352941176471,0.0825625555711532,True,True,proven_optimal,heuristic_no_guarantee,full_corpus,no_positive_marginal_gain,0.06229104474186897,4.60343310985659
10,2048,25,mmr,3.0032618813216683,5.764128901064396,27.608670197427273,0.3539573102234266,13,517,0.25244140625,0.7058823529411765,0.01718780713415431,True,True,proven_optimal,heuristic_no_guarantee,full_corpus,no_positive_marginal_gain,0.055958982557058334,5.809017178571892
10,2048,25,greedy_objective,3.0491883546113967,5.661094844341278,26.119064897298813,0.3957434075348305,12,469,0.22900390625,0.6470588235294118,0.002158449153354823,True,True,proven_optimal,heuristic_no_guarantee,full_corpus,no_positive_marginal_gain,0.04112499300390482,6.501467707060548
10,2048,25,greedy_token_aware,3.001062524318695,6.128329753875732,31.272672295570374,0.4009316960970561,13,384,0.1875,0.5882352941176471,0.017907542862973254,True,True,proven_optimal,heuristic_no_guarantee,full_corpus,no_positive_marginal_gain,0.07179100066423416,7.815266990413267
10,2048,25,ilp,3.0557841092348097,5.6094242334365845,25.536401242017746,0.38691517033360223,12,371,0.18115234375,0.5882352941176471,0.0,True,True,proven_optimal,proven_optimal,full_corpus,n/a,13320.482167007867,8.236614849689515
11,96,25,top_k,1.5498572945594788,1.7360143065452576,1.861570119857788,0.6205233732859293,3,92,0.9583333333333334,0.15789473684210525,0.37896225674071854,True,True,proven_optimal,heuristic_no_guarantee,full_corpus,no_candidate_fits_budget,0.019291997887194157,16.8462749408639
11,96,25,mmr,1.1867378383874894,1.2685068547725677,0.8176901638507843,0.2725633879502614,3,91,0.9479166666666666,0.15789473684210525,0.5244665482559497,True,True,proven_optimal,heuristic_no_guarantee,full_corpus,no_candidate_fits_budget,0.01650000922381878,13.041075147115267
11,96,25,greedy_objective,1.5498572945594788,1.7360143065452576,1.861570119857788,0.6205233732859293,3,92,0.9583333333333334,0.15789473684210525,0.37896225674071854,True,True,proven_optimal,heuristic_no_guarantee,full_corpus,no_candidate_fits_budget,0.012749980669468641,16.8462749408639
11,96,25,greedy_token_aware,2.4955927580595016,3.406399518251419,9.108067601919174,0.433717504853294,7,95,0.9895833333333334,0.21052631578947367,0.0,True,True,proven_optimal,heuristic_no_guarantee,full_corpus,no_candidate_fits_budget,0.040000013541430235,26.269397453257913
11,96,25,ilp,2.4955927580595016,3.406399518251419,9.108067601919174,0.433717504853294,7,95,0.9895833333333334,0.21052631578947367,0.0,True,True,proven_optimal,proven_optimal,full_corpus,n/a,52.66720801591873,26.269397453257913
11,128,25,top_k,1.5793169736862183,1.7572596669197083,1.7794269323349,0.5931423107782999,3,119,0.9296875,0.15789473684210525,0.39311545366341333,True,True,proven_optimal,heuristic_no_guarantee,full_corpus,no_candidate_fits_budget,0.03391696373000741,13.271571207447213
11,128,25,mmr,1.4867922812700272,1.62580806016922,1.390157788991928,0.463385929663976,3,118,0.921875,0.15789473684210525,0.4286699414055863,True,True,proven_optimal,heuristic_no_guarantee,full_corpus,no_candidate_fits_budget,0.01750001683831215,12.599934587034129
11,128,25,greedy_objective,1.5793169736862183,1.7572596669197083,1.7794269323349,0.5931423107782999,3,119,0.9296875,0.15789473684210525,0.39311545366341333,True,True,proven_optimal,heuristic_no_guarantee,full_corpus,no_candidate_fits_budget,0.012874952517449856,13.271571207447213
11,128,25,greedy_token_aware,2.602335128188133,3.791069447994232,11.88734319806099,0.33020397772391635,9,120,0.9375,0.3157894736842105,0.0,True,True,proven_optimal,heuristic_no_guarantee,full_corpus,no_candidate_fits_budget,0.052541960030794144,21.686126068234444
11,128,25,ilp,2.602335128188133,3.791069447994232,11.88734319806099,0.33020397772391635,9,120,0.9375,0.3157894736842105,0.0,True,True,proven_optimal,proven_optimal,full_corpus,n/a,513.5465829516761,21.686126068234444
11,192,25,top_k,2.8186401396989824,4.292652666568756,14.740125268697739,0.5264330453106335,8,185,0.9635416666666666,0.3157894736842105,0.021756817707402256,True,True,proven_optimal,heuristic_no_guarantee,full_corpus,no_candidate_fits_budget,0.04658399848267436,15.235892647021526
11,192,25,mmr,2.0629521392285826,2.5408847630023956,4.7793262377381325,0.31862174918254216,6,192,1.0,0.3157894736842105,0.28402748645600034,True,True,proven_optimal,heuristic_no_guarantee,full_corpus,no_candidate_fits_budget,0.028582988306879997,10.744542391815534
11,192,25,greedy_objective,2.8186401546001436,4.292652666568756,14.740125119686127,0.5264330399887902,8,185,0.9635416666666666,0.3157894736842105,0.021756812535773874,True,True,proven_optimal,heuristic_no_guarantee,full_corpus,no_candidate_fits_budget,0.028375012334436178,15.235892727568343
11,192,25,greedy_token_aware,2.8813286826014517,4.719514310359955,18.38185627758503,0.4084856950574451,10,188,0.9791666666666666,0.3684210526315789,0.0,True,True,proven_optimal,heuristic_no_guarantee,full_corpus,no_candidate_fits_budget,0.05562504520639777,15.326216396816234
11,192,25,ilp,2.8813286826014517,4.719514310359955,18.38185627758503,0.4084856950574451,10,188,0.9791666666666666,0.3684210526315789,0.0,True,True,proven_optimal,proven_optimal,full_corpus,n/a,837.5449159648269,15.326216396816234
11,256,25,top_k,2.7988309413194656,4.353289484977722,15.544585436582565,0.5551637655922345,8,249,0.97265625,0.3157894736842105,0.06198647097724676,True,True,proven_optimal,heuristic_no_guarantee,full_corpus,no_candidate_fits_budget,0.046042026951909065,11.240284904897452
11,256,25,mmr,2.5835809260606766,3.5827428698539734,9.991619437932968,0.3568435513547489,8,251,0.98046875,0.42105263157894735,0.1341263860590459,True,True,proven_optimal,heuristic_no_guarantee,full_corpus,no_candidate_fits_budget,0.03733299672603607,10.293151099843334
11,256,25,greedy_objective,2.833971700072288,4.2760292291641235,14.42057529091835,0.5150205461042268,8,250,0.9765625,0.3684210526315789,0.05020922975712054,True,True,proven_optimal,heuristic_no_guarantee,full_corpus,no_candidate_fits_budget,0.028500042390078306,11.335886800289153
11,256,25,greedy_token_aware,2.9256899312138556,5.352550745010376,24.268608137965202,0.4412474206902764,11,227,0.88671875,0.42105263157894735,0.019470345032533594,True,True,proven_optimal,heuristic_no_guarantee,full_corpus,no_positive_marginal_gain,0.06250001024454832,12.88850189962051
11,256,25,ilp,2.983785259723663,5.038946717977524,20.551614582538605,0.45670254627863566,10,253,0.98828125,0.3684210526315789,0.0,True,True,proven_optimal,proven_optimal,full_corpus,n/a,1774.9747920315713,11.793617627366258
11,384,25,top_k,2.9842093020677565,5.704134106636047,27.199248045682907,0.4945317826487801,11,357,0.9296875,0.42105263157894735,0.009319171837551371,True,True,proven_optimal,heuristic_no_guarantee,full_corpus,no_positive_marginal_gain,0.054500007536262274,8.359129697668786
11,384,25,mmr,2.4442465089261534,3.502684235572815,10.584377266466618,0.3780134738023792,8,383,0.9973958333333334,0.42105263157894735,0.18857294827869414,True,True,proven_optimal,heuristic_no_guarantee,full_corpus,no_candidate_fits_budget,0.035375007428228855,6.3818446708254655
11,384,25,greedy_objective,3.00725285410881,5.695242643356323,26.879897892475128,0.48872541622682053,11,316,0.8229166666666666,0.42105263157894735,0.00166930451624201,True,True,proven_optimal,heuristic_no_guarantee,full_corpus,no_positive_marginal_gain,0.038583006244152784,9.516622956040537
11,384,25,greedy_token_aware,2.9746480032801625,5.2278382778167725,22.531902745366096,0.4096709590066563,11,266,0.6927083333333334,0.42105263157894735,0.012493277418764758,True,True,proven_optimal,heuristic_no_guarantee,full_corpus,no_positive_marginal_gain,0.06308301817625761,11.18288723037655
11,384,25,ilp,3.0122812688350677,5.062206208705902,20.499249398708344,0.45553887552685207,10,277,0.7213541666666666,0.3684210526315789,0.0,True,True,proven_optimal,proven_optimal,full_corpus,n/a,8174.407208978664,10.874661620343204
11,512,25,top_k,2.9842093020677565,5.704134106636047,27.199248045682907,0.4945317826487801,11,357,0.697265625,0.42105263157894735,0.009774220355526084,True,True,proven_optimal,heuristic_no_guarantee,full_corpus,no_positive_marginal_gain,0.05800003418698907,8.359129697668786
11,512,25,mmr,2.7643326938152315,4.4818432331085205,17.175105392932892,0.38166900873184206,10,505,0.986328125,0.5263157894736842,0.08273407799070466,True,True,proven_optimal,heuristic_no_guarantee,full_corpus,no_candidate_fits_budget,0.043042004108428955,5.473926126366795
11,512,25,greedy_objective,3.00725285410881,5.695242643356323,26.879897892475128,0.48872541622682053,11,316,0.6171875,0.42105263157894735,0.0021278668407710725,True,True,proven_optimal,heuristic_no_guarantee,full_corpus,no_positive_marginal_gain,0.04854198778048158,9.516622956040537
11,512,25,greedy_token_aware,2.9746480032801625,5.2278382778167725,22.531902745366096,0.4096709590066563,11,266,0.51953125,0.42105263157894735,0.012946867977728288,True,True,proven_optimal,heuristic_no_guarantee,full_corpus,no_positive_marginal_gain,0.06904196925461292,11.18288723037655
11,512,25,ilp,3.0136655330657955,5.505836248397827,24.921707153320312,0.4531219482421875,11,451,0.880859375,0.3684210526315789,0.0,True,True,proven_optimal,proven_optimal,full_corpus,n/a,17296.46495799534,6.6821852174407885
11,768,25,top_k,2.9842093020677565,5.704134106636047,27.199248045682907,0.4945317826487801,11,357,0.46484375,0.42105263157894735,0.009774220355526084,True,True,proven_optimal,heuristic_no_guarantee,full_corpus,no_positive_marginal_gain,0.05583296297118068,8.359129697668786
11,768,25,mmr,2.8301600113511083,5.584821105003357,27.546610936522484,0.4173728929776134,12,558,0.7265625,0.5789473684210527,0.0608911372882204,True,True,proven_optimal,heuristic_no_guarantee,full_corpus,no_positive_marginal_gain,0.051791954319924116,5.071971346507362
11,768,25,greedy_objective,3.00725285410881,5.695242643356323,26.879897892475128,0.48872541622682053,11,316,0.4114583333333333,0.42105263157894735,0.0021278668407710725,True,True,proven_optimal,heuristic_no_guarantee,full_corpus,no_positive_marginal_gain,0.038583006244152784,9.516622956040537
11,768,25,greedy_token_aware,2.9746480032801625,5.2278382778167725,22.531902745366096,0.4096709590066563,11,266,0.3463541666666667,0.42105263157894735,0.012946867977728288,True,True,proven_optimal,heuristic_no_guarantee,full_corpus,no_positive_marginal_gain,0.06087496876716614,11.18288723037655
11,768,25,ilp,3.0136655330657955,5.505836248397827,24.921707153320312,0.4531219482421875,11,451,0.5872395833333334,0.3684210526315789,0.0,True,True,proven_optimal,proven_optimal,full_corpus,n/a,18461.869374965318,6.6821852174407885
11,1024,25,top_k,2.9842093020677565,5.704134106636047,27.199248045682907,0.4945317826487801,11,357,0.3486328125,0.42105263157894735,0.009774220355526084,True,True,proven_optimal,heuristic_no_guarantee,full_corpus,no_positive_marginal_gain,0.051709008403122425,8.359129697668786
11,1024,25,mmr,2.8301600113511083,5.584821105003357,27.546610936522484,0.4173728929776134,12,558,0.544921875,0.5789473684210527,0.0608911372882204,True,True,proven_optimal,heuristic_no_guarantee,full_corpus,no_positive_marginal_gain,0.04858296597376466,5.071971346507362
11,1024,25,greedy_objective,3.00725285410881,5.695242643356323,26.879897892475128,0.48872541622682053,11,316,0.30859375,0.42105263157894735,0.0021278668407710725,True,True,proven_optimal,heuristic_no_guarantee,full_corpus,no_positive_marginal_gain,0.03724999260157347,9.516622956040537
11,1024,25,greedy_token_aware,2.9746480032801625,5.2278382778167725,22.531902745366096,0.4096709590066563,11,266,0.259765625,0.42105263157894735,0.012946867977728288,True,True,proven_optimal,heuristic_no_guarantee,full_corpus,no_positive_marginal_gain,0.05862500984221697,11.18288723037655
11,1024,25,ilp,3.0136655330657955,5.505836248397827,24.921707153320312,0.4531219482421875,11,451,0.4404296875,0.3684210526315789,0.0,True,True,proven_optimal,proven_optimal,full_corpus,n/a,16228.88549999334,6.6821852174407885
11,2048,25,top_k,2.9842093020677565,5.704134106636047,27.199248045682907,0.4945317826487801,11,357,0.17431640625,0.42105263157894735,0.009774220355526084,True,True,proven_optimal,heuristic_no_guarantee,full_corpus,no_positive_marginal_gain,0.05975004751235247,8.359129697668786
11,2048,25,mmr,2.8301600113511083,5.584821105003357,27.546610936522484,0.4173728929776134,12,558,0.2724609375,0.5789473684210527,0.0608911372882204,True,True,proven_optimal,heuristic_no_guarantee,full_corpus,no_positive_marginal_gain,0.050333968829363585,5.071971346507362
11,2048,25,greedy_objective,3.00725285410881,5.695242643356323,26.879897892475128,0.48872541622682053,11,316,0.154296875,0.42105263157894735,0.0021278668407710725,True,True,proven_optimal,heuristic_no_guarantee,full_corpus,no_positive_marginal_gain,0.036833982449024916,9.516622956040537
11,2048,25,greedy_token_aware,2.9746480032801625,5.2278382778167725,22.531902745366096,0.4096709590066563,11,266,0.1298828125,0.42105263157894735,0.012946867977728288,True,True,proven_optimal,heuristic_no_guarantee,full_corpus,no_positive_marginal_gain,0.06233295425772667,11.18288723037655
11,2048,25,ilp,3.0136655330657955,5.505836248397827,24.921707153320312,0.4531219482421875,11,451,0.22021484375,0.3684210526315789,0.0,True,True,proven_optimal,proven_optimal,full_corpus,n/a,18026.28833404742,6.6821852174407885
12,96,25,top_k,1.4044791370630265,1.6257560849189758,2.212769478559494,0.368794913093249,4,86,0.8958333333333334,0.23529411764705882,0.0,True,True,proven_optimal,heuristic_no_guarantee,full_corpus,no_candidate_fits_budget,0.02212502295151353,16.331152756546818
12,96,25,mmr,1.3749106779694558,1.5777686834335327,2.02858005464077,0.33809667577346164,4,83,0.8645833333333334,0.23529411764705882,0.021052971392229274,True,True,proven_optimal,heuristic_no_guarantee,full_corpus,no_positive_marginal_gain,0.02112501533702016,16.56518889119826
12,96,25,greedy_objective,1.4044791370630265,1.6257560849189758,2.212769478559494,0.368794913093249,4,86,0.8958333333333334,0.23529411764705882,0.0,True,True,proven_optimal,heuristic_no_guarantee,full_corpus,no_candidate_fits_budget,0.015500001609325409,16.331152756546818
12,96,25,greedy_token_aware,1.4044791370630265,1.6257560849189758,2.212769478559494,0.368794913093249,4,86,0.8958333333333334,0.23529411764705882,0.0,True,True,proven_optimal,heuristic_no_guarantee,full_corpus,no_candidate_fits_budget,0.026333029381930828,16.331152756546818
12,96,25,ilp,1.4044791370630265,1.6257560849189758,2.212769478559494,0.368794913093249,4,86,0.8958333333333334,0.23529411764705882,0.0,True,True,proven_optimal,proven_optimal,full_corpus,n/a,52.588584017939866,16.331152756546818
12,128,25,top_k,1.0248598217964173,1.0885068774223328,0.6364705562591553,0.6364705562591553,2,122,0.953125,0.11764705882352941,0.3029159136061621,True,True,proven_optimal,heuristic_no_guarantee,full_corpus,no_candidate_fits_budget,0.02783298259600997,8.400490342593583
12,128,25,mmr,1.4081283980049193,1.6243907548487186,2.1626235684379935,0.21626235684379935,5,127,0.9921875,0.29411764705882354,0.042226188428465976,True,True,proven_optimal,heuristic_no_guarantee,full_corpus,no_candidate_fits_budget,0.025082961656153202,11.087625181141096
12,128,25,greedy_objective,1.0248598217964173,1.0885068774223328,0.6364705562591553,0.6364705562591553,2,122,0.953125,0.11764705882352941,0.3029159136061621,True,True,proven_optimal,heuristic_no_guarantee,full_corpus,no_candidate_fits_budget,0.00925001222640276,8.400490342593583
12,128,25,greedy_token_aware,1.4702097609639169,1.8121394515037537,3.419296905398369,0.3419296905398369,5,98,0.765625,0.29411764705882354,-6.081238977793252e-09,True,True,proven_optimal,heuristic_no_guarantee,full_corpus,no_positive_marginal_gain,0.034374999813735485,15.00214041799915
12,128,25,ilp,1.47020975202322,1.8121394515037537,3.419296994805336,0.3419296994805336,5,98,0.765625,0.29411764705882354,0.0,True,True,proven_optimal,proven_optimal,full_corpus,n/a,149.66616698075086,15.002140326767552
12,192,25,top_k,1.8249622032046318,2.5548341870307922,7.298719838261604,0.3475580875362669,7,191,0.9947916666666666,0.35294117647058826,0.008115595203969074,True,True,proven_optimal,heuristic_no_guarantee,full_corpus,no_candidate_fits_budget,0.040583021473139524,9.554775933008543
12,192,25,mmr,1.2333095125854014,1.3411042988300323,1.0779478624463081,0.1796579770743847,4,181,0.9427083333333334,0.23529411764705882,0.32968448898725705,True,True,proven_optimal,heuristic_no_guarantee,full_corpus,no_positive_marginal_gain,0.02095900708809495,6.813864710416583
12,192,25,greedy_objective,1.839894038438797,2.3204634189605713,4.805693805217743,0.3203795870145162,6,176,0.9166666666666666,0.35294117647058826,0.0,True,True,proven_optimal,heuristic_no_guarantee,full_corpus,no_positive_marginal_gain,0.022292020730674267,10.453943400220437
12,192,25,greedy_token_aware,1.839894038438797,2.3204634189605713,4.805693805217743,0.3203795870145162,6,176,0.9166666666666666,0.35294117647058826,0.0,True,True,proven_optimal,heuristic_no_guarantee,full_corpus,no_positive_marginal_gain,0.03687501884996891,10.453943400220437
12,192,25,ilp,1.839894038438797,2.3204634189605713,4.805693805217743,0.3203795870145162,6,176,0.9166666666666666,0.35294117647058826,0.0,True,True,proven_optimal,proven_optimal,full_corpus,n/a,107.86891600582749,10.453943400220437
12,256,25,top_k,2.1095783069729803,2.828787386417389,7.192090794444084,0.3424805140211469,7,254,0.9921875,0.35294117647058826,0.0,True,True,proven_optimal,heuristic_no_guarantee,full_corpus,no_candidate_fits_budget,0.04316703416407108,8.305426405405434
12,256,25,mmr,1.5812579677440226,1.9376249946653843,3.563670269213617,0.16969858424826748,7,250,0.9765625,0.4117647058823529,0.2504388376969239,True,True,proven_optimal,heuristic_no_guarantee,full_corpus,no_candidate_fits_budget,0.03141601337119937,6.32503187097609
12,256,25,greedy_objective,2.109578312933445,2.828787386417389,7.192090734839439,0.34248051118283046,7,254,0.9921875,0.35294117647058826,-2.8254293982144397e-09,True,True,proven_optimal,heuristic_no_guarantee,full_corpus,no_candidate_fits_budget,0.024667009711265564,8.305426428871831
12,256,25,greedy_token_aware,2.109578312933445,2.828787386417389,7.192090734839439,0.34248051118283046,7,254,0.9921875,0.35294117647058826,-2.8254293982144397e-09,True,True,proven_optimal,heuristic_no_guarantee,full_corpus,no_candidate_fits_budget,0.043166044633835554,8.305426428871831
12,256,25,ilp,2.1095783069729803,2.828787386417389,7.192090794444084,0.3424805140211469,7,254,0.9921875,0.35294117647058826,0.0,True,True,proven_optimal,proven_optimal,full_corpus,n/a,130.08795800851658,8.305426405405434
12,384,25,top_k,2.252548483014107,3.0325692892074585,7.8002080619335175,0.3714384791396913,7,323,0.8411458333333334,0.35294117647058826,0.0,True,True,proven_optimal,heuristic_no_guarantee,full_corpus,no_positive_marginal_gain,0.044249987695366144,6.973834312737172
12,384,25,mmr,1.7755584135651588,2.3324040472507477,5.568456336855888,0.26516458746932803,7,380,0.9895833333333334,0.4117647058823529,0.21175573935291894,True,True,proven_optimal,heuristic_no_guarantee,full_corpus,no_candidate_fits_budget,0.031083007343113422,4.672522140960944
12,384,25,greedy_objective,2.252548483014107,3.0325692892074585,7.8002080619335175,0.3714384791396913,7,323,0.8411458333333334,0.35294117647058826,0.0,True,True,proven_optimal,heuristic_no_guarantee,full_corpus,no_positive_marginal_gain,0.02762500662356615,6.973834312737172
12,384,25,greedy_token_aware,2.232879449427128,3.2189526557922363,9.860732063651085,0.35216900227325304,8,335,0.8723958333333334,0.4117647058823529,0.008731902436417274,True,True,proven_optimal,heuristic_no_guarantee,full_corpus,no_positive_marginal_gain,0.04650000482797623,6.66531178933471
12,384,25,ilp,2.252548483014107,3.0325692892074585,7.8002080619335175,0.3714384791396913,7,323,0.8411458333333334,0.35294117647058826,0.0,True,True,proven_optimal,proven_optimal,full_corpus,n/a,1234.1470419778489,6.973834312737172
12,512,25,top_k,2.3662008538842203,3.473970413208008,11.077695593237877,0.39563198547278133,8,497,0.970703125,0.4117647058823529,0.007684541904816895,True,True,proven_optimal,heuristic_no_guarantee,full_corpus,no_positive_marginal_gain,0.046708970330655575,4.760967512845514
12,512,25,mmr,2.111168585717678,3.260138988494873,11.48970402777195,0.3191584452158875,9,507,0.990234375,0.5294117647058824,0.11463761885908585,True,True,proven_optimal,heuristic_no_guarantee,full_corpus,no_candidate_fits_budget,0.03950000973418355,4.164040602993448
12,512,25,greedy_objective,2.3845248349010943,3.447995811700821,10.634709767997265,0.3798110631427595,8,496,0.96875,0.4117647058823529,0.0,True,True,proven_optimal,heuristic_no_guarantee,full_corpus,no_positive_marginal_gain,0.029166985768824816,4.807509747784464
12,512,25,greedy_token_aware,2.3380471251904966,3.6343791782855988,12.963320530951023,0.36009223697086173,9,508,0.9921875,0.47058823529411764,0.019491392595424796,True,True,proven_optimal,heuristic_no_guarantee,full_corpus,no_candidate_fits_budget,0.07312500383704901,4.602454970847434
12,512,25,ilp,2.3845248349010943,3.447995811700821,10.634709767997265,0.3798110631427595,8,496,0.96875,0.4117647058823529,0.0,True,True,proven_optimal,proven_optimal,full_corpus,n/a,1017.8368749911897,4.807509747784464
12,768,25,top_k,2.432152747362852,3.8893969357013702,14.572441883385181,0.40479005231625503,9,670,0.8723958333333334,0.47058823529411764,0.0,True,True,proven_optimal,heuristic_no_guarantee,full_corpus,no_positive_marginal_gain,0.051499984692782164,3.630078727407242
12,768,25,mmr,2.254597625136375,3.8026775121688843,15.480798870325089,0.34401775267389084,10,716,0.9322916666666666,0.5882352941176471,0.07300327761856129,True,True,proven_optimal,heuristic_no_guarantee,full_corpus,no_positive_marginal_gain,0.04537502536550164,3.1488793647156075
12,768,25,greedy_objective,2.432152747362852,3.8893969357013702,14.572441883385181,0.40479005231625503,9,670,0.8723958333333334,0.47058823529411764,0.0,True,True,proven_optimal,heuristic_no_guarantee,full_corpus,no_positive_marginal_gain,0.0327499583363533,3.630078727407242
12,768,25,greedy_token_aware,2.356368727236986,4.075780302286148,17.19411575049162,0.38209146112203596,10,682,0.8880208333333334,0.5294117647058824,0.03115923545839687,True,True,proven_optimal,heuristic_no_guarantee,full_corpus,no_positive_marginal_gain,0.05724997026845813,3.4550861103181614
12,768,25,ilp,2.432152747362852,3.8893969357013702,14.572441883385181,0.40479005231625503,9,670,0.8723958333333334,0.47058823529411764,0.0,True,True,proven_optimal,proven_optimal,full_corpus,n/a,2744.035999989137,3.630078727407242
12,1024,25,top_k,2.432152747362852,3.8893969357013702,14.572441883385181,0.40479005231625503,9,670,0.654296875,0.47058823529411764,0.0,True,True,proven_optimal,heuristic_no_guarantee,full_corpus,no_positive_marginal_gain,0.04962499951943755,3.630078727407242
12,1024,25,mmr,2.303201861679554,4.311001479625702,20.07799617946148,0.36505447599020874,11,794,0.775390625,0.5882352941176471,0.053019238130959295,True,True,proven_optimal,heuristic_no_guarantee,full_corpus,no_positive_marginal_gain,0.04799995804205537,2.9007580121908743
12,1024,25,greedy_objective,2.432152747362852,3.8893969357013702,14.572441883385181,0.40479005231625503,9,670,0.654296875,0.47058823529411764,0.0,True,True,proven_optimal,heuristic_no_guarantee,full_corpus,no_positive_marginal_gain,0.03166700480505824,3.630078727407242
12,1024,25,greedy_token_aware,2.356368727236986,4.075780302286148,17.19411575049162,0.38209146112203596,10,682,0.666015625,0.5294117647058824,0.03115923545839687,True,True,proven_optimal,heuristic_no_guarantee,full_corpus,no_positive_marginal_gain,0.0541249755769968,3.4550861103181614
12,1024,25,ilp,2.432152747362852,3.8893969357013702,14.572441883385181,0.40479005231625503,9,670,0.654296875,0.47058823529411764,0.0,True,True,proven_optimal,proven_optimal,full_corpus,n/a,2707.0304160006344,3.630078727407242
12,2048,25,top_k,2.432152747362852,3.8893969357013702,14.572441883385181,0.40479005231625503,9,670,0.3271484375,0.47058823529411764,0.0,True,True,proven_optimal,heuristic_no_guarantee,full_corpus,no_positive_marginal_gain,0.04704098682850599,3.630078727407242
12,2048,25,mmr,2.303201861679554,4.311001479625702,20.07799617946148,0.36505447599020874,11,794,0.3876953125,0.5882352941176471,0.053019238130959295,True,True,proven_optimal,heuristic_no_guarantee,full_corpus,no_positive_marginal_gain,0.04716595867648721,2.9007580121908743
12,2048,25,greedy_objective,2.432152747362852,3.8893969357013702,14.572441883385181,0.40479005231625503,9,670,0.3271484375,0.47058823529411764,0.0,True,True,proven_optimal,heuristic_no_guarantee,full_corpus,no_positive_marginal_gain,0.032542040571570396,3.630078727407242
12,2048,25,greedy_token_aware,2.356368727236986,4.075780302286148,17.19411575049162,0.38209146112203596,10,682,0.3330078125,0.5294117647058824,0.03115923545839687,True,True,proven_optimal,heuristic_no_guarantee,full_corpus,no_positive_marginal_gain,0.05658401641994715,3.4550861103181614
12,2048,25,ilp,2.432152747362852,3.8893969357013702,14.572441883385181,0.40479005231625503,9,670,0.3271484375,0.47058823529411764,0.0,True,True,proven_optimal,proven_optimal,full_corpus,n/a,3629.7215000377037,3.630078727407242
13,96,25,top_k,1.5050252556800843,1.6259504556655884,1.2092519998550415,0.4030839999516805,3,88,0.9166666666666666,0.16666666666666666,0.3637251424078113,True,True,proven_optimal,heuristic_no_guarantee,full_corpus,no_candidate_fits_budget,0.01837499439716339,17.10255972363732
13,96,25,mmr,1.5050252556800843,1.6259504556655884,1.2092519998550415,0.4030839999516805,3,88,0.9166666666666666,0.16666666666666666,0.3637251424078113,True,True,proven_optimal,heuristic_no_guarantee,full_corpus,no_candidate_fits_budget,0.016209029126912355,17.10255972363732
13,96,25,greedy_objective,1.5050252556800843,1.6259504556655884,1.2092519998550415,0.4030839999516805,3,88,0.9166666666666666,0.16666666666666666,0.3637251424078113,True,True,proven_optimal,heuristic_no_guarantee,full_corpus,no_candidate_fits_budget,0.012832984793931246,17.10255972363732
13,96,25,greedy_token_aware,2.365369679033756,3.169519782066345,8.04150103032589,0.382928620491709,7,89,0.9270833333333334,0.2777777777777778,0.0,True,True,proven_optimal,heuristic_no_guarantee,full_corpus,no_candidate_fits_budget,0.040207989513874054,26.577187404873666
13,96,25,ilp,2.365369679033756,3.169519782066345,8.04150103032589,0.382928620491709,7,89,0.9270833333333334,0.2777777777777778,0.0,True,True,proven_optimal,proven_optimal,full_corpus,n/a,159.90991599392146,26.577187404873666
13,128,25,top_k,1.8050576150417328,2.1132742762565613,3.082166612148285,0.5136944353580475,4,128,1.0,0.2222222222222222,0.32785685485789906,True,True,proven_optimal,heuristic_no_guarantee,full_corpus,no_candidate_fits_budget,0.03287498839199543,14.102012617513537
13,128,25,mmr,2.10369067043066,2.528067857027054,4.243771865963936,0.2829181243975957,6,128,1.0,0.3333333333333333,0.21665588297763685,True,True,proven_optimal,heuristic_no_guarantee,full_corpus,no_candidate_fits_budget,0.027416972443461418,16.435083362739533
13,128,25,greedy_objective,2.3470645785331725,3.0713981986045837,7.243336200714111,0.48288908004760744,6,127,0.9921875,0.2777777777777778,0.12603157122470407,True,True,proven_optimal,heuristic_no_guarantee,full_corpus,no_candidate_fits_budget,0.021415995433926582,18.480823453017106
13,128,25,greedy_token_aware,2.6855255879461764,4.24011304974556,15.545874617993832,0.3454638803998629,10,127,0.9921875,0.3333333333333333,0.0,True,True,proven_optimal,heuristic_no_guarantee,full_corpus,no_candidate_fits_budget,0.054875039495527744,21.145870771229735
13,128,25,ilp,2.6855255879461764,4.24011304974556,15.545874617993832,0.3454638803998629,10,127,0.9921875,0.3333333333333333,0.0,True,True,proven_optimal,proven_optimal,full_corpus,n/a,664.947499986738,21.145870771229735
13,192,25,top_k,2.647618719935417,4.512361168861389,18.64742448925972,0.5179840135905478,9,192,1.0,0.3333333333333333,0.07806946139584335,True,True,proven_optimal,heuristic_no_guarantee,full_corpus,no_candidate_fits_budget,0.04745798651129007,13.789680832996964
13,192,25,mmr,2.366794581711292,3.0898518338799477,7.230572521686554,0.2582347329173769,8,183,0.953125,0.4444444444444444,0.17585557654022146,True,True,proven_optimal,heuristic_no_guarantee,full_corpus,no_candidate_fits_budget,0.035165983717888594,12.933303725198318
13,192,25,greedy_objective,2.7759518727660177,4.4404237270355225,16.644718542695045,0.46235329285264015,9,192,1.0,0.3888888888888889,0.03338241797111215,True,True,proven_optimal,heuristic_no_guarantee,full_corpus,no_candidate_fits_budget,0.031333998776972294,14.458082670656344
13,192,25,greedy_token_aware,2.8602735377848147,5.040252894163132,21.79979356378317,0.33029990248156316,12,181,0.9427083333333334,0.4444444444444444,0.0040206683122809605,True,True,proven_optimal,heuristic_no_guarantee,full_corpus,no_candidate_fits_budget,0.06329204188659787,15.80261623085533
13,192,25,ilp,2.8718201741576195,4.699827045202255,18.280068710446358,0.33236488564447925,11,192,1.0,0.5,0.0,True,True,proven_optimal,proven_optimal,full_corpus,n/a,1102.4910410051234,14.957396740404269
13,256,25,top_k,2.8260172210633754,5.874532252550125,30.485150314867496,0.39083526044701916,13,243,0.94921875,0.5,0.02844711742418755,True,True,proven_optimal,heuristic_no_guarantee,full_corpus,no_candidate_fits_budget,0.06383302388712764,11.62970049820319
13,256,25,mmr,2.604409886151552,3.467422902584076,8.630130164325237,0.30821893444018705,8,252,0.984375,0.4444444444444444,0.10463322252955946,True,True,proven_optimal,heuristic_no_guarantee,full_corpus,no_candidate_fits_budget,0.03491697134450078,10.334959865680762
13,256,25,greedy_objective,2.441576561331749,3.163898140192032,7.223215788602829,0.4815477192401886,6,252,0.984375,0.2777777777777778,0.16061348511570012,True,True,proven_optimal,heuristic_no_guarantee,full_corpus,no_candidate_fits_budget,0.021915999241173267,9.68879587830059
13,256,25,greedy_token_aware,2.8853968523442743,5.581528753042221,26.961319006979465,0.34565793598691624,13,217,0.84765625,0.5,0.008033069163172894,True,True,proven_optimal,heuristic_no_guarantee,full_corpus,no_candidate_fits_budget,0.06829097401350737,13.296759688222464
13,256,25,ilp,2.908763147890568,4.966151714324951,20.573885664343834,0.311725540368846,12,252,0.984375,0.4444444444444444,0.0,True,True,proven_optimal,proven_optimal,full_corpus,n/a,4303.868540970143,11.54271090432765
13,384,25,top_k,2.7961477749049664,5.89209845662117,30.959506817162037,0.39691675406617993,13,375,0.9765625,0.5555555555555556,0.0727258083809994,True,True,proven_optimal,heuristic_no_guarantee,full_corpus,no_candidate_fits_budget,0.058999983593821526,7.456394066413243
13,384,25,mmr,2.5938145317137242,3.486948937177658,8.93134405463934,0.3189765733799764,8,375,0.9765625,0.4444444444444444,0.1398246921387387,True,True,proven_optimal,heuristic_no_guarantee,full_corpus,no_candidate_fits_budget,0.03408401971682906,6.916838751236598
13,384,25,greedy_objective,2.995942714810371,5.355353951454163,23.594112366437912,0.357486551006635,12,330,0.859375,0.5555555555555556,0.0064686909807404784,True,True,proven_optimal,heuristic_no_guarantee,full_corpus,no_positive_marginal_gain,0.04012498538941145,9.078614287304156
13,384,25,greedy_token_aware,2.979113269597292,5.531920790672302,25.528075210750103,0.3272830155224372,13,291,0.7578125,0.5,0.012049765895811708,True,True,proven_optimal,heuristic_no_guarantee,full_corpus,no_positive_marginal_gain,0.06829202175140381,10.237502644664234
13,384,25,ilp,3.015448720753193,5.191494941711426,21.76046220958233,0.3297039728724595,12,302,0.7864583333333334,0.5555555555555556,0.0,True,True,proven_optimal,proven_optimal,full_corpus,n/a,14135.085749963764,9.984929538917857
13,512,25,top_k,2.8560987979173658,5.960504025220871,31.04405227303505,0.4703644283793189,12,457,0.892578125,0.5,0.06441604787394292,True,True,proven_optimal,heuristic_no_guarantee,full_corpus,no_positive_marginal_gain,0.05929201142862439,6.249669142051128
13,512,25,mmr,2.8927503943443296,5.386307924985886,24.935575306415558,0.31968686290276355,13,506,0.98828125,0.6666666666666666,0.05240993468840732,True,True,proven_optimal,heuristic_no_guarantee,full_corpus,no_candidate_fits_budget,0.05445798160508275,5.7168980125382
13,512,25,greedy_objective,3.023949509859085,5.119114130735397,20.951646208763123,0.38093902197751134,11,511,0.998046875,0.5,0.009432504391442666,True,True,proven_optimal,heuristic_no_guarantee,full_corpus,no_candidate_fits_budget,0.039000005926936865,5.917709412640089
13,512,25,greedy_token_aware,2.984345708042383,5.9634276032447815,29.790818952023983,0.32737163683542836,14,497,0.970703125,0.5,0.022405683558040665,True,True,proven_optimal,heuristic_no_guarantee,full_corpus,no_candidate_fits_budget,0.07670803461223841,6.004719734491717
13,512,25,ilp,3.052744536101818,5.434110194444656,23.813656583428383,0.36081297853679367,12,495,0.966796875,0.5,0.0,True,True,proven_optimal,proven_optimal,full_corpus,n/a,18998.676875024103,6.167160678993572
13,768,25,top_k,2.816154073178768,6.39201083779335,35.75856764614582,0.45844317495058745,13,663,0.86328125,0.5,0.0775009009525954,True,True,proven_optimal,heuristic_no_guarantee,full_corpus,no_positive_marginal_gain,0.07037498289719224,4.247592870556211
13,768,25,mmr,2.609169840812683,4.106972306966782,14.978024661540985,0.33284499247868854,10,761,0.9908854166666666,0.5555555555555556,0.14530357186939044,True,True,proven_optimal,heuristic_no_guarantee,full_corpus,no_candidate_fits_budget,0.04233297659084201,3.4286068867446557
13,768,25,greedy_objective,3.0276976659893986,5.597969204187393,25.702715381979942,0.38943508154515066,12,523,0.6809895833333334,0.5,0.0082047017014013,True,True,proven_optimal,heuristic_no_guarantee,full_corpus,no_positive_marginal_gain,0.04125002305954695,5.789096875696747
13,768,25,greedy_token_aware,2.984345708042383,5.9634276032447815,29.790818952023983,0.32737163683542836,14,497,0.6471354166666666,0.5,0.0224056797405471,True,True,proven_optimal,heuristic_no_guarantee,full_corpus,no_positive_marginal_gain,0.07870799163356423,6.004719734491717
13,768,25,ilp,3.052744524180889,5.434110194444656,23.813656702637672,0.360812980342995,12,495,0.64453125,0.5,0.0,True,True,proven_optimal,proven_optimal,full_corpus,n/a,25822.34333397355,6.167160654910887
13,1024,25,top_k,2.816154073178768,6.39201083779335,35.75856764614582,0.45844317495058745,13,663,0.6474609375,0.5,0.077500900502302,True,True,proven_optimal,heuristic_no_guarantee,full_corpus,no_positive_marginal_gain,0.07041700882837176,4.247592870556211
13,1024,25,mmr,2.783226118981838,5.444829910993576,26.61603792011738,0.34123125538612026,13,828,0.80859375,0.7222222222222222,0.08828724503659872,True,True,proven_optimal,heuristic_no_guarantee,full_corpus,no_positive_marginal_gain,0.05570898065343499,3.3613842016688866
13,1024,25,greedy_objective,3.0276976659893986,5.597969204187393,25.702715381979942,0.38943508154515066,12,523,0.5107421875,0.5,0.008204701217282808,True,True,proven_optimal,heuristic_no_guarantee,full_corpus,no_positive_marginal_gain,0.040665967389941216,5.789096875696747
13,1024,25,greedy_token_aware,2.984345708042383,5.9634276032447815,29.790818952023983,0.32737163683542836,14,497,0.4853515625,0.5,0.02240567926336044,True,True,proven_optimal,heuristic_no_guarantee,full_corpus,no_positive_marginal_gain,0.0726659782230854,6.004719734491717
13,1024,25,ilp,3.052744522690773,5.434110194444656,23.813656717538834,0.3608129805687702,12,495,0.4833984375,0.5,0.0,True,True,proven_optimal,proven_optimal,full_corpus,n/a,26105.178209021688,6.167160651900551
13,2048,25,top_k,2.816154073178768,6.39201083779335,35.75856764614582,0.45844317495058745,13,663,0.32373046875,0.5,0.0775009009525954,True,True,proven_optimal,heuristic_no_guarantee,full_corpus,no_positive_marginal_gain,0.06829202175140381,4.247592870556211
13,2048,25,mmr,2.783226118981838,5.444829910993576,26.61603792011738,0.34123125538612026,13,828,0.404296875,0.7222222222222222,0.08828724548162704,True,True,proven_optimal,heuristic_no_guarantee,full_corpus,no_positive_marginal_gain,0.05462497938424349,3.3613842016688866
13,2048,25,greedy_objective,3.0276976659893986,5.597969204187393,25.702715381979942,0.38943508154515066,12,523,0.25537109375,0.5,0.0082047017014013,True,True,proven_optimal,heuristic_no_guarantee,full_corpus,no_positive_marginal_gain,0.040624989196658134,5.789096875696747
13,2048,25,greedy_token_aware,2.984345708042383,5.9634276032447815,29.790818952023983,0.32737163683542836,14,497,0.24267578125,0.5,0.0224056797405471,True,True,proven_optimal,heuristic_no_guarantee,full_corpus,no_positive_marginal_gain,0.07645797450095415,6.004719734491717
13,2048,25,ilp,3.052744524180889,5.434110194444656,23.813656702637672,0.360812980342995,12,495,0.24169921875,0.5,0.0,True,True,proven_optimal,proven_optimal,full_corpus,n/a,25080.99529100582,6.167160654910887
14,96,25,top_k,1.532719686627388,1.7017053365707397,1.6898564994335175,0.5632854998111725,3,92,0.9583333333333334,0.17647058823529413,0.18862161875505193,True,True,proven_optimal,heuristic_no_guarantee,full_corpus,no_candidate_fits_budget,0.019041995983570814,16.659996593775958
14,96,25,mmr,1.7666587613523006,2.024586319923401,2.5792755857110023,0.2579275585711002,5,88,0.9166666666666666,0.29411764705882354,0.06478089992282551,True,True,proven_optimal,heuristic_no_guarantee,full_corpus,no_candidate_fits_budget,0.023541972041130066,20.07566774263978
14,96,25,greedy_objective,1.532719686627388,1.7017053365707397,1.6898564994335175,0.5632854998111725,3,92,0.9583333333333334,0.17647058823529413,0.18862161875505193,True,True,proven_optimal,heuristic_no_guarantee,full_corpus,no_candidate_fits_budget,0.012249976862221956,16.659996593775958
14,96,25,greedy_token_aware,1.831338719278574,2.4451367557048798,6.137980364263058,0.2922847792506218,7,94,0.9791666666666666,0.29411764705882354,0.03054116253373491,True,True,proven_optimal,heuristic_no_guarantee,full_corpus,no_candidate_fits_budget,0.03875000402331352,19.482326800835892
14,96,25,ilp,1.8890319511294364,2.1823441982269287,2.933122470974922,0.2933122470974922,5,92,0.9583333333333334,0.29411764705882354,0.0,True,True,proven_optimal,proven_optimal,full_corpus,n/a,225.1329580321908,20.532955990537353
14,128,25,top_k,1.5099570631980896,1.7389972805976868,2.2904021739959717,0.7634673913319906,3,122,0.953125,0.11764705882352941,0.3010859631144964,True,True,proven_optimal,heuristic_no_guarantee,full_corpus,no_candidate_fits_budget,0.03341701813042164,12.376697239328603
14,128,25,mmr,2.0106824479997156,2.4533065855503082,4.426241375505924,0.2950827583670616,6,128,1.0,0.35294117647058826,0.06931513426620603,True,True,proven_optimal,heuristic_no_guarantee,full_corpus,no_candidate_fits_budget,0.027334026526659727,15.708456624997778
14,128,25,greedy_objective,2.0458171367645264,2.428016781806946,3.8219964504241943,0.38219964504241943,5,117,0.9140625,0.29411764705882354,0.05305233596694861,True,True,proven_optimal,heuristic_no_guarantee,full_corpus,no_candidate_fits_budget,0.018457998521625996,17.48561655354296
14,128,25,greedy_token_aware,2.1424892134964466,2.7340319454669952,5.915427319705486,0.2816870152240708,7,117,0.9140625,0.35294117647058826,0.008305718298425083,True,True,proven_optimal,heuristic_no_guarantee,full_corpus,no_candidate_fits_budget,0.03995798761025071,18.31187361962775
14,128,25,ilp,2.160433162748814,2.8892816305160522,7.288484677672386,0.3470706989367803,7,120,0.9375,0.29411764705882354,0.0,True,True,proven_optimal,proven_optimal,full_corpus,n/a,485.66183395450935,18.003609689573448
14,192,25,top_k,2.279124619066715,3.046609342098236,7.674847230315208,0.5116564820210139,6,187,0.9739583333333334,0.29411764705882354,0.07918428929060362,True,True,proven_optimal,heuristic_no_guarantee,full_corpus,no_candidate_fits_budget,0.03649998689070344,12.187832187522542
14,192,25,mmr,1.757425606995821,2.0190499126911163,2.6162430569529533,0.2616243056952953,5,185,0.9635416666666666,0.29411764705882354,0.28996198988565314,True,True,proven_optimal,heuristic_no_guarantee,full_corpus,no_candidate_fits_budget,0.0231250305660069,9.499597875653086
14,192,25,greedy_objective,2.0795836716890337,2.5410685539245605,4.61484882235527,0.461484882235527,5,184,0.9583333333333334,0.29411764705882354,0.15980315398017306,True,True,proven_optimal,heuristic_no_guarantee,full_corpus,no_candidate_fits_budget,0.018583028577268124,11.302085172223007
14,192,25,greedy_token_aware,2.381897922605276,3.6679870188236237,12.860890962183475,0.3572469711717632,9,174,0.90625,0.4117647058823529,0.03766164864686164,True,True,proven_optimal,heuristic_no_guarantee,full_corpus,no_positive_marginal_gain,0.049166963435709476,13.689068520719978
14,192,25,ilp,2.4751148276031016,3.495851546525955,10.207367189228535,0.3645488281867334,8,184,0.9583333333333334,0.35294117647058826,0.0,True,True,proven_optimal,proven_optimal,full_corpus,n/a,912.6314579625614,13.451711019582074
14,256,25,top_k,2.2961988359689713,3.1589420437812805,8.627432078123093,0.5751621385415395,6,253,0.98828125,0.29411764705882354,0.11617703452419612,True,True,proven_optimal,heuristic_no_guarantee,full_corpus,no_candidate_fits_budget,0.03795797238126397,9.075884727150084
14,256,25,mmr,2.2264296524226665,2.980802983045578,7.5437333062291145,0.26941904665103983,8,254,0.9921875,0.47058823529411764,0.1430316804436987,True,True,proven_optimal,heuristic_no_guarantee,full_corpus,no_candidate_fits_budget,0.033917021937668324,8.765471072530183
14,256,25,greedy_objective,2.0922459453344344,2.518783390522003,4.265374451875687,0.42653744518756864,5,246,0.9609375,0.29411764705882354,0.19467992625739905,True,True,proven_optimal,heuristic_no_guarantee,full_corpus,no_candidate_fits_budget,0.01837499439716339,8.505064818432661
14,256,25,greedy_token_aware,2.595202002674341,4.268713057041168,16.73511054366827,0.37189134541485047,10,240,0.9375,0.47058823529411764,0.00108862783023541,True,True,proven_optimal,heuristic_no_guarantee,full_corpus,no_positive_marginal_gain,0.05379202775657177,10.813341677809754
14,256,25,ilp,2.598030290752649,4.02701735496521,14.289870642125607,0.39694085117015576,9,252,0.984375,0.47058823529411764,0.0,True,True,proven_optimal,proven_optimal,full_corpus,n/a,1244.5234580081888,10.309644010923211
14,384,25,top_k,2.585413020849228,3.99577596783638,14.103629469871521,0.5037010524954114,8,375,0.9765625,0.4117647058823529,0.046403393920223,True,True,proven_optimal,heuristic_no_guarantee,full_corpus,no_candidate_fits_budget,0.04354101838544011,6.894434722264608
14,384,25,mmr,2.605663066357374,4.543974786996841,19.383117206394672,0.3524203128435395,11,382,0.9947916666666666,0.5882352941176471,0.03893442299998442,True,True,proven_optimal,heuristic_no_guarantee,full_corpus,no_candidate_fits_budget,0.0463749747723341,6.8211075035533355
14,384,25,greedy_objective,2.655812181532383,4.292407661676407,16.36595480144024,0.4546098555955622,9,381,0.9921875,0.47058823529411764,0.020437561708133944,True,True,proven_optimal,heuristic_no_guarantee,full_corpus,no_candidate_fits_budget,0.030707975383847952,6.970635647066622
14,384,25,greedy_token_aware,2.6712396763265134,4.7420317232608795,20.707920469343662,0.3765076448971575,11,349,0.9088541666666666,0.5294117647058824,0.014747327088999906,True,True,proven_optimal,heuristic_no_guarantee,full_corpus,no_positive_marginal_gain,0.060541031416505575,7.653981880591728
14,384,25,ilp,2.711222968250513,4.397890478372574,16.866675101220608,0.37481500224934683,10,333,0.8671875,0.47058823529411764,0.0,True,True,proven_optimal,proven_optimal,full_corpus,n/a,3754.571041034069,8.141810715467006
14,512,25,top_k,2.5692961722612377,4.086542576551437,15.172464042901993,0.5418737158179283,8,504,0.984375,0.4117647058823529,0.06768199399074888,True,True,proven_optimal,heuristic_no_guarantee,full_corpus,no_candidate_fits_budget,0.04458299372345209,5.097809865597694
14,512,25,mmr,2.6295419611036777,4.499562650918961,18.700206898152828,0.3400037617845969,11,509,0.994140625,0.5882352941176471,0.04582066312105614,True,True,proven_optimal,heuristic_no_guarantee,full_corpus,no_candidate_fits_budget,0.04850002005696297,5.166094226136892
14,512,25,greedy_objective,2.75581524297595,4.852172344923019,20.96357101947069,0.38115583671764897,11,475,0.927734375,0.5294117647058824,0.0,True,True,proven_optimal,heuristic_no_guarantee,full_corpus,no_positive_marginal_gain,0.04316697595641017,5.801716301002
14,512,25,greedy_token_aware,2.689808312803507,5.196313589811325,25.065052770078182,0.3797735268193664,12,491,0.958984375,0.5882352941176471,0.023951870627278965,True,True,proven_optimal,heuristic_no_guarantee,full_corpus,no_positive_marginal_gain,0.06708299042657018,5.47822466966091
14,512,25,ilp,2.75581524297595,4.852172344923019,20.96357101947069,0.38115583671764897,11,475,0.927734375,0.5294117647058824,0.0,True,True,proven_optimal,proven_optimal,full_corpus,n/a,6066.914374998305,5.801716301002
14,768,25,top_k,2.6144540786743162,5.309494853019714,26.95040774345398,0.49000741351734506,11,762,0.9921875,0.5294117647058824,0.05164740869688195,True,True,proven_optimal,heuristic_no_guarantee,full_corpus,no_candidate_fits_budget,0.05624996265396476,3.4310420979977905
14,768,25,mmr,2.608765333890915,4.612614423036575,20.038490891456604,0.3643361980264837,11,576,0.75,0.6470588235294118,0.05371091247023423,True,True,proven_optimal,heuristic_no_guarantee,full_corpus,no_positive_marginal_gain,0.04924996756017208,4.529106482449505
14,768,25,greedy_objective,2.75581524297595,4.852172344923019,20.96357101947069,0.38115583671764897,11,475,0.6184895833333334,0.5294117647058824,0.0003708429432172746,True,True,proven_optimal,heuristic_no_guarantee,full_corpus,no_positive_marginal_gain,0.03858294803649187,5.801716301002
14,768,25,greedy_token_aware,2.689808312803507,5.196313589811325,25.065052770078182,0.3797735268193664,12,491,0.6393229166666666,0.5882352941176471,0.024313831188297257,True,True,proven_optimal,heuristic_no_guarantee,full_corpus,no_positive_marginal_gain,0.07008295506238937,5.47822466966091
14,768,25,ilp,2.756837596744299,4.829326301813126,20.724887050688267,0.37681612819433213,11,539,0.7018229166666666,0.5294117647058824,0.0,True,True,proven_optimal,proven_optimal,full_corpus,n/a,9635.262875002809,5.114726524571983
14,1024,25,top_k,2.6144540786743162,5.309494853019714,26.95040774345398,0.49000741351734506,11,762,0.744140625,0.5294117647058824,0.05164740869688195,True,True,proven_optimal,heuristic_no_guarantee,full_corpus,no_positive_marginal_gain,0.057833967730402946,3.4310420979977905
14,1024,25,mmr,2.608765333890915,4.612614423036575,20.038490891456604,0.3643361980264837,11,576,0.5625,0.6470588235294118,0.05371091247023423,True,True,proven_optimal,heuristic_no_guarantee,full_corpus,no_positive_marginal_gain,0.046707980800420046,4.529106482449505
14,1024,25,greedy_objective,2.75581524297595,4.852172344923019,20.96357101947069,0.38115583671764897,11,475,0.4638671875,0.5294117647058824,0.0003708429432172746,True,True,proven_optimal,heuristic_no_guarantee,full_corpus,no_positive_marginal_gain,0.037416000850498676,5.801716301002
14,1024,25,greedy_token_aware,2.689808312803507,5.196313589811325,25.065052770078182,0.3797735268193664,12,491,0.4794921875,0.5882352941176471,0.024313831188297257,True,True,proven_optimal,heuristic_no_guarantee,full_corpus,no_positive_marginal_gain,0.06433302769437432,5.47822466966091
14,1024,25,ilp,2.756837596744299,4.829326301813126,20.724887050688267,0.37681612819433213,11,539,0.5263671875,0.5294117647058824,0.0,True,True,proven_optimal,proven_optimal,full_corpus,n/a,8329.7729579499,5.114726524571983
14,2048,25,top_k,2.6144540786743162,5.309494853019714,26.95040774345398,0.49000741351734506,11,762,0.3720703125,0.5294117647058824,0.05164740869688195,True,True,proven_optimal,heuristic_no_guarantee,full_corpus,no_positive_marginal_gain,0.055334006901830435,3.4310420979977905
14,2048,25,mmr,2.608765333890915,4.612614423036575,20.038490891456604,0.3643361980264837,11,576,0.28125,0.6470588235294118,0.05371091247023423,True,True,proven_optimal,heuristic_no_guarantee,full_corpus,no_positive_marginal_gain,0.04679203266277909,4.529106482449505
14,2048,25,greedy_objective,2.75581524297595,4.852172344923019,20.96357101947069,0.38115583671764897,11,475,0.23193359375,0.5294117647058824,0.0003708429432172746,True,True,proven_optimal,heuristic_no_guarantee,full_corpus,no_positive_marginal_gain,0.03674998879432678,5.801716301002
14,2048,25,greedy_token_aware,2.689808312803507,5.196313589811325,25.065052770078182,0.3797735268193664,12,491,0.23974609375,0.5882352941176471,0.024313831188297257,True,True,proven_optimal,heuristic_no_guarantee,full_corpus,no_positive_marginal_gain,0.0641250517219305,5.47822466966091
14,2048,25,ilp,2.756837596744299,4.829326301813126,20.724887050688267,0.37681612819433213,11,539,0.26318359375,0.5294117647058824,0.0,True,True,proven_optimal,proven_optimal,full_corpus,n/a,12698.045333032496,5.114726524571983
15,96,25,top_k,1.6077289164066315,1.8271943926811218,2.1946547627449036,0.7315515875816345,3,93,0.96875,0.15,0.24806145125737886,True,True,proven_optimal,heuristic_no_guarantee,full_corpus,no_candidate_fits_budget,0.018833030480891466,17.287407703297113
15,96,25,mmr,1.1019863430410624,1.153062880039215,0.5107653699815273,0.17025512332717577,3,96,1.0,0.15,0.4845984275928106,True,True,proven_optimal,heuristic_no_guarantee,full_corpus,no_candidate_fits_budget,0.01575000351294875,11.479024406677732
15,96,25,greedy_objective,1.6077289223670959,1.8271943926811218,2.194654703140259,0.7315515677134196,3,93,0.96875,0.15,0.24806144846965586,True,True,proven_optimal,heuristic_no_guarantee,full_corpus,no_candidate_fits_budget,0.012375006917864084,17.287407767388128
15,96,25,greedy_token_aware,2.1356142021715643,2.9870685338974,8.514543317258358,0.40545444367896943,7,92,0.9583333333333334,0.25,0.0011682768982054716,True,True,proven_optimal,heuristic_no_guarantee,full_corpus,no_candidate_fits_budget,0.03933400148525834,23.213197849690914
15,96,25,ilp,2.138112109154463,2.9895767271518707,8.51464617997408,0.40545934190352756,7,93,0.96875,0.25,0.0,True,True,proven_optimal,proven_optimal,full_corpus,n/a,651.3428749749437,22.990452786607126
15,128,25,top_k,2.0866981744766235,2.877089202404022,7.903910279273987,0.7903910279273987,5,119,0.9296875,0.15,0.13267011081589983,True,True,proven_optimal,heuristic_no_guarantee,full_corpus,no_positive_marginal_gain,0.039417005609720945,17.535278777114485
15,128,25,mmr,1.1494235850870609,1.207311987876892,0.5788840278983116,0.19296134263277054,3,125,0.9765625,0.15,0.5222455059035085,True,True,proven_optimal,heuristic_no_guarantee,full_corpus,no_candidate_fits_budget,0.03450002986937761,9.195388680696487
15,128,25,greedy_objective,1.6247396409511565,1.8265690207481384,2.018293797969818,0.6727645993232727,3,123,0.9609375,0.15,0.3246818011461447,True,True,proven_optimal,heuristic_no_guarantee,full_corpus,no_candidate_fits_budget,0.017457990907132626,13.20926537358664
15,128,25,greedy_token_aware,2.3941369980573652,3.4446336030960083,10.504966050386429,0.5002364785898299,7,119,0.9296875,0.25,0.0048840782939444044,True,True,proven_optimal,heuristic_no_guarantee,full_corpus,no_positive_marginal_gain,0.07679197005927563,20.11879830300307
15,128,25,ilp,2.405887541174889,3.4589837193489075,10.530961781740189,0.5014743705590566,7,121,0.9453125,0.25,0.0,True,True,proven_optimal,proven_optimal,full_corpus,n/a,780.1103329984471,19.883368108883378
15,192,25,top_k,2.744698789715767,4.283112943172455,15.38414153456688,0.5494336262345314,8,187,0.9739583333333334,0.3,0.007151891730717939,True,True,proven_optimal,heuristic_no_guarantee,full_corpus,no_candidate_fits_budget,0.047042034566402435,14.677533634843673
15,192,25,mmr,2.1931395549327135,2.80842986702919,6.1529031209647655,0.2197465400344559,8,191,0.9947916666666666,0.4,0.20666906458213924,True,True,proven_optimal,heuristic_no_guarantee,full_corpus,no_candidate_fits_budget,0.03474997356534004,11.482406046768133
15,192,25,greedy_objective,2.744698789715767,4.283112943172455,15.38414153456688,0.5494336262345314,8,187,0.9739583333333334,0.3,0.007151891730717939,True,True,proven_optimal,heuristic_no_guarantee,full_corpus,no_candidate_fits_budget,0.027708010748028755,14.677533634843673
15,192,25,greedy_token_aware,2.6456557266414165,4.050570458173752,14.049147315323353,0.3902540920923154,9,173,0.9010416666666666,0.35,0.042979035379055196,True,True,proven_optimal,heuristic_no_guarantee,full_corpus,no_positive_marginal_gain,0.05549995694309473,15.292807668447495
15,192,25,ilp,2.764469979703426,3.9950300455093384,12.30560065805912,0.43948573778782574,8,188,0.9791666666666666,0.35,0.0,True,True,proven_optimal,proven_optimal,full_corpus,n/a,955.5501249851659,14.704627551613967
15,256,25,top_k,2.911195768415928,5.044299483299255,21.331037148833275,0.47402304775185056,10,244,0.953125,0.4,0.0,True,True,proven_optimal,heuristic_no_guarantee,full_corpus,no_positive_marginal_gain,0.051374954637140036,11.931130198425935
15,256,25,mmr,1.6554576091468334,1.869522213935852,2.1406460478901863,0.21406460478901862,5,247,0.96484375,0.25,0.4313478924683862,True,True,proven_optimal,heuristic_no_guarantee,full_corpus,no_positive_marginal_gain,0.025290995836257935,6.702257526910257
15,256,25,greedy_objective,2.911195768415928,5.044299483299255,21.331037148833275,0.47402304775185056,10,244,0.953125,0.4,0.0,True,True,proven_optimal,heuristic_no_guarantee,full_corpus,no_positive_marginal_gain,0.03479100996628404,11.931130198425935
15,256,25,greedy_token_aware,2.911195768415928,5.044299483299255,21.331037148833275,0.47402304775185056,10,244,0.953125,0.4,0.0,True,True,proven_optimal,heuristic_no_guarantee,full_corpus,no_positive_marginal_gain,0.05408399738371372,11.931130198425935
15,256,25,ilp,2.911195768415928,5.044299483299255,21.331037148833275,0.47402304775185056,10,244,0.953125,0.4,0.0,True,True,proven_optimal,proven_optimal,full_corpus,n/a,1386.561207997147,11.931130198425935
15,384,25,top_k,3.0758275635540486,5.305445045232773,22.296174816787243,0.40538499666885897,11,380,0.9895833333333334,0.45,0.0,True,True,proven_optimal,heuristic_no_guarantee,full_corpus,no_candidate_fits_budget,0.05549995694309473,8.094283061984338
15,384,25,mmr,2.677944327518344,3.856045216321945,11.781008888036013,0.2618001975119114,10,381,0.9921875,0.5,0.1293581086112511,True,True,proven_optimal,heuristic_no_guarantee,full_corpus,no_candidate_fits_budget,0.043042004108428955,7.028725269077018
15,384,25,greedy_objective,3.0758275635540486,5.305445045232773,22.296174816787243,0.40538499666885897,11,380,0.9895833333333334,0.45,0.0,True,True,proven_optimal,heuristic_no_guarantee,full_corpus,no_candidate_fits_budget,0.04016701132059097,8.094283061984338
15,384,25,greedy_token_aware,2.972348878532648,5.176267623901367,22.03918745368719,0.40071249915794893,11,287,0.7473958333333334,0.45,0.03364255078780593,True,True,proven_optimal,heuristic_no_guarantee,full_corpus,no_positive_marginal_gain,0.06416602991521358,10.356616301507485
15,384,25,ilp,3.0758275635540486,5.305445045232773,22.296174816787243,0.40538499666885897,11,380,0.9895833333333334,0.45,0.0,True,True,proven_optimal,proven_optimal,full_corpus,n/a,2622.6861249888316,8.094283061984338
15,512,25,top_k,2.979572983086109,5.645416170358658,26.658431872725487,0.48469876132228157,11,479,0.935546875,0.45,0.0312938805830583,True,True,proven_optimal,heuristic_no_guarantee,full_corpus,no_positive_marginal_gain,0.05479104584082961,6.220402887444904
15,512,25,mmr,2.5922777224332094,3.803037077188492,12.107593547552824,0.26905763439006275,10,510,0.99609375,0.5,0.15720967158578564,True,True,proven_optimal,heuristic_no_guarantee,full_corpus,no_candidate_fits_budget,0.04170800093561411,5.082897494967077
15,512,25,greedy_objective,3.0758275635540486,5.305445045232773,22.296174816787243,0.40538499666885897,11,380,0.7421875,0.45,0.0,True,True,proven_optimal,heuristic_no_guarantee,full_corpus,no_positive_marginal_gain,0.03724999260157347,8.094283061984338
15,512,25,greedy_token_aware,3.0335317634046075,5.6495862901210785,26.160545267164707,0.39637189798734407,12,396,0.7734375,0.5,0.013751030991012152,True,True,proven_optimal,heuristic_no_guarantee,full_corpus,no_positive_marginal_gain,0.06166700040921569,7.660433745971231
15,512,25,ilp,3.0758275635540486,5.305445045232773,22.296174816787243,0.40538499666885897,11,380,0.7421875,0.45,0.0,True,True,proven_optimal,proven_optimal,full_corpus,n/a,1870.6541659776121,8.094283061984338
15,768,25,top_k,2.9987950123846527,5.77738431096077,27.785892985761166,0.4209983785721389,12,522,0.6796875,0.5,0.025044496018621583,True,True,proven_optimal,heuristic_no_guarantee,full_corpus,no_positive_marginal_gain,0.059542013332247734,5.744818031388223
15,768,25,mmr,2.9326191976666447,5.496254950761795,25.6363575309515,0.3286712503968141,13,605,0.7877604166666666,0.65,0.04655929597104264,True,True,proven_optimal,heuristic_no_guarantee,full_corpus,no_positive_marginal_gain,0.05366699770092964,4.847304458953132
15,768,25,greedy_objective,3.0758275635540486,5.305445045232773,22.296174816787243,0.40538499666885897,11,380,0.4947916666666667,0.45,0.0,True,True,proven_optimal,heuristic_no_guarantee,full_corpus,no_positive_marginal_gain,0.03745901631191373,8.094283061984338
15,768,25,greedy_token_aware,3.0335317634046075,5.6495862901210785,26.160545267164707,0.39637189798734407,12,396,0.515625,0.5,0.013751030991012152,True,True,proven_optimal,heuristic_no_guarantee,full_corpus,no_positive_marginal_gain,0.06325001595541835,7.660433745971231
15,768,25,ilp,3.0758275635540486,5.305445045232773,22.296174816787243,0.40538499666885897,11,380,0.4947916666666667,0.45,0.0,True,True,proven_optimal,proven_optimal,full_corpus,n/a,3700.543083017692,8.094283061984338
15,1024,25,top_k,2.9987950123846527,5.77738431096077,27.785892985761166,0.4209983785721389,12,522,0.509765625,0.5,0.025044496018621583,True,True,proven_optimal,heuristic_no_guarantee,full_corpus,no_positive_marginal_gain,0.059125013649463654,5.744818031388223
15,1024,25,mmr,2.9326191976666447,5.496254950761795,25.6363575309515,0.3286712503968141,13,605,0.5908203125,0.65,0.04655929597104264,True,True,proven_optimal,heuristic_no_guarantee,full_corpus,no_positive_marginal_gain,0.053333991672843695,4.847304458953132
15,1024,25,greedy_objective,3.0758275635540486,5.305445045232773,22.296174816787243,0.40538499666885897,11,380,0.37109375,0.45,0.0,True,True,proven_optimal,heuristic_no_guarantee,full_corpus,no_positive_marginal_gain,0.03729097079485655,8.094283061984338
15,1024,25,greedy_token_aware,3.0335317634046075,5.6495862901210785,26.160545267164707,0.39637189798734407,12,396,0.38671875,0.5,0.013751030991012152,True,True,proven_optimal,heuristic_no_guarantee,full_corpus,no_positive_marginal_gain,0.06366701563820243,7.660433745971231
15,1024,25,ilp,3.0758275635540486,5.305445045232773,22.296174816787243,0.40538499666885897,11,380,0.37109375,0.45,0.0,True,True,proven_optimal,proven_optimal,full_corpus,n/a,2013.6452919687144,8.094283061984338
15,2048,25,top_k,2.9987950123846527,5.77738431096077,27.785892985761166,0.4209983785721389,12,522,0.2548828125,0.5,0.025044496018621583,True,True,proven_optimal,heuristic_no_guarantee,full_corpus,no_positive_marginal_gain,0.056958000641316175,5.744818031388223
15,2048,25,mmr,2.9326191976666447,5.496254950761795,25.6363575309515,0.3286712503968141,13,605,0.29541015625,0.65,0.04655929597104264,True,True,proven_optimal,heuristic_no_guarantee,full_corpus,no_positive_marginal_gain,0.05345797399058938,4.847304458953132
15,2048,25,greedy_objective,3.0758275635540486,5.305445045232773,22.296174816787243,0.40538499666885897,11,380,0.185546875,0.45,0.0,True,True,proven_optimal,heuristic_no_guarantee,full_corpus,no_positive_marginal_gain,0.03729201853275299,8.094283061984338
15,2048,25,greedy_token_aware,3.0335317634046075,5.6495862901210785,26.160545267164707,0.39637189798734407,12,396,0.193359375,0.5,0.013751030991012152,True,True,proven_optimal,heuristic_no_guarantee,full_corpus,no_positive_marginal_gain,0.06483303150162101,7.660433745971231
15,2048,25,ilp,3.0758275635540486,5.305445045232773,22.296174816787243,0.40538499666885897,11,380,0.185546875,0.45,0.0,True,True,proven_optimal,proven_optimal,full_corpus,n/a,1996.28754198784,8.094283061984338
16,96,25,top_k,1.5402444124221801,1.716115117073059,1.758707046508789,0.5862356821695963,3,94,0.9791666666666666,0.1875,0.29165310996691024,True,True,proven_optimal,heuristic_no_guarantee,full_corpus,no_candidate_fits_budget,0.01895800232887268,16.385578855555107
16,96,25,mmr,1.8891732081770898,2.206101357936859,3.1692814975976944,0.31692814975976946,5,93,0.96875,0.3125,0.13118336547532347,True,True,proven_optimal,heuristic_no_guarantee,full_corpus,no_candidate_fits_budget,0.023875036276876926,20.31369041050634
16,96,25,greedy_objective,1.5402444124221801,1.716115117073059,1.758707046508789,0.5862356821695963,3,94,0.9791666666666666,0.1875,0.29165310996691024,True,True,proven_optimal,heuristic_no_guarantee,full_corpus,no_candidate_fits_budget,0.012208009138703346,16.385578855555107
16,96,25,greedy_token_aware,2.174421086907387,3.0111572444438934,8.367361575365067,0.39844578930309843,7,95,0.9895833333333334,0.3125,-1.3705864439795361e-09,True,True,proven_optimal,heuristic_no_guarantee,full_corpus,no_candidate_fits_budget,0.039207981899380684,22.888643020077755
16,96,25,ilp,2.1744210839271547,3.0111572444438934,8.367361605167389,0.3984457907222566,7,95,0.9895833333333334,0.3125,0.0,True,True,proven_optimal,proven_optimal,full_corpus,n/a,534.9801250267774,22.88864298870689
16,128,25,top_k,1.547938847541809,1.7309192419052124,1.8298039436340332,0.6099346478780111,3,121,0.9453125,0.1875,0.36983620074079043,True,True,proven_optimal,heuristic_no_guarantee,full_corpus,no_candidate_fits_budget,0.028582988306879997,12.792883037535612
16,128,25,mmr,1.832497438788414,2.0663400627672672,2.3384262397885323,0.23384262397885322,5,125,0.9765625,0.3125,0.25399278531351155,True,True,proven_optimal,heuristic_no_guarantee,full_corpus,no_candidate_fits_budget,0.02470804611220956,14.659979510307313
16,128,25,greedy_objective,1.547938847541809,1.7309192419052124,1.8298039436340332,0.6099346478780111,3,121,0.9453125,0.1875,0.36983620074079043,True,True,proven_optimal,heuristic_no_guarantee,full_corpus,no_candidate_fits_budget,0.012499978765845299,12.792883037535612
16,128,25,greedy_token_aware,2.4564071506261826,3.325458139181137,8.690509885549545,0.4138338040737879,7,122,0.953125,0.3125,-9.705987888314635e-09,True,True,proven_optimal,heuristic_no_guarantee,full_corpus,no_candidate_fits_budget,0.04091602750122547,20.13448484119822
16,128,25,ilp,2.456407126784325,3.325458139181137,8.690510123968124,0.41383381542705355,7,122,0.953125,0.3125,0.0,True,True,proven_optimal,proven_optimal,full_corpus,n/a,515.3031249647029,20.134484645773153
16,192,25,top_k,2.718768206238747,4.034419983625412,13.156517773866653,0.4698756347809519,8,187,0.9739583333333334,0.4375,0.015522846540523168,True,True,proven_optimal,heuristic_no_guarantee,full_corpus,no_candidate_fits_budget,0.04995899507775903,14.538867413041427
16,192,25,mmr,2.312748459354043,3.1356321312487125,8.228836718946695,0.2938870256766677,8,191,0.9947916666666666,0.5,0.16254426739727781,True,True,proven_optimal,heuristic_no_guarantee,full_corpus,no_candidate_fits_budget,0.035917037166655064,12.108630677246298
16,192,25,greedy_objective,2.728742706775665,3.9746158719062805,12.458731651306152,0.4449547018323626,8,185,0.9635416666666666,0.375,0.011911038857458395,True,True,proven_optimal,heuristic_no_guarantee,full_corpus,no_candidate_fits_budget,0.02783298259600997,14.749960577165758
16,192,25,greedy_token_aware,2.7616366684436797,4.566824287176132,18.051876187324524,0.4011528041627672,10,191,0.9947916666666666,0.4375,0.0,True,True,proven_optimal,heuristic_no_guarantee,full_corpus,no_candidate_fits_budget,0.05345797399058938,14.45883072483602
16,192,25,ilp,2.7616366684436797,4.566824287176132,18.051876187324524,0.4011528041627672,10,191,0.9947916666666666,0.4375,0.0,True,True,proven_optimal,proven_optimal,full_corpus,n/a,880.5559590109624,14.45883072483602
16,256,25,top_k,2.8123886406421663,4.742076486349106,19.296878457069397,0.4288195212682088,10,216,0.84375,0.5,1.0596800224933578e-09,True,True,proven_optimal,heuristic_no_guarantee,full_corpus,no_positive_marginal_gain,0.06783305434510112,13.02031778075077
16,256,25,mmr,2.189417599141598,2.831551194190979,6.421335950493813,0.3057779024044673,7,251,0.98046875,0.4375,0.22150958612832564,True,True,proven_optimal,heuristic_no_guarantee,full_corpus,no_candidate_fits_budget,0.030875031370669603,8.722779279448597
16,256,25,greedy_objective,2.8123886615037916,4.742076486349106,19.29687824845314,0.428819516632292,10,216,0.84375,0.5,-6.3580804507694225e-09,True,True,proven_optimal,heuristic_no_guarantee,full_corpus,no_positive_marginal_gain,0.035999983083456755,13.020317877332369
16,256,25,greedy_token_aware,2.8123886615037916,4.742076486349106,19.29687824845314,0.428819516632292,10,216,0.84375,0.5,-6.3580804507694225e-09,True,True,proven_optimal,heuristic_no_guarantee,full_corpus,no_positive_marginal_gain,0.058416975662112236,13.020317877332369
16,256,25,ilp,2.8123886436223984,4.742076486349106,19.296878427267075,0.428819520605935,10,216,0.84375,0.5,0.0,True,True,proven_optimal,proven_optimal,full_corpus,n/a,1752.030166971963,13.020317794548141
16,384,25,top_k,2.85115062892437,4.821889489889145,19.70738860964775,0.43794196910328337,10,344,0.8958333333333334,0.5,0.002191021609800739,True,True,proven_optimal,heuristic_no_guarantee,full_corpus,no_positive_marginal_gain,0.058542005717754364,8.288228572454564
16,384,25,mmr,2.743888451159,5.209768444299698,24.658799931406975,0.3736181807788936,12,370,0.9635416666666666,0.625,0.03972925720149552,True,True,proven_optimal,heuristic_no_guarantee,full_corpus,no_positive_marginal_gain,0.05629198858514428,7.415914732862162
16,384,25,greedy_objective,2.7540352702140805,4.019252121448517,12.65216851234436,0.45186316115515573,8,377,0.9817708333333334,0.4375,0.03617820414503893,True,True,proven_optimal,heuristic_no_guarantee,full_corpus,no_candidate_fits_budget,0.028332986403256655,7.305133342742919
16,384,25,greedy_token_aware,2.8574112787842747,4.78758904337883,19.30177764594555,0.4289283921321233,10,313,0.8151041666666666,0.5,0.0,True,True,proven_optimal,heuristic_no_guarantee,full_corpus,no_positive_marginal_gain,0.06462499732151628,9.129109516882666
16,384,25,ilp,2.8574112787842747,4.78758904337883,19.30177764594555,0.4289283921321233,10,313,0.8151041666666666,0.5,0.0,True,True,proven_optimal,proven_optimal,full_corpus,n/a,4871.91312504001,9.129109516882666
16,512,25,top_k,2.834293782711029,5.211543291807175,23.772495090961456,0.4322271834720265,11,457,0.892578125,0.5625,0.01574372634623364,True,True,proven_optimal,heuristic_no_guarantee,full_corpus,no_positive_marginal_gain,0.06066705100238323,6.201955760855643
16,512,25,mmr,2.757057791948318,5.255281001329422,24.982232093811035,0.37851866808804596,12,467,0.912109375,0.625,0.04256522555841083,True,True,proven_optimal,heuristic_no_guarantee,full_corpus,no_positive_marginal_gain,0.05512504139915109,5.903764008454642
16,512,25,greedy_objective,2.8796298876404762,4.806086748838425,19.264568611979485,0.4281015247106552,10,405,0.791015625,0.5,0.0,True,True,proven_optimal,heuristic_no_guarantee,full_corpus,no_positive_marginal_gain,0.035457953345030546,7.110197253433275
16,512,25,greedy_token_aware,2.8574112787842747,4.78758904337883,19.30177764594555,0.4289283921321233,10,313,0.611328125,0.5,0.007715786306971243,True,True,proven_optimal,heuristic_no_guarantee,full_corpus,no_positive_marginal_gain,0.05874998169019818,9.129109516882666
16,512,25,ilp,2.8796298876404762,4.806086748838425,19.264568611979485,0.4281015247106552,10,405,0.791015625,0.5,0.0,True,True,proven_optimal,proven_optimal,full_corpus,n/a,35553.29420900671,7.110197253433275
16,768,25,top_k,2.8416293263435364,5.230040997266769,23.88411670923233,0.43425666744058783,11,549,0.71484375,0.5625,0.01319633521656386,True,True,proven_optimal,heuristic_no_guarantee,full_corpus,no_positive_marginal_gain,0.0636249897070229,5.176009701900795
16,768,25,mmr,2.757057791948318,5.255281001329422,24.982232093811035,0.37851866808804596,12,467,0.6080729166666666,0.625,0.04256522555841083,True,True,proven_optimal,heuristic_no_guarantee,full_corpus,no_positive_marginal_gain,0.05120801506564021,5.903764008454642
16,768,25,greedy_objective,2.8796298876404762,4.806086748838425,19.264568611979485,0.4281015247106552,10,405,0.52734375,0.5,0.0,True,True,proven_optimal,heuristic_no_guarantee,full_corpus,no_positive_marginal_gain,0.03566697705537081,7.110197253433275
16,768,25,greedy_token_aware,2.861549988389015,5.1957405507564545,23.341905623674393,0.42439828406680713,11,518,0.6744791666666666,0.5625,0.006278549659822922,True,True,proven_optimal,heuristic_no_guarantee,full_corpus,no_positive_marginal_gain,0.06250001024454832,5.52422777681277
16,768,25,ilp,2.8796298876404762,4.806086748838425,19.264568611979485,0.4281015247106552,10,405,0.52734375,0.5,0.0,True,True,proven_optimal,proven_optimal,full_corpus,n/a,7595.277125015855,7.110197253433275
16,1024,25,top_k,2.8416293263435364,5.230040997266769,23.88411670923233,0.43425666744058783,11,549,0.5361328125,0.5625,0.013196329599531952,True,True,proven_optimal,heuristic_no_guarantee,full_corpus,no_positive_marginal_gain,0.056582968682050705,5.176009701900795
16,1024,25,mmr,2.757057791948318,5.255281001329422,24.982232093811035,0.37851866808804596,12,467,0.4560546875,0.625,0.042565220108550975,True,True,proven_optimal,heuristic_no_guarantee,full_corpus,no_positive_marginal_gain,0.055958982557058334,5.903764008454642
16,1024,25,greedy_objective,2.8796298876404762,4.806086748838425,19.264568611979485,0.4281015247106552,10,405,0.3955078125,0.5,-5.692147394412591e-09,True,True,proven_optimal,heuristic_no_guarantee,full_corpus,no_positive_marginal_gain,0.03783300053328276,7.110197253433275
16,1024,25,greedy_token_aware,2.861549988389015,5.1957405507564545,23.341905623674393,0.42439828406680713,11,518,0.505859375,0.5625,0.006278544003413957,True,True,proven_optimal,heuristic_no_guarantee,full_corpus,no_positive_marginal_gain,0.06841705180704594,5.52422777681277
16,1024,25,ilp,2.8796298712491986,4.806086748838425,19.264568775892258,0.4281015283531613,10,405,0.3955078125,0.5,0.0,True,True,proven_optimal,proven_optimal,full_corpus,n/a,22398.7081249943,7.110197212960984
16,2048,25,top_k,2.8416293263435364,5.230040997266769,23.88411670923233,0.43425666744058783,11,549,0.26806640625,0.5625,0.01319633521656386,True,True,proven_optimal,heuristic_no_guarantee,full_corpus,no_positive_marginal_gain,0.05716702435165644,5.176009701900795
16,2048,25,mmr,2.757057791948318,5.255281001329422,24.982232093811035,0.37851866808804596,12,467,0.22802734375,0.625,0.04256522555841083,True,True,proven_optimal,heuristic_no_guarantee,full_corpus,no_positive_marginal_gain,0.05195802077651024,5.903764008454642
16,2048,25,greedy_objective,2.8796298876404762,4.806086748838425,19.264568611979485,0.4281015247106552,10,405,0.19775390625,0.5,0.0,True,True,proven_optimal,heuristic_no_guarantee,full_corpus,no_positive_marginal_gain,0.03487500362098217,7.110197253433275
16,2048,25,greedy_token_aware,2.861549988389015,5.1957405507564545,23.341905623674393,0.42439828406680713,11,518,0.2529296875,0.5625,0.006278549659822922,True,True,proven_optimal,heuristic_no_guarantee,full_corpus,no_positive_marginal_gain,0.060165999457240105,5.52422777681277
16,2048,25,ilp,2.8796298876404762,4.806086748838425,19.264568611979485,0.4281015247106552,10,405,0.19775390625,0.5,0.0,True,True,proven_optimal,proven_optimal,full_corpus,n/a,8407.859582977835,7.110197253433275
17,96,25,top_k,1.19538094997406,1.27133047580719,0.7594952583312988,0.7594952583312988,2,86,0.8958333333333334,0.11764705882352941,0.5268931988988477,True,True,proven_optimal,heuristic_no_guarantee,full_corpus,no_candidate_fits_budget,0.015374971553683281,13.899778488070465
17,96,25,mmr,1.898230391740799,2.1753062903881073,2.7707589864730835,0.27707589864730836,5,96,1.0,0.29411764705882354,0.24872007671783214,True,True,proven_optimal,heuristic_no_guarantee,full_corpus,no_candidate_fits_budget,0.02475001383572817,19.773233247299988
17,96,25,greedy_objective,1.19538094997406,1.27133047580719,0.7594952583312988,0.7594952583312988,2,86,0.8958333333333334,0.11764705882352941,0.5268931988988477,True,True,proven_optimal,heuristic_no_guarantee,full_corpus,no_candidate_fits_budget,0.009750016033649445,13.899778488070465
17,96,25,greedy_token_aware,2.5073237746953962,3.4238556623458862,9.165318876504898,0.4364437560240428,7,92,0.9583333333333334,0.23529411764705882,0.007653643470939655,True,True,proven_optimal,heuristic_no_guarantee,full_corpus,no_candidate_fits_budget,0.04229199839755893,27.253519290167354
17,96,25,ilp,2.5266619443893434,3.4836597740650177,9.569978296756744,0.45571325222651166,7,94,0.9791666666666666,0.23529411764705882,0.0,True,True,proven_optimal,proven_optimal,full_corpus,n/a,152.575500018429,26.879382387120675
17,128,25,top_k,1.640506339073181,1.8551563024520874,2.1464996337890625,0.7154998779296875,3,128,1.0,0.17647058823529413,0.41581082733778923,True,True,proven_optimal,heuristic_no_guarantee,full_corpus,no_candidate_fits_budget,0.027915986720472574,12.816455774009228
17,128,25,mmr,1.9955798476934432,2.311444967985153,3.158651202917099,0.3158651202917099,5,124,0.96875,0.29411764705882354,0.28936809786176126,True,True,proven_optimal,heuristic_no_guarantee,full_corpus,no_candidate_fits_budget,0.024708977434784174,16.09338586849551
17,128,25,greedy_objective,1.640506339073181,1.8551563024520874,2.1464996337890625,0.7154998779296875,3,128,1.0,0.17647058823529413,0.41581082733778923,True,True,proven_optimal,heuristic_no_guarantee,full_corpus,no_candidate_fits_budget,0.012792006600648165,12.816455774009228
17,128,25,greedy_token_aware,2.8081765562295913,4.2704944014549255,14.623178452253342,0.4061994014514817,9,122,0.953125,0.29411764705882354,0.0,True,True,proven_optimal,heuristic_no_guarantee,full_corpus,no_candidate_fits_budget,0.05108298500999808,23.017840624832715
17,128,25,ilp,2.8081765562295913,4.2704944014549255,14.623178452253342,0.4061994014514817,9,122,0.953125,0.29411764705882354,0.0,True,True,proven_optimal,proven_optimal,full_corpus,n/a,417.13783401064575,23.017840624832715
17,192,25,top_k,2.560232564806938,3.948904037475586,13.886714726686478,0.6612721298422132,7,180,0.9375,0.29411764705882354,0.15188752937956704,True,True,proven_optimal,heuristic_no_guarantee,full_corpus,no_positive_marginal_gain,0.04170800093561411,14.223514248927435
17,192,25,mmr,2.204646187275648,2.6986357271671295,4.939895398914814,0.23523311423403875,7,187,0.9739583333333334,0.4117647058823529,0.26968043823969384,True,True,proven_optimal,heuristic_no_guarantee,full_corpus,no_candidate_fits_budget,0.03191694850102067,11.789551803613092
17,192,25,greedy_objective,2.6985740780830385,3.7102116346359253,10.11637556552887,0.48173216978708905,7,181,0.9427083333333334,0.4117647058823529,0.10605998846520856,True,True,proven_optimal,heuristic_no_guarantee,full_corpus,no_candidate_fits_budget,0.024709035642445087,14.909249050182533
17,192,25,greedy_token_aware,2.9716488882899283,5.115692764520645,21.440438762307167,0.3898261593146758,11,178,0.9270833333333334,0.4117647058823529,0.01560017823846242,True,True,proven_optimal,heuristic_no_guarantee,full_corpus,no_positive_marginal_gain,0.06070802919566631,16.694656675786113
17,192,25,ilp,3.0187417984008786,5.087307661771774,20.685658633708954,0.4596813029713101,10,192,1.0,0.4117647058823529,0.0,True,True,proven_optimal,proven_optimal,full_corpus,n/a,3715.1857080170885,15.722613533337908
17,256,25,top_k,3.019699276983738,5.702331334352493,26.826320573687553,0.4877512831579555,11,235,0.91796875,0.47058823529411764,0.010142658447577087,True,True,proven_optimal,heuristic_no_guarantee,full_corpus,no_positive_marginal_gain,0.05508301546797156,12.849784157377607
17,256,25,mmr,2.7635755240917206,4.082365453243256,13.18789929151535,0.2930644287003411,10,253,0.98828125,0.5882352941176471,0.09410001773779068,True,True,proven_optimal,heuristic_no_guarantee,full_corpus,no_candidate_fits_budget,0.04299997817724943,10.923223415382294
17,256,25,greedy_objective,3.050640894472599,5.366275489330292,23.156345948576927,0.4210244717923078,11,235,0.91796875,0.5294117647058824,-2.9307602589287017e-09,True,True,proven_optimal,heuristic_no_guarantee,full_corpus,no_positive_marginal_gain,0.03858399577438831,12.981450614777017
17,256,25,greedy_token_aware,3.0095949336886405,5.699518591165543,26.89923657476902,0.4075641905268033,12,220,0.859375,0.47058823529411764,0.01345486190719065,True,True,proven_optimal,heuristic_no_guarantee,full_corpus,no_positive_marginal_gain,0.06512500112876296,13.679976971312003
17,256,25,ilp,3.050640885531902,5.366275489330292,23.156346037983894,0.421024473417889,11,235,0.91796875,0.5294117647058824,0.0,True,True,proven_optimal,proven_optimal,full_corpus,n/a,8527.867834025528,12.981450576731497
17,384,25,top_k,3.0581882432103153,5.88151952624321,28.23331283032894,0.4277774671261961,12,310,0.8072916666666666,0.5294117647058824,0.009660200826347616,True,True,proven_optimal,heuristic_no_guarantee,full_corpus,no_positive_marginal_gain,0.05820801015943289,9.865123365194565
17,384,25,mmr,2.812070975452661,4.302537232637405,14.904662571847439,0.331214723818832,10,384,1.0,0.5882352941176471,0.08936089487794037,True,True,proven_optimal,heuristic_no_guarantee,full_corpus,no_candidate_fits_budget,0.043625012040138245,7.323101498574638
17,384,25,greedy_objective,3.088019174337387,5.35657212138176,22.685529470443726,0.4124641721898859,11,297,0.7734375,0.5294117647058824,-1.49589745708204e-08,True,True,proven_optimal,heuristic_no_guarantee,full_corpus,no_positive_marginal_gain,0.038792029954493046,10.397370957364938
17,384,25,greedy_token_aware,3.022524744272232,5.878706783056259,28.56182038784027,0.36617718445949066,13,295,0.7682291666666666,0.5294117647058824,0.021209189824845393,True,True,proven_optimal,heuristic_no_guarantee,full_corpus,no_positive_marginal_gain,0.06962497718632221,10.24584659075333
17,384,25,ilp,3.088019128143787,5.35657212138176,22.685529932379723,0.41246418058872225,11,297,0.7734375,0.5294117647058824,0.0,True,True,proven_optimal,proven_optimal,full_corpus,n/a,16235.200874973089,10.397370801830935
17,512,25,top_k,3.0581882432103153,5.88151952624321,28.23331283032894,0.4277774671261961,12,310,0.60546875,0.5294117647058824,0.00966021372927119,True,True,proven_optimal,heuristic_no_guarantee,full_corpus,no_positive_marginal_gain,0.07866701344028115,9.865123365194565
17,512,25,mmr,3.002094696462154,5.9614138305187225,29.59319134056568,0.3793998889816113,13,453,0.884765625,0.6470588235294118,0.027825109634902555,True,True,proven_optimal,heuristic_no_guarantee,full_corpus,no_positive_marginal_gain,0.05379098001867533,6.627140610291732
17,512,25,greedy_objective,3.088019174337387,5.35657212138176,22.685529470443726,0.4124641721898859,11,297,0.580078125,0.5294117647058824,-1.930190130717531e-09,True,True,proven_optimal,heuristic_no_guarantee,full_corpus,no_positive_marginal_gain,0.037416000850498676,10.397370957364938
17,512,25,greedy_token_aware,3.022524744272232,5.878706783056259,28.56182038784027,0.36617718445949066,13,295,0.576171875,0.5294117647058824,0.02120920257729968,True,True,proven_optimal,heuristic_no_guarantee,full_corpus,no_positive_marginal_gain,0.07520796498283744,10.24584659075333
17,512,25,ilp,3.0880191683769227,5.35657212138176,22.68552953004837,0.41246417327360674,11,297,0.580078125,0.5294117647058824,0.0,True,True,proven_optimal,proven_optimal,full_corpus,n/a,15175.670540949795,10.397370937296035
17,768,25,top_k,3.0581882432103153,5.88151952624321,28.23331283032894,0.4277774671261961,12,310,0.4036458333333333,0.5294117647058824,0.009660200826347616,True,True,proven_optimal,heuristic_no_guarantee,full_corpus,no_positive_marginal_gain,0.08245796198025346,9.865123365194565
17,768,25,mmr,3.002094696462154,5.9614138305187225,29.59319134056568,0.3793998889816113,13,453,0.58984375,0.6470588235294118,0.027825096968645494,True,True,proven_optimal,heuristic_no_guarantee,full_corpus,no_positive_marginal_gain,0.05783303640782833,6.627140610291732
17,768,25,greedy_objective,3.088019174337387,5.35657212138176,22.685529470443726,0.4124641721898859,11,297,0.38671875,0.5294117647058824,-1.49589745708204e-08,True,True,proven_optimal,heuristic_no_guarantee,full_corpus,no_positive_marginal_gain,0.04012498538941145,10.397370957364938
17,768,25,greedy_token_aware,3.022524744272232,5.878706783056259,28.56182038784027,0.36617718445949066,13,295,0.3841145833333333,0.5294117647058824,0.021209189824845393,True,True,proven_optimal,heuristic_no_guarantee,full_corpus,no_positive_marginal_gain,0.07850001566112041,10.24584659075333
17,768,25,ilp,3.088019128143787,5.35657212138176,22.685529932379723,0.41246418058872225,11,297,0.38671875,0.5294117647058824,0.0,True,True,proven_optimal,proven_optimal,full_corpus,n/a,41736.969500023406,10.397370801830935
17,1024,25,top_k,3.0581882432103153,5.88151952624321,28.23331283032894,0.4277774671261961,12,310,0.302734375,0.5294117647058824,0.009660200826347616,True,True,proven_optimal,heuristic_no_guarantee,full_corpus,no_positive_marginal_gain,0.0761660048738122,9.865123365194565
17,1024,25,mmr,3.002094696462154,5.9614138305187225,29.59319134056568,0.3793998889816113,13,453,0.4423828125,0.6470588235294118,0.027825096968645494,True,True,proven_optimal,heuristic_no_guarantee,full_corpus,no_positive_marginal_gain,0.05458301166072488,6.627140610291732
17,1024,25,greedy_objective,3.088019174337387,5.35657212138176,22.685529470443726,0.4124641721898859,11,297,0.2900390625,0.5294117647058824,-1.49589745708204e-08,True,True,proven_optimal,heuristic_no_guarantee,full_corpus,no_positive_marginal_gain,0.03858399577438831,10.397370957364938
17,1024,25,greedy_token_aware,3.022524744272232,5.878706783056259,28.56182038784027,0.36617718445949066,13,295,0.2880859375,0.5294117647058824,0.021209189824845393,True,True,proven_optimal,heuristic_no_guarantee,full_corpus,no_positive_marginal_gain,0.08295802399516106,10.24584659075333
17,1024,25,ilp,3.088019128143787,5.35657212138176,22.685529932379723,0.41246418058872225,11,297,0.2900390625,0.5294117647058824,0.0,True,True,proven_optimal,proven_optimal,full_corpus,n/a,16142.049207992386,10.397370801830935
17,2048,25,top_k,3.0581882432103153,5.88151952624321,28.23331283032894,0.4277774671261961,12,310,0.1513671875,0.5294117647058824,0.009660200826347616,True,True,proven_optimal,heuristic_no_guarantee,full_corpus,no_positive_marginal_gain,0.05945900920778513,9.865123365194565
17,2048,25,mmr,3.002094696462154,5.9614138305187225,29.59319134056568,0.3793998889816113,13,453,0.22119140625,0.6470588235294118,0.027825096968645494,True,True,proven_optimal,heuristic_no_guarantee,full_corpus,no_positive_marginal_gain,0.0547909876331687,6.627140610291732
17,2048,25,greedy_objective,3.088019174337387,5.35657212138176,22.685529470443726,0.4124641721898859,11,297,0.14501953125,0.5294117647058824,-1.49589745708204e-08,True,True,proven_optimal,heuristic_no_guarantee,full_corpus,no_positive_marginal_gain,0.038040976505726576,10.397370957364938
17,2048,25,greedy_token_aware,3.022524744272232,5.878706783056259,28.56182038784027,0.36617718445949066,13,295,0.14404296875,0.5294117647058824,0.021209189824845393,True,True,proven_optimal,heuristic_no_guarantee,full_corpus,no_positive_marginal_gain,0.07295794785022736,10.24584659075333
17,2048,25,ilp,3.088019128143787,5.35657212138176,22.685529932379723,0.41246418058872225,11,297,0.14501953125,0.5294117647058824,0.0,True,True,proven_optimal,proven_optimal,full_corpus,n/a,15465.033457963727,10.397370801830935
18,96,25,top_k,2.1217918515205385,2.6364850997924805,5.146932482719421,0.5146932482719422,5,92,0.9583333333333334,0.25,0.10353987624871128,True,True,proven_optimal,heuristic_no_guarantee,full_corpus,no_candidate_fits_budget,0.027041009161621332,23.062954907831937
18,96,25,mmr,1.8294112011790276,2.1056272387504578,2.762160375714302,0.2762160375714302,5,92,0.9583333333333334,0.3125,0.22707112357619966,True,True,proven_optimal,heuristic_no_guarantee,full_corpus,no_candidate_fits_budget,0.02416601637378335,19.884904360641602
18,96,25,greedy_objective,2.1217918515205385,2.6364850997924805,5.146932482719421,0.5146932482719422,5,92,0.9583333333333334,0.25,0.10353987624871128,True,True,proven_optimal,heuristic_no_guarantee,full_corpus,no_candidate_fits_budget,0.019249971956014633,23.062954907831937
18,96,25,greedy_token_aware,2.3668558269739153,3.0995532274246216,7.326974004507065,0.34890352402414593,7,90,0.9375,0.3125,-7.554914680639813e-09,True,True,proven_optimal,heuristic_no_guarantee,full_corpus,no_candidate_fits_budget,0.03974995343014598,26.298398077487946
18,96,25,ilp,2.3668558090925216,3.0995532274246216,7.326974183320999,0.3489035325390952,7,90,0.9375,0.3125,0.0,True,True,proven_optimal,proven_optimal,full_corpus,n/a,124.09808300435543,26.298397878805797
18,128,25,top_k,2.1647505059838297,2.6982603073120117,5.335098013281822,0.5335098013281823,5,117,0.9140625,0.25,0.15959261357202786,True,True,proven_optimal,heuristic_no_guarantee,full_corpus,no_candidate_fits_budget,0.039166014175862074,18.502141076784866
18,128,25,mmr,2.205451673269272,2.8263530135154724,6.209013402462006,0.2956673048791431,7,117,0.9140625,0.4375,0.14379145702841012,True,True,proven_optimal,heuristic_no_guarantee,full_corpus,no_candidate_fits_budget,0.03270898014307022,18.85001430144677
18,128,25,greedy_objective,2.1647505059838297,2.6982603073120117,5.335098013281822,0.5335098013281823,5,117,0.9140625,0.25,0.15959261357202786,True,True,proven_optimal,heuristic_no_guarantee,full_corpus,no_candidate_fits_budget,0.01899997005239129,18.502141076784866
18,128,25,greedy_token_aware,2.5430144026875494,3.6974392533302307,11.544248506426811,0.320673569622967,9,118,0.921875,0.375,0.012741615302203154,True,True,proven_optimal,heuristic_no_guarantee,full_corpus,no_candidate_fits_budget,0.0517910229973495,21.55096951430127
18,128,25,ilp,2.5758346974849697,3.641420841217041,10.65586143732071,0.38056647990431103,8,128,1.0,0.3125,0.0,True,True,proven_optimal,proven_optimal,full_corpus,n/a,823.7351250136271,20.123708574101325
18,192,25,top_k,2.7266679108142853,4.598570346832275,18.7190243601799,0.4159783191151089,10,181,0.9427083333333334,0.4375,0.02198382279847783,True,True,proven_optimal,heuristic_no_guarantee,full_corpus,no_candidate_fits_budget,0.055750017054378986,15.064463595659035
18,192,25,mmr,1.9110808596014977,2.216149717569351,3.0506885796785355,0.30506885796785355,5,189,0.984375,0.3125,0.31452305239757566,True,True,proven_optimal,heuristic_no_guarantee,full_corpus,no_candidate_fits_budget,0.02354203024879098,10.111538939690464
18,192,25,greedy_objective,2.787957905232906,4.469425857067108,16.814679518342018,0.37365954485204483,10,183,0.953125,0.5,-8.017245141333514e-09,True,True,proven_optimal,heuristic_no_guarantee,full_corpus,no_candidate_fits_budget,0.033875054214149714,15.234742651545934
18,192,25,greedy_token_aware,2.731303112208843,4.3234787583351135,15.921756461262703,0.3538168102502823,10,157,0.8177083333333334,0.4375,0.020321243380395766,True,True,proven_optimal,heuristic_no_guarantee,full_corpus,no_positive_marginal_gain,0.057416968047618866,17.396835109610468
18,192,25,ilp,2.787957882881164,4.469425857067108,16.814679741859436,0.3736595498190986,10,183,0.953125,0.5,0.0,True,True,proven_optimal,proven_optimal,full_corpus,n/a,1559.2062500072643,15.234742529405269
18,256,25,top_k,2.697901600599289,4.001130610704422,13.03229010105133,0.46543893218040466,8,254,0.9921875,0.4375,0.06388351687861724,True,True,proven_optimal,heuristic_no_guarantee,full_corpus,no_candidate_fits_budget,0.0468340003862977,10.62165984487909
18,256,25,mmr,2.8183589860796925,4.266264349222183,14.479053631424904,0.3217567473649979,10,253,0.98828125,0.5625,0.022087276409037418,True,True,proven_optimal,heuristic_no_guarantee,full_corpus,no_candidate_fits_budget,0.044082989916205406,11.139758838259654
18,256,25,greedy_objective,2.775731259584427,3.9820623099803925,12.063310503959656,0.43083251799855915,8,252,0.984375,0.4375,0.036878222602680755,True,True,proven_optimal,heuristic_no_guarantee,full_corpus,no_candidate_fits_budget,0.02824998227879405,11.014806585652488
18,256,25,greedy_token_aware,2.7428201869130135,4.832941114902496,20.90120927989483,0.3800219869071787,11,196,0.765625,0.5,0.048297689346046065,True,True,proven_optimal,heuristic_no_guarantee,full_corpus,no_positive_marginal_gain,0.06066699279472232,13.993980545474558
18,256,25,ilp,2.8820148445665836,4.433282166719437,15.51267322152853,0.3447260715895229,10,253,0.98828125,0.5,0.0,True,True,proven_optimal,proven_optimal,full_corpus,n/a,2319.3430829560384,11.391363022002308
18,384,25,top_k,2.980861875414848,4.837245464324951,18.56383588910103,0.4125296864244673,10,375,0.9765625,0.5625,-6.498627130393256e-09,True,True,proven_optimal,heuristic_no_guarantee,full_corpus,no_candidate_fits_budget,0.053333002142608166,7.948965001106262
18,384,25,mmr,2.7679882153868673,4.219298094511032,14.513098791241646,0.3225133064720366,10,382,0.9947916666666666,0.625,0.07141345387237433,True,True,proven_optimal,heuristic_no_guarantee,full_corpus,no_candidate_fits_budget,0.04491698928177357,7.246042448656722
18,384,25,greedy_objective,2.980861875414848,4.837245464324951,18.56383588910103,0.4125296864244673,10,375,0.9765625,0.5625,-6.498627130393256e-09,True,True,proven_optimal,heuristic_no_guarantee,full_corpus,no_candidate_fits_budget,0.0355839729309082,7.948965001106262
18,384,25,greedy_token_aware,2.9789220675826074,5.288465321063995,23.09543253481388,0.3499307959820285,12,376,0.9791666666666666,0.5625,0.0006507475201503803,True,True,proven_optimal,heuristic_no_guarantee,full_corpus,no_candidate_fits_budget,0.06624998059123755,7.922665073357998
18,384,25,ilp,2.9808618560433384,4.837245464324951,18.563836082816124,0.4125296907292472,10,375,0.9765625,0.5625,0.0,True,True,proven_optimal,proven_optimal,full_corpus,n/a,9377.441167016514,7.948964949448902
18,512,25,top_k,2.9359000772237778,4.94638854265213,20.104884654283524,0.44677521453963387,10,505,0.986328125,0.5,0.02551005253268615,True,True,proven_optimal,heuristic_no_guarantee,full_corpus,no_candidate_fits_budget,0.06170803681015968,5.813663519255005
18,512,25,mmr,2.970750060677528,5.247665971517563,22.769159108400345,0.34498725921818707,12,434,0.84765625,0.6875,0.013942574876159155,True,True,proven_optimal,heuristic_no_guarantee,full_corpus,no_positive_marginal_gain,0.05258299643173814,6.845046222759281
18,512,25,greedy_objective,3.0127556711435317,5.071616232395172,20.588605612516403,0.3743382838639346,11,390,0.76171875,0.625,-1.310696321918952e-08,True,True,proven_optimal,heuristic_no_guarantee,full_corpus,no_positive_marginal_gain,0.03837497206404805,7.725014541393671
18,512,25,greedy_token_aware,2.9789220675826074,5.288465321063995,23.09543253481388,0.3499307959820285,12,376,0.734375,0.5625,0.011230105660529848,True,True,proven_optimal,heuristic_no_guarantee,full_corpus,no_positive_marginal_gain,0.07145799463614821,7.922665073357998
18,512,25,ilp,3.0127556316554545,5.071616232395172,20.588606007397175,0.374338291043585,11,390,0.76171875,0.625,0.0,True,True,proven_optimal,proven_optimal,full_corpus,n/a,14093.8205839484,7.725014440142191
18,768,25,top_k,3.0194184511899946,5.543555498123169,25.24137046933174,0.382445007111087,12,532,0.6927083333333334,0.625,-9.870219435833834e-09,True,True,proven_optimal,heuristic_no_guarantee,full_corpus,no_positive_marginal_gain,0.060083053540438414,5.675598592462396
18,768,25,mmr,2.970750060677528,5.247665971517563,22.769159108400345,0.34498725921818707,12,434,0.5651041666666666,0.6875,0.016118455251318563,True,True,proven_optimal,heuristic_no_guarantee,full_corpus,no_positive_marginal_gain,0.05199998850002885,6.845046222759281
18,768,25,greedy_objective,3.0194184526801107,5.543555498123169,25.24137045443058,0.3824450068853118,12,532,0.6927083333333334,0.625,-1.0363730378209978e-08,True,True,proven_optimal,heuristic_no_guarantee,full_corpus,no_positive_marginal_gain,0.041207997128367424,5.675598595263366
18,768,25,greedy_token_aware,2.9789220675826074,5.288465321063995,23.09543253481388,0.3499307959820285,12,376,0.4895833333333333,0.5625,0.013411971496965786,True,True,proven_optimal,heuristic_no_guarantee,full_corpus,no_positive_marginal_gain,0.06958399899303913,7.922665073357998
18,768,25,ilp,3.0194184213876722,5.543555498123169,25.241370767354965,0.3824450116265904,12,532,0.6927083333333334,0.625,0.0,True,True,proven_optimal,proven_optimal,full_corpus,n/a,30304.850916028954,5.675598536442993
18,1024,25,top_k,3.0194184511899946,5.543555498123169,25.24137046933174,0.382445007111087,12,532,0.51953125,0.625,-5.428620636181307e-09,True,True,proven_optimal,heuristic_no_guarantee,full_corpus,no_positive_marginal_gain,0.0724999699741602,5.675598592462396
18,1024,25,mmr,2.970750060677528,5.247665971517563,22.769159108400345,0.34498725921818707,12,434,0.423828125,0.6875,0.016118459621325607,True,True,proven_optimal,heuristic_no_guarantee,full_corpus,no_positive_marginal_gain,0.05050003528594971,6.845046222759281
18,1024,25,greedy_objective,3.0194184526801107,5.543555498123169,25.24137045443058,0.3824450068853118,12,532,0.51953125,0.625,-5.922131576365475e-09,True,True,proven_optimal,heuristic_no_guarantee,full_corpus,no_positive_marginal_gain,0.04033301956951618,5.675598595263366
18,1024,25,greedy_token_aware,2.9789220675826074,5.288465321063995,23.09543253481388,0.3499307959820285,12,376,0.3671875,0.5625,0.013411975878993945,True,True,proven_optimal,heuristic_no_guarantee,full_corpus,no_positive_marginal_gain,0.07299997378140688,7.922665073357998
18,1024,25,ilp,3.0194184347987174,5.543555498123169,25.241370633244514,0.38244500959461386,12,532,0.51953125,0.625,0.0,True,True,proven_optimal,proven_optimal,full_corpus,n/a,21604.532999976072,5.675598561651725
18,2048,25,top_k,3.0194184511899946,5.543555498123169,25.24137046933174,0.382445007111087,12,532,0.259765625,0.625,-8.636441995699156e-09,True,True,proven_optimal,heuristic_no_guarantee,full_corpus,no_positive_marginal_gain,0.0594580196775496,5.675598592462396
18,2048,25,mmr,2.970750060677528,5.247665971517563,22.769159108400345,0.34498725921818707,12,434,0.2119140625,0.6875,0.016118456465209405,True,True,proven_optimal,heuristic_no_guarantee,full_corpus,no_positive_marginal_gain,0.052250048611313105,6.845046222759281
18,2048,25,greedy_objective,3.0194184526801107,5.543555498123169,25.24137045443058,0.3824450068853118,12,532,0.259765625,0.625,-9.129952937466419e-09,True,True,proven_optimal,heuristic_no_guarantee,full_corpus,no_positive_marginal_gain,0.04416599404066801,5.675598595263366
18,2048,25,greedy_token_aware,2.9789220675826074,5.288465321063995,23.09543253481388,0.3499307959820285,12,376,0.18359375,0.5625,0.013411972714195827,True,True,proven_optimal,heuristic_no_guarantee,full_corpus,no_positive_marginal_gain,0.06645801477134228,7.922665073357998
18,2048,25,ilp,3.0194184251129625,5.543555498123169,25.241370730102062,0.38244501106215245,12,532,0.259765625,0.625,0.0,True,True,proven_optimal,proven_optimal,full_corpus,n/a,17955.082957982086,5.675598543445418
19,96,25,top_k,1.414521050453186,1.5573137402534485,1.4279268980026245,0.4759756326675415,3,93,0.96875,0.15789473684210525,0.27103922976668365,True,True,proven_optimal,heuristic_no_guarantee,full_corpus,no_candidate_fits_budget,0.018834020011126995,15.20990376831383
19,96,25,mmr,1.7664059445261955,2.046682596206665,2.802766516804695,0.2802766516804695,5,89,0.9270833333333334,0.2631578947368421,0.08969849727298988,True,True,proven_optimal,heuristic_no_guarantee,full_corpus,no_candidate_fits_budget,0.023874978069216013,19.84725780366512
19,96,25,greedy_objective,1.414521050453186,1.5573137402534485,1.4279268980026245,0.4759756326675415,3,93,0.96875,0.15789473684210525,0.27103922976668365,True,True,proven_optimal,heuristic_no_guarantee,full_corpus,no_candidate_fits_budget,0.012208009138703346,15.20990376831383
19,96,25,greedy_token_aware,1.9404625385999679,2.725351393222809,7.848888546228409,0.37375659743944806,7,95,0.9895833333333334,0.2631578947368421,-1.1518770191957794e-08,True,True,proven_optimal,heuristic_no_guarantee,full_corpus,no_candidate_fits_budget,0.03883300814777613,20.42592145894703
19,96,25,ilp,1.940462516248226,2.725351393222809,7.848888769745827,0.3737566080831346,7,95,0.9895833333333334,0.2631578947368421,0.0,True,True,proven_optimal,proven_optimal,full_corpus,n/a,131.90295896492898,20.42592122366554
19,128,25,top_k,1.418597561120987,1.5818932056427002,1.6329564452171326,0.5443188150723776,3,128,1.0,0.15789473684210525,0.33650916806853676,True,True,proven_optimal,heuristic_no_guarantee,full_corpus,no_candidate_fits_budget,0.028875016141682863,11.08279344625771
19,128,25,mmr,1.806818573176861,2.116607367992401,3.097887948155403,0.30978879481554034,5,118,0.921875,0.2631578947368421,0.1549347107864561,True,True,proven_optimal,heuristic_no_guarantee,full_corpus,no_candidate_fits_budget,0.024916022084653378,15.312021806583566
19,128,25,greedy_objective,1.418597561120987,1.5818932056427002,1.6329564452171326,0.5443188150723776,3,128,1.0,0.15789473684210525,0.33650916806853676,True,True,proven_optimal,heuristic_no_guarantee,full_corpus,no_candidate_fits_budget,0.012750038877129555,11.08279344625771
19,128,25,greedy_token_aware,1.9965113878250123,3.088866651058197,10.923552632331848,0.3901268797261374,8,108,0.84375,0.2631578947368421,0.06621367611692822,True,True,proven_optimal,heuristic_no_guarantee,full_corpus,no_positive_marginal_gain,0.04858296597376466,18.486216553935297
19,128,25,ilp,2.138081632554531,2.8385109901428223,7.004293575882912,0.3335377893277577,7,119,0.9296875,0.3157894736842105,0.0,True,True,proven_optimal,proven_optimal,full_corpus,n/a,446.84029201744124,17.96707254247505
19,192,25,top_k,2.0580069780349732,2.5471922755241394,4.891852974891663,0.4891852974891663,5,185,0.9635416666666666,0.2631578947368421,0.14247661878410636,True,True,proven_optimal,heuristic_no_guarantee,full_corpus,no_candidate_fits_budget,0.03520800964906812,11.124362043432287
19,192,25,mmr,2.0759514316916468,2.6673270165920258,5.913755849003792,0.2816074213811329,7,185,0.9635416666666666,0.3684210526315789,0.13499958457675149,True,True,proven_optimal,heuristic_no_guarantee,full_corpus,no_candidate_fits_budget,0.03225001273676753,11.221359090225116
19,192,25,greedy_objective,2.0580069780349732,2.5471922755241394,4.891852974891663,0.4891852974891663,5,185,0.9635416666666666,0.2631578947368421,0.14247661878410636,True,True,proven_optimal,heuristic_no_guarantee,full_corpus,no_candidate_fits_budget,0.01912500010803342,11.124362043432287
19,192,25,greedy_token_aware,2.3892374172806736,4.152385652065277,17.63148234784603,0.3918107188410229,10,186,0.96875,0.3684210526315789,0.004460640580376609,True,True,proven_optimal,heuristic_no_guarantee,full_corpus,no_candidate_fits_budget,0.05625002086162567,12.845362458498245
19,192,25,ilp,2.399942699074745,3.6630167961120605,12.630740970373154,0.4510978917990412,8,190,0.9895833333333334,0.3684210526315789,0.0,True,True,proven_optimal,proven_optimal,full_corpus,n/a,2919.844916963484,12.631277363551291
19,256,25,top_k,2.121758911013603,2.6078290939331055,4.860701829195023,0.48607018291950227,5,249,0.97265625,0.2631578947368421,0.1975831623930703,True,True,proven_optimal,heuristic_no_guarantee,full_corpus,no_candidate_fits_budget,0.03508402733132243,8.521120124552624
19,256,25,mmr,2.3810555785894394,3.996141344308853,16.150857657194138,0.3589079479376475,10,255,0.99609375,0.42105263157894735,0.09952112013266007,True,True,proven_optimal,heuristic_no_guarantee,full_corpus,no_candidate_fits_budget,0.042000028770416975,9.337472857213488
19,256,25,greedy_objective,2.121758911013603,2.6078290939331055,4.860701829195023,0.48607018291950227,5,249,0.97265625,0.2631578947368421,0.1975831623930703,True,True,proven_optimal,heuristic_no_guarantee,full_corpus,no_candidate_fits_budget,0.018708000425249338,8.521120124552624
19,256,25,greedy_token_aware,2.6228190898895263,4.2971943616867065,16.7437527179718,0.3720833937327067,10,251,0.98046875,0.42105263157894735,0.008089849982608983,True,True,proven_optimal,heuristic_no_guarantee,full_corpus,no_candidate_fits_budget,0.05508295726031065,10.449478445775005
19,256,25,ilp,2.6442103549838065,4.213022470474243,15.688121154904366,0.34862491455343037,10,250,0.9765625,0.42105263157894735,0.0,True,True,proven_optimal,proven_optimal,full_corpus,n/a,1381.2167909927666,10.576841419935226
19,384,25,top_k,2.7072475641965865,5.161219298839569,24.539717346429825,0.44617667902599684,11,360,0.9375,0.47368421052631576,0.03920035328132618,True,True,proven_optimal,heuristic_no_guarantee,full_corpus,no_positive_marginal_gain,0.056750024668872356,7.520132122768296
19,384,25,mmr,2.2040000915527345,2.8367406129837036,6.327405214309692,0.30130501020522343,7,372,0.96875,0.3684210526315789,0.2178024140321943,True,True,proven_optimal,heuristic_no_guarantee,full_corpus,no_positive_marginal_gain,0.032750016544014215,5.9247314289052
19,384,25,greedy_objective,2.5563884884119035,3.5471841394901276,9.907956510782242,0.47180745289439247,7,373,0.9713541666666666,0.3157894736842105,0.09274009919711709,True,True,proven_optimal,heuristic_no_guarantee,full_corpus,no_candidate_fits_budget,0.025541987270116806,6.853588440782583
19,384,25,greedy_token_aware,2.7305741429328916,4.839385747909546,21.08811604976654,0.3834202918139371,11,329,0.8567708333333334,0.47368421052631576,0.03092177214770593,True,True,proven_optimal,heuristic_no_guarantee,full_corpus,no_positive_marginal_gain,0.06166700040921569,8.299617455723075
19,384,25,ilp,2.8177024975419043,4.578836768865585,17.61134271323681,0.39136317140526244,10,377,0.9817708333333334,0.42105263157894735,0.0,True,True,proven_optimal,proven_optimal,full_corpus,n/a,6338.419125007931,7.474011929819375
19,512,25,top_k,2.8207716211676597,5.2335635125637054,24.127918913960457,0.438689434799281,11,480,0.9375,0.47368421052631576,0.026513162665474252,True,True,proven_optimal,heuristic_no_guarantee,full_corpus,no_positive_marginal_gain,0.05608296487480402,5.876607544099291
19,512,25,mmr,2.6608574956655504,4.618447542190552,19.575900465250015,0.35592546300454575,11,494,0.96484375,0.5263157894736842,0.08170171288767314,True,True,proven_optimal,heuristic_no_guarantee,full_corpus,no_positive_marginal_gain,0.04850002005696297,5.386351205800709
19,512,25,greedy_objective,2.8975960716605185,4.9726652801036835,20.75069208443165,0.37728531062603,11,451,0.880859375,0.47368421052631576,-5.142594378911796e-09,True,True,proven_optimal,heuristic_no_guarantee,full_corpus,no_positive_marginal_gain,0.038166006561368704,6.424824992595385
19,512,25,greedy_token_aware,2.80546201467514,5.331053644418716,25.25591629743576,0.3826653984459964,12,439,0.857421875,0.47368421052631576,0.0317967170990904,True,True,proven_optimal,heuristic_no_guarantee,full_corpus,no_positive_marginal_gain,0.06629200652241707,6.390574065319226
19,512,25,ilp,2.8975960567593573,4.9726652801036835,20.75069223344326,0.377285313335332,11,451,0.880859375,0.47368421052631576,0.0,True,True,proven_optimal,proven_optimal,full_corpus,n/a,8320.250124961603,6.424824959555116
19,768,25,top_k,2.8084557235240935,5.313678324222565,25.05222600698471,0.45549501830881295,11,641,0.8346354166666666,0.42105263157894735,0.0309102141640795,True,True,proven_optimal,heuristic_no_guarantee,full_corpus,no_positive_marginal_gain,0.05849997978657484,4.38136618334492
19,768,25,mmr,2.7607310146093367,5.181756615638733,24.21025601029396,0.3668220607620297,12,598,0.7786458333333334,0.5789473684210527,0.04737817111062829,True,True,proven_optimal,heuristic_no_guarantee,full_corpus,no_positive_marginal_gain,0.05287496605888009,4.6166070478417005
19,768,25,greedy_objective,2.898034606873989,5.2205169796943665,23.224823728203773,0.4222695223309777,11,613,0.7981770833333334,0.42105263157894735,-4.627634449030604e-09,True,True,proven_optimal,heuristic_no_guarantee,full_corpus,no_positive_marginal_gain,0.03887497587129474,4.727625786091336
19,768,25,greedy_token_aware,2.80546201467514,5.331053644418716,25.25591629743576,0.3826653984459964,12,439,0.5716145833333334,0.47368421052631576,0.0319432276607804,True,True,proven_optimal,heuristic_no_guarantee,full_corpus,no_positive_marginal_gain,0.06554200081154704,6.390574065319226
19,768,25,ilp,2.898034593462944,5.2205169796943665,23.224823862314224,0.42226952476934954,11,613,0.7981770833333334,0.42105263157894735,0.0,True,True,proven_optimal,proven_optimal,full_corpus,n/a,18879.154124995694,4.727625764213612
19,1024,25,top_k,2.8084557235240935,5.313678324222565,25.05222600698471,0.45549501830881295,11,641,0.6259765625,0.42105263157894735,0.030910218648672754,True,True,proven_optimal,heuristic_no_guarantee,full_corpus,no_positive_marginal_gain,0.056917022448033094,4.38136618334492
19,1024,25,mmr,2.7607310146093367,5.181756615638733,24.21025601029396,0.3668220607620297,12,598,0.583984375,0.5789473684210527,0.047378175519013854,True,True,proven_optimal,heuristic_no_guarantee,full_corpus,no_positive_marginal_gain,0.05079200491309166,4.6166070478417005
19,1024,25,greedy_objective,2.898034606873989,5.2205169796943665,23.224823728203773,0.4222695223309777,11,613,0.5986328125,0.42105263157894735,0.0,True,True,proven_optimal,heuristic_no_guarantee,full_corpus,no_positive_marginal_gain,0.037375022657215595,4.727625786091336
19,1024,25,greedy_token_aware,2.80546201467514,5.331053644418716,25.25591629743576,0.3826653984459964,12,439,0.4287109375,0.47368421052631576,0.03194323214059325,True,True,proven_optimal,heuristic_no_guarantee,full_corpus,no_positive_marginal_gain,0.06541598122566938,6.390574065319226
19,1024,25,ilp,2.898034606873989,5.2205169796943665,23.224823728203773,0.4222695223309777,11,613,0.5986328125,0.42105263157894735,0.0,True,True,proven_optimal,proven_optimal,full_corpus,n/a,16950.16075001331,4.727625786091336
19,2048,25,top_k,2.8084557235240935,5.313678324222565,25.05222600698471,0.45549501830881295,11,641,0.31298828125,0.42105263157894735,0.030910218648672754,True,True,proven_optimal,heuristic_no_guarantee,full_corpus,no_positive_marginal_gain,0.055750017054378986,4.38136618334492
19,2048,25,mmr,2.7607310146093367,5.181756615638733,24.21025601029396,0.3668220607620297,12,598,0.2919921875,0.5789473684210527,0.047378175519013854,True,True,proven_optimal,heuristic_no_guarantee,full_corpus,no_positive_marginal_gain,0.0551670091226697,4.6166070478417005
19,2048,25,greedy_objective,2.898034606873989,5.2205169796943665,23.224823728203773,0.4222695223309777,11,613,0.29931640625,0.42105263157894735,0.0,True,True,proven_optimal,heuristic_no_guarantee,full_corpus,no_positive_marginal_gain,0.04225003067404032,4.727625786091336
19,2048,25,greedy_token_aware,2.80546201467514,5.331053644418716,25.25591629743576,0.3826653984459964,12,439,0.21435546875,0.47368421052631576,0.03194323214059325,True,True,proven_optimal,heuristic_no_guarantee,full_corpus,no_positive_marginal_gain,0.06583303911611438,6.390574065319226
19,2048,25,ilp,2.898034606873989,5.2205169796943665,23.224823728203773,0.4222695223309777,11,613,0.29931640625,0.42105263157894735,0.0,True,True,proven_optimal,proven_optimal,full_corpus,n/a,13045.579124998767,4.727625786091336
20,96,25,top_k,1.936301764845848,2.607622742652893,6.71320977807045,0.671320977807045,5,90,0.9375,0.16666666666666666,0.20380217108654966,True,True,proven_optimal,heuristic_no_guarantee,full_corpus,no_candidate_fits_budget,0.025332963559776545,21.514464053842758
20,96,25,mmr,1.8056348145008088,2.0957602858543396,2.901254713535309,0.2901254713535309,5,92,0.9583333333333334,0.2777777777777778,0.25753178289824186,True,True,proven_optimal,heuristic_no_guarantee,full_corpus,no_candidate_fits_budget,0.02362497616559267,19.62646537500879
20,96,25,greedy_objective,2.028164103627205,2.4408182203769684,4.126541167497635,0.4126541167497635,5,93,0.96875,0.2777777777777778,0.16602882603025826,True,True,proven_optimal,heuristic_no_guarantee,full_corpus,no_candidate_fits_budget,0.0189170241355896,21.808216168034463
20,96,25,greedy_token_aware,2.4319354996085165,3.315466672182083,8.835311725735664,0.4207291297969364,7,93,0.96875,0.2777777777777778,0.0,True,True,proven_optimal,heuristic_no_guarantee,full_corpus,no_candidate_fits_budget,0.04037498729303479,26.149844081812006
20,96,25,ilp,2.4319354996085165,3.315466672182083,8.835311725735664,0.4207291297969364,7,93,0.96875,0.2777777777777778,0.0,True,True,proven_optimal,proven_optimal,full_corpus,n/a,117.92870803037658,26.149844081812006
20,128,25,top_k,2.3674992650747297,3.4786292612552643,11.111299961805344,0.5291095219907307,7,119,0.9296875,0.2777777777777778,0.10222759539431456,True,True,proven_optimal,heuristic_no_guarantee,full_corpus,no_candidate_fits_budget,0.03887503407895565,19.894951807350672
20,128,25,mmr,2.2315687477588653,2.863220900297165,6.316521525382996,0.30078673930395217,7,123,0.9609375,0.3888888888888889,0.15377340543540297,True,True,proven_optimal,heuristic_no_guarantee,full_corpus,no_candidate_fits_budget,0.029875023756176233,18.142835347633053
20,128,25,greedy_objective,2.056063160300255,2.4803730845451355,4.243099242448807,0.4243099242448807,5,120,0.9375,0.2777777777777778,0.22032636095215014,True,True,proven_optimal,heuristic_no_guarantee,full_corpus,no_candidate_fits_budget,0.0207500415854156,17.13385966916879
20,128,25,greedy_token_aware,2.6370817959308623,3.912633627653122,12.755518317222595,0.3543199532561832,9,120,0.9375,0.3333333333333333,0.0,True,True,proven_optimal,heuristic_no_guarantee,full_corpus,no_candidate_fits_budget,0.04820898175239563,21.975681632757187
20,128,25,ilp,2.6370817959308623,3.912633627653122,12.755518317222595,0.3543199532561832,9,120,0.9375,0.3333333333333333,0.0,True,True,proven_optimal,proven_optimal,full_corpus,n/a,168.94912504358217,21.975681632757187
20,192,25,top_k,2.4284547746181486,3.5418761074543,11.134213328361511,0.5302006346838815,7,181,0.9427083333333334,0.2777777777777778,0.1247454865709519,True,True,proven_optimal,heuristic_no_guarantee,full_corpus,no_candidate_fits_budget,0.04170899046584964,13.416877207835077
20,192,25,mmr,2.3480597242712973,3.0056458711624146,6.575861468911171,0.31313626042434145,7,184,0.9583333333333334,0.3888888888888889,0.15372116748907877,True,True,proven_optimal,heuristic_no_guarantee,full_corpus,no_candidate_fits_budget,0.030790979508310556,12.761194153648356
20,192,25,greedy_objective,2.093736284971237,2.5192521512508392,4.2551586627960205,0.42551586627960203,5,183,0.953125,0.2777777777777778,0.24538346256030472,True,True,proven_optimal,heuristic_no_guarantee,full_corpus,no_candidate_fits_budget,0.018249964341521263,11.441181885088728
20,192,25,greedy_token_aware,2.7745698392391205,4.375507861375809,16.009380221366882,0.3557640049192641,10,162,0.84375,0.3888888888888889,0.0,True,True,proven_optimal,heuristic_no_guarantee,full_corpus,no_positive_marginal_gain,0.056791992392390966,17.126974316290866
20,192,25,ilp,2.7745698392391205,4.375507861375809,16.009380221366882,0.3557640049192641,10,162,0.84375,0.3888888888888889,0.0,True,True,proven_optimal,proven_optimal,full_corpus,n/a,1211.820834025275,17.126974316290866
20,256,25,top_k,2.8327054753899574,4.790865898132324,19.581604227423668,0.4351467606094148,10,250,0.9765625,0.4444444444444444,0.0251590302158155,True,True,proven_optimal,heuristic_no_guarantee,full_corpus,no_candidate_fits_budget,0.05162501474842429,11.33082190155983
20,256,25,mmr,2.264558009803295,2.8967379927635193,6.3217998296022415,0.3010380871239163,7,249,0.97265625,0.3888888888888889,0.22068003695114635,True,True,proven_optimal,heuristic_no_guarantee,full_corpus,no_candidate_fits_budget,0.031374976970255375,9.094610481137732
20,256,25,greedy_objective,2.8693105086684225,4.634756565093994,17.654460564255714,0.39232134587234924,10,249,0.97265625,0.4444444444444444,0.012561855377069196,True,True,proven_optimal,heuristic_no_guarantee,full_corpus,no_candidate_fits_budget,0.03425002796575427,11.523335376178405
20,256,25,greedy_token_aware,2.905812910199165,4.862074077129364,19.562611669301987,0.3556838485327634,11,239,0.93359375,0.4444444444444444,0.0,True,True,proven_optimal,heuristic_no_guarantee,full_corpus,no_positive_marginal_gain,0.06254197796806693,12.158213013385627
20,256,25,ilp,2.905812910199165,4.862074077129364,19.562611669301987,0.3556838485327634,11,239,0.93359375,0.4444444444444444,0.0,True,True,proven_optimal,proven_optimal,full_corpus,n/a,1566.3032910088077,12.158213013385627
20,384,25,top_k,2.748196229338646,4.88490617275238,21.367099434137344,0.4748244318697188,10,379,0.9869791666666666,0.3888888888888889,0.06101308338085067,True,True,proven_optimal,heuristic_no_guarantee,full_corpus,no_candidate_fits_budget,0.05295901792123914,7.251177386117799
20,384,25,mmr,2.7876662380993364,4.988343730568886,22.006774924695492,0.33343598370750743,12,379,0.9869791666666666,0.6111111111111112,0.04752721165543516,True,True,proven_optimal,heuristic_no_guarantee,full_corpus,no_candidate_fits_budget,0.050458009354770184,7.35531988944416
20,384,25,greedy_objective,2.875883457064629,4.72879683971405,18.529133826494217,0.41175852947764924,10,378,0.984375,0.4444444444444444,0.017385690629889462,True,True,proven_optimal,heuristic_no_guarantee,full_corpus,no_candidate_fits_budget,0.03424996975809336,7.608157293821769
20,384,25,greedy_token_aware,2.9267673283815383,5.318910539150238,23.921432107686996,0.36244594102556055,12,380,0.9895833333333334,0.4444444444444444,0.0,True,True,proven_optimal,heuristic_no_guarantee,full_corpus,no_candidate_fits_budget,0.06604194641113281,7.702019285214575
20,384,25,ilp,2.9267673283815383,5.318910539150238,23.921432107686996,0.36244594102556055,12,380,0.9895833333333334,0.4444444444444444,0.0,True,True,proven_optimal,proven_optimal,full_corpus,n/a,7035.574625013396,7.702019285214575
20,512,25,top_k,2.802172271907329,5.703198283910751,29.010260120034218,0.4395493957580942,12,502,0.98046875,0.5,0.04257087854780326,True,True,proven_optimal,heuristic_no_guarantee,full_corpus,no_candidate_fits_budget,0.057917030062526464,5.582016477903046
20,512,25,mmr,2.737990226596594,4.88538832962513,21.47398103028536,0.32536334894371755,12,509,0.994140625,0.6666666666666666,0.06450020811505217,True,True,proven_optimal,heuristic_no_guarantee,full_corpus,no_candidate_fits_budget,0.052957970183342695,5.379155651466785
20,512,25,greedy_objective,2.9132356181740757,5.325963795185089,24.12728177011013,0.36556487530469894,12,405,0.791015625,0.5,0.004623432165667035,True,True,proven_optimal,heuristic_no_guarantee,full_corpus,no_positive_marginal_gain,0.04129199078306556,7.193174365861915
20,512,25,greedy_token_aware,2.9267673283815383,5.318910539150238,23.921432107686996,0.36244594102556055,12,380,0.7421875,0.4444444444444444,0.0,True,True,proven_optimal,heuristic_no_guarantee,full_corpus,no_positive_marginal_gain,0.06637501064687967,7.702019285214575
20,512,25,ilp,2.9267673283815383,5.318910539150238,23.921432107686996,0.36244594102556055,12,380,0.7421875,0.4444444444444444,0.0,True,True,proven_optimal,proven_optimal,full_corpus,n/a,18165.071583003737,7.702019285214575
20,768,25,top_k,2.802172271907329,5.703198283910751,29.010260120034218,0.4395493957580942,12,502,0.6536458333333334,0.5,0.04257087854780326,True,True,proven_optimal,heuristic_no_guarantee,full_corpus,no_positive_marginal_gain,0.058958015870302916,5.582016477903046
20,768,25,mmr,2.737990226596594,4.88538832962513,21.47398103028536,0.32536334894371755,12,509,0.6627604166666666,0.6666666666666666,0.06450020811505217,True,True,proven_optimal,heuristic_no_guarantee,full_corpus,no_positive_marginal_gain,0.05154201062396169,5.379155651466785
20,768,25,greedy_objective,2.9132356181740757,5.325963795185089,24.12728177011013,0.36556487530469894,12,405,0.52734375,0.5,0.004623432165667035,True,True,proven_optimal,heuristic_no_guarantee,full_corpus,no_positive_marginal_gain,0.041458988562226295,7.193174365861915
20,768,25,greedy_token_aware,2.9267673283815383,5.318910539150238,23.921432107686996,0.36244594102556055,12,380,0.4947916666666667,0.4444444444444444,0.0,True,True,proven_optimal,heuristic_no_guarantee,full_corpus,no_positive_marginal_gain,0.06595801096409559,7.702019285214575
20,768,25,ilp,2.9267673283815383,5.318910539150238,23.921432107686996,0.36244594102556055,12,380,0.4947916666666667,0.4444444444444444,0.0,True,True,proven_optimal,proven_optimal,full_corpus,n/a,14386.399041977711,7.702019285214575
20,1024,25,top_k,2.802172271907329,5.703198283910751,29.010260120034218,0.4395493957580942,12,502,0.490234375,0.5,0.04257087854780326,True,True,proven_optimal,heuristic_no_guarantee,full_corpus,no_positive_marginal_gain,0.05933298962190747,5.582016477903046
20,1024,25,mmr,2.737990226596594,4.88538832962513,21.47398103028536,0.32536334894371755,12,509,0.4970703125,0.6666666666666666,0.06450020811505217,True,True,proven_optimal,heuristic_no_guarantee,full_corpus,no_positive_marginal_gain,0.05099998088553548,5.379155651466785
20,1024,25,greedy_objective,2.9132356181740757,5.325963795185089,24.12728177011013,0.36556487530469894,12,405,0.3955078125,0.5,0.004623432165667035,True,True,proven_optimal,heuristic_no_guarantee,full_corpus,no_positive_marginal_gain,0.041207997128367424,7.193174365861915
20,1024,25,greedy_token_aware,2.9267673283815383,5.318910539150238,23.921432107686996,0.36244594102556055,12,380,0.37109375,0.4444444444444444,0.0,True,True,proven_optimal,heuristic_no_guarantee,full_corpus,no_positive_marginal_gain,0.06654096068814397,7.702019285214575
20,1024,25,ilp,2.9267673283815383,5.318910539150238,23.921432107686996,0.36244594102556055,12,380,0.37109375,0.4444444444444444,0.0,True,True,proven_optimal,proven_optimal,full_corpus,n/a,14596.002708945889,7.702019285214575
20,2048,25,top_k,2.802172271907329,5.703198283910751,29.010260120034218,0.4395493957580942,12,502,0.2451171875,0.5,0.04257087854780326,True,True,proven_optimal,heuristic_no_guarantee,full_corpus,no_positive_marginal_gain,0.056500022765249014,5.582016477903046
20,2048,25,mmr,2.737990226596594,4.88538832962513,21.47398103028536,0.32536334894371755,12,509,0.24853515625,0.6666666666666666,0.06450020811505217,True,True,proven_optimal,heuristic_no_guarantee,full_corpus,no_positive_marginal_gain,0.049084017518907785,5.379155651466785
20,2048,25,greedy_objective,2.9132356181740757,5.325963795185089,24.12728177011013,0.36556487530469894,12,405,0.19775390625,0.5,0.004623432165667035,True,True,proven_optimal,heuristic_no_guarantee,full_corpus,no_positive_marginal_gain,0.03966700751334429,7.193174365861915
20,2048,25,greedy_token_aware,2.9267673283815383,5.318910539150238,23.921432107686996,0.36244594102556055,12,380,0.185546875,0.4444444444444444,0.0,True,True,proven_optimal,heuristic_no_guarantee,full_corpus,no_positive_marginal_gain,0.06349995965138078,7.702019285214575
20,2048,25,ilp,2.9267673283815383,5.318910539150238,23.921432107686996,0.36244594102556055,12,380,0.185546875,0.4444444444444444,0.0,True,True,proven_optimal,proven_optimal,full_corpus,n/a,15009.011541027576,7.702019285214575
21,96,25,top_k,1.5209066689014434,1.7046061158180237,1.836994469165802,0.612331489721934,3,87,0.90625,0.15789473684210525,0.2501261139665103,True,True,proven_optimal,heuristic_no_guarantee,full_corpus,no_candidate_fits_budget,0.019457947928458452,17.481685849441877
21,96,25,mmr,1.5468841254711152,1.6734381914138794,1.2655406594276428,0.4218468864758809,3,89,0.9270833333333334,0.15789473684210525,0.23731808523899062,True,True,proven_optimal,heuristic_no_guarantee,full_corpus,no_candidate_fits_budget,0.01637497916817665,17.380720510911406
21,96,25,greedy_objective,1.5468841254711152,1.6734381914138794,1.2655406594276428,0.4218468864758809,3,89,0.9270833333333334,0.15789473684210525,0.23731808523899062,True,True,proven_optimal,heuristic_no_guarantee,full_corpus,no_candidate_fits_budget,0.012625008821487427,17.380720510911406
21,96,25,greedy_token_aware,2.028216607123613,2.919782668352127,8.915660612285137,0.4245552672516732,7,93,0.96875,0.21052631578947367,0.0,True,True,proven_optimal,heuristic_no_guarantee,full_corpus,no_candidate_fits_budget,0.04087499110028148,21.80878072175928
21,96,25,ilp,2.028216607123613,2.919782668352127,8.915660612285137,0.4245552672516732,7,93,0.96875,0.21052631578947367,0.0,True,True,proven_optimal,proven_optimal,full_corpus,n/a,568.9074579859152,21.80878072175928
21,128,25,top_k,1.835087665915489,2.1985430121421814,3.634553462266922,0.6057589103778204,4,127,0.9921875,0.21052631578947367,0.20537381866180432,True,True,proven_optimal,heuristic_no_guarantee,full_corpus,no_candidate_fits_budget,0.0320419785566628,14.449509180436923
21,128,25,mmr,1.9897708490490913,2.33112832903862,3.4135747998952866,0.34135747998952864,5,119,0.9296875,0.2631578947368421,0.13839320001687921,True,True,proven_optimal,heuristic_no_guarantee,full_corpus,no_candidate_fits_budget,0.02500001573935151,16.720763437387323
21,128,25,greedy_objective,2.3093722820281983,3.0544677078723907,7.450954258441925,0.49673028389612833,6,128,1.0,0.2631578947368421,-6.4524725640640736e-09,True,True,proven_optimal,heuristic_no_guarantee,full_corpus,no_candidate_fits_budget,0.022584048565477133,18.0419709533453
21,128,25,greedy_token_aware,2.178524386882782,3.4982946813106537,13.197702944278717,0.3666028595632977,9,124,0.96875,0.3157894736842105,0.056659500985103466,True,True,proven_optimal,heuristic_no_guarantee,full_corpus,no_candidate_fits_budget,0.0517910229973495,17.568745055506305
21,128,25,ilp,2.309372267127037,3.0544677078723907,7.450954407453537,0.4967302938302358,6,128,1.0,0.2631578947368421,0.0,True,True,proven_optimal,proven_optimal,full_corpus,n/a,857.6155829941854,18.041970836929977
21,192,25,top_k,2.194814383983612,3.2045076489448547,10.096932649612427,0.6731288433074951,6,189,0.984375,0.21052631578947367,0.16501686378351046,True,True,proven_optimal,heuristic_no_guarantee,full_corpus,no_candidate_fits_budget,0.037958030588924885,11.61277451843181
21,192,25,mmr,2.0933749243617057,2.588230825960636,4.948559015989304,0.2356456674280621,7,188,0.9791666666666666,0.3684210526315789,0.2036079349689806,True,True,proven_optimal,heuristic_no_guarantee,full_corpus,no_candidate_fits_budget,0.03158301115036011,11.134973001923967
21,192,25,greedy_objective,2.3704182296991347,3.1733397245407104,8.029214948415756,0.5352809965610504,6,191,0.9947916666666666,0.2631578947368421,0.0982111006642186,True,True,proven_optimal,heuristic_no_guarantee,full_corpus,no_candidate_fits_budget,0.0226249685510993,12.410566647639449
21,192,25,greedy_token_aware,2.574426606297493,4.379904478788376,18.05477872490883,0.401217304997974,10,183,0.953125,0.3684210526315789,0.020599273737261604,True,True,proven_optimal,heuristic_no_guarantee,full_corpus,no_candidate_fits_budget,0.055750017054378986,14.067904952445318
21,192,25,ilp,2.6285733073949813,4.156025856733322,15.274525493383408,0.42429237481620574,9,192,1.0,0.3684210526315789,0.0,True,True,proven_optimal,proven_optimal,full_corpus,n/a,1391.7601670254953,13.690485976015529
21,256,25,top_k,2.6157103084027766,4.335023254156113,17.19312945753336,0.47758692937592667,9,256,1.0,0.3684210526315789,0.04468779521829289,True,True,proven_optimal,heuristic_no_guarantee,full_corpus,no_candidate_fits_budget,0.049084017518907785,10.217618392198347
21,256,25,mmr,2.2361321123316884,3.009873665869236,7.737415535375476,0.21492820931598544,9,247,0.96484375,0.47368421052631576,0.18331770473497686,True,True,proven_optimal,heuristic_no_guarantee,full_corpus,no_candidate_fits_budget,0.03925000783056021,9.053166446686998
21,256,25,greedy_objective,2.591771936416626,3.576753854751587,9.84981918334961,0.4690390087309338,7,256,1.0,0.3684210526315789,0.05343059018588177,True,True,proven_optimal,heuristic_no_guarantee,full_corpus,no_candidate_fits_budget,0.024708977434784174,10.124109126627445
21,256,25,greedy_token_aware,2.669154165685177,4.7682367861270905,20.990826204419136,0.38165138553489336,11,220,0.859375,0.42105263157894735,0.0251689788690678,True,True,proven_optimal,heuristic_no_guarantee,full_corpus,no_positive_marginal_gain,0.061583006754517555,12.132518934932621
21,256,25,ilp,2.7380685552954676,4.173882961273193,14.35814405977726,0.3988373349938128,9,256,1.0,0.42105263157894735,0.0,True,True,proven_optimal,proven_optimal,full_corpus,n/a,3187.8000419819728,10.69558029412292
21,384,25,top_k,2.5507610283792017,4.359275370836258,18.08514342457056,0.50236509512696,9,384,1.0,0.3684210526315789,0.11387045427207951,True,True,proven_optimal,heuristic_no_guarantee,full_corpus,no_candidate_fits_budget,0.04841695772483945,6.642606844737505
21,384,25,mmr,2.7281838587950915,4.969031251966953,22.408473931718618,0.28728812732972586,13,374,0.9739583333333334,0.6842105263157895,0.052234099329768656,True,True,proven_optimal,heuristic_no_guarantee,full_corpus,no_candidate_fits_budget,0.05308300023898482,7.294609248115218
21,384,25,greedy_objective,2.7817175194621084,3.9780755937099457,11.96358074247837,0.427270740802799,8,373,0.9713541666666666,0.42105263157894735,0.03363660709892681,True,True,proven_optimal,heuristic_no_guarantee,full_corpus,no_candidate_fits_budget,0.028125010430812836,7.457687719737557
21,384,25,greedy_token_aware,2.7794621407985685,5.240176051855087,24.607139110565186,0.3728354410691695,12,362,0.9427083333333334,0.47368421052631576,0.03442012137107211,True,True,proven_optimal,heuristic_no_guarantee,full_corpus,no_positive_marginal_gain,0.0664170365780592,7.678072212150741
21,384,25,ilp,2.8785419024527075,4.8319385051727295,19.533966027200222,0.3551630186763677,11,375,0.9765625,0.5263157894736842,0.0,True,True,proven_optimal,proven_optimal,full_corpus,n/a,14922.664707992226,7.676111739873886
21,512,25,top_k,2.6210984259843824,5.3110857009887695,26.89987275004387,0.48908859545534306,11,512,1.0,0.42105263157894735,0.10151855941823928,True,True,proven_optimal,heuristic_no_guarantee,full_corpus,no_candidate_fits_budget,0.05570898065343499,5.119332863250746
21,512,25,mmr,2.801674503274262,4.918724425137043,21.17049921862781,0.2714166566490745,13,508,0.9921875,0.6842105263157895,0.03961922269375827,True,True,proven_optimal,heuristic_no_guarantee,full_corpus,no_candidate_fits_budget,0.054333999287337065,5.515107289909965
21,512,25,greedy_objective,2.9172538816928864,5.18523833155632,22.67984449863434,0.41236080906607886,11,440,0.859375,0.5263157894736842,-1.685620619268199e-08,True,True,proven_optimal,heuristic_no_guarantee,full_corpus,no_positive_marginal_gain,0.03891700180247426,6.630122458392924
21,512,25,greedy_token_aware,2.7794621407985685,5.240176051855087,24.607139110565186,0.3728354410691695,12,362,0.70703125,0.47368421052631576,0.04723335699639904,True,True,proven_optimal,heuristic_no_guarantee,full_corpus,no_positive_marginal_gain,0.0664590043015778,7.678072212150741
21,512,25,ilp,2.9172538325190542,5.18523833155632,22.679844990372658,0.4123608180067756,11,440,0.859375,0.5263157894736842,0.0,True,True,proven_optimal,proven_optimal,full_corpus,n/a,18125.890791998245,6.630122346634215
21,768,25,top_k,2.790584874153137,5.715886950492859,29.253020763397217,0.44322758732420026,12,611,0.7955729166666666,0.47368421052631576,0.05416094039496394,True,True,proven_optimal,heuristic_no_guarantee,full_corpus,no_positive_marginal_gain,0.060416990891098976,4.567242019890568
21,768,25,mmr,2.783557505859062,5.412661321461201,26.291038156021386,0.2889125072090262,14,548,0.7135416666666666,0.7368421052631579,0.05654279212802881,True,True,proven_optimal,heuristic_no_guarantee,full_corpus,no_positive_marginal_gain,0.06225000834092498,5.079484499742813
21,768,25,greedy_objective,2.9495784945785997,5.205549031496048,22.55970536917448,0.41017646125771784,11,599,0.7799479166666666,0.47368421052631576,0.00027174396905108077,True,True,proven_optimal,heuristic_no_guarantee,full_corpus,no_positive_marginal_gain,0.0392080401070416,4.924171109480133
21,768,25,greedy_token_aware,2.7861581616103646,5.683806121349335,28.976479597389698,0.3714933281716628,13,536,0.6979166666666666,0.47368421052631576,0.05566132752433526,True,True,proven_optimal,heuristic_no_guarantee,full_corpus,no_positive_marginal_gain,0.07333402754738927,5.198056271661128
21,768,25,ilp,2.950380242615938,5.258984364569187,23.08604121953249,0.34978850332624983,12,590,0.7682291666666666,0.5263157894736842,0.0,True,True,proven_optimal,proven_optimal,full_corpus,n/a,18680.567916017026,5.000644479010065
21,1024,25,top_k,2.790584874153137,5.715886950492859,29.253020763397217,0.44322758732420026,12,611,0.5966796875,0.47368421052631576,0.05416095185987273,True,True,proven_optimal,heuristic_no_guarantee,full_corpus,no_positive_marginal_gain,0.061375030782073736,4.567242019890568
21,1024,25,mmr,2.783557505859062,5.412661321461201,26.291038156021386,0.2889125072090262,14,548,0.53515625,0.7368421052631579,0.056542803564066185,True,True,proven_optimal,heuristic_no_guarantee,full_corpus,no_positive_marginal_gain,0.061125028878450394,5.079484499742813
21,1024,25,greedy_objective,2.9495784945785997,5.205549031496048,22.55970536917448,0.41017646125771784,11,599,0.5849609375,0.47368421052631576,0.00027175608717324096,True,True,proven_optimal,heuristic_no_guarantee,full_corpus,no_positive_marginal_gain,0.03925000783056021,4.924171109480133
21,1024,25,greedy_token_aware,2.7861581616103646,5.683806121349335,28.976479597389698,0.3714933281716628,13,536,0.5234375,0.47368421052631576,0.05566133897105723,True,True,proven_optimal,heuristic_no_guarantee,full_corpus,no_positive_marginal_gain,0.07399998139590025,5.198056271661128
21,1024,25,ilp,2.950380278378725,5.258984364569187,23.08604086190462,0.34978849790764577,12,590,0.576171875,0.5263157894736842,0.0,True,True,proven_optimal,proven_optimal,full_corpus,n/a,18570.390375040006,5.0006445396249575
21,2048,25,top_k,2.790584874153137,5.715886950492859,29.253020763397217,0.44322758732420026,12,611,0.29833984375,0.47368421052631576,0.05416094039496394,True,True,proven_optimal,heuristic_no_guarantee,full_corpus,no_positive_marginal_gain,0.0624579843133688,4.567242019890568
21,2048,25,mmr,2.783557505859062,5.412661321461201,26.291038156021386,0.2889125072090262,14,548,0.267578125,0.7368421052631579,0.05654279212802881,True,True,proven_optimal,heuristic_no_guarantee,full_corpus,no_positive_marginal_gain,0.057416968047618866,5.079484499742813
21,2048,25,greedy_objective,2.9495784945785997,5.205549031496048,22.55970536917448,0.41017646125771784,11,599,0.29248046875,0.47368421052631576,0.00027174396905108077,True,True,proven_optimal,heuristic_no_guarantee,full_corpus,no_positive_marginal_gain,0.03779103280976415,4.924171109480133
21,2048,25,greedy_token_aware,2.7861581616103646,5.683806121349335,28.976479597389698,0.3714933281716628,13,536,0.26171875,0.47368421052631576,0.05566132752433526,True,True,proven_optimal,heuristic_no_guarantee,full_corpus,no_positive_marginal_gain,0.07079198257997632,5.198056271661128
21,2048,25,ilp,2.950380242615938,5.258984364569187,23.08604121953249,0.34978850332624983,12,590,0.2880859375,0.5263157894736842,0.0,True,True,proven_optimal,proven_optimal,full_corpus,n/a,19009.25174995791,5.000644479010065
22,96,25,top_k,2.256034179031849,2.9732746481895447,7.172404691576958,0.3415430805512837,7,96,1.0,0.2777777777777778,0.0007749457872827347,True,True,proven_optimal,heuristic_no_guarantee,full_corpus,no_candidate_fits_budget,0.032374984584748745,23.50035603158176
22,96,25,mmr,1.9319976516067983,2.4002828001976013,4.6828514859080315,0.22299292790038244,7,93,0.96875,0.3888888888888889,0.1442946759813287,True,True,proven_optimal,heuristic_no_guarantee,full_corpus,no_candidate_fits_budget,0.031000003218650818,20.774168296847293
22,96,25,greedy_objective,2.2577838391065597,2.9277954399585724,6.700116008520126,0.31905314326286316,7,94,0.9791666666666666,0.2777777777777778,0.0,True,True,proven_optimal,heuristic_no_guarantee,full_corpus,no_candidate_fits_budget,0.025500019546598196,24.018977011771913
22,96,25,greedy_token_aware,2.2577838391065597,2.9277954399585724,6.700116008520126,0.31905314326286316,7,94,0.9791666666666666,0.2777777777777778,0.0,True,True,proven_optimal,heuristic_no_guarantee,full_corpus,no_candidate_fits_budget,0.04029099363833666,24.018977011771913
22,96,25,ilp,2.2577838391065597,2.9277954399585724,6.700116008520126,0.31905314326286316,7,94,0.9791666666666666,0.2777777777777778,0.0,True,True,proven_optimal,proven_optimal,full_corpus,n/a,77.29912496870384,24.018977011771913
22,128,25,top_k,2.3635314390063282,3.661557137966156,12.980256989598274,0.3605626941555076,9,128,1.0,0.3333333333333333,0.02749215613139464,True,True,proven_optimal,heuristic_no_guarantee,full_corpus,no_candidate_fits_budget,0.04975002957507968,18.46508936723694
22,128,25,mmr,1.8499790221452712,2.288892835378647,4.3891381323337555,0.20900657773017883,7,123,0.9609375,0.3888888888888889,0.23880043212582305,True,True,proven_optimal,heuristic_no_guarantee,full_corpus,no_candidate_fits_budget,0.031790987122803926,15.040479854839605
22,128,25,greedy_objective,2.4303469158709046,3.506307452917099,10.75960537046194,0.2988779269572761,9,125,0.9765625,0.3888888888888889,0.0,True,True,proven_optimal,heuristic_no_guarantee,full_corpus,no_candidate_fits_budget,0.03187498077750206,19.442775326967237
22,128,25,greedy_token_aware,2.4303469158709046,3.506307452917099,10.75960537046194,0.2988779269572761,9,125,0.9765625,0.3888888888888889,0.0,True,True,proven_optimal,heuristic_no_guarantee,full_corpus,no_candidate_fits_budget,0.051749986596405506,19.442775326967237
22,128,25,ilp,2.4303469158709046,3.506307452917099,10.75960537046194,0.2988779269572761,9,125,0.9765625,0.3888888888888889,0.0,True,True,proven_optimal,proven_optimal,full_corpus,n/a,104.4923749868758,19.442775326967237
22,192,25,top_k,2.3994665861129763,3.194399803876877,7.949332177639008,0.3785396275066194,7,192,1.0,0.2777777777777778,0.029656467779117866,True,True,proven_optimal,heuristic_no_guarantee,full_corpus,no_candidate_fits_budget,0.04254200030118227,12.497221802671751
22,192,25,mmr,1.552658535540104,1.7277321517467499,1.7507361620664597,0.29178936034440994,4,184,0.9583333333333334,0.2222222222222222,0.37210537690815365,True,True,proven_optimal,heuristic_no_guarantee,full_corpus,no_candidate_fits_budget,0.020709005184471607,8.438361606196217
22,192,25,greedy_objective,2.3994665861129763,3.194399803876877,7.949332177639008,0.3785396275066194,7,192,1.0,0.2777777777777778,0.029656467779117866,True,True,proven_optimal,heuristic_no_guarantee,full_corpus,no_candidate_fits_budget,0.025917019229382277,12.497221802671751
22,192,25,greedy_token_aware,2.4303469158709046,3.506307452917099,10.75960537046194,0.2988779269572761,9,125,0.6510416666666666,0.3888888888888889,0.01716847214422348,True,True,proven_optimal,heuristic_no_guarantee,full_corpus,no_positive_marginal_gain,0.05220802268013358,19.442775326967237
22,192,25,ilp,2.4728011332452295,3.630541205406189,11.577400721609592,0.32159446448915535,9,190,0.9895833333333334,0.3888888888888889,0.0,True,True,proven_optimal,proven_optimal,full_corpus,n/a,1024.2300409590825,13.01474280655384
22,256,25,top_k,2.557976906746626,4.305944621562958,17.47967714816332,0.31781231178478764,11,252,0.984375,0.4444444444444444,0.014294677179694999,True,True,proven_optimal,heuristic_no_guarantee,full_corpus,no_candidate_fits_budget,0.05495903315022588,10.150702010899309
22,256,25,mmr,2.229974789172411,3.160374164581299,9.303993754088879,0.2584442709469133,9,252,0.984375,0.5,0.14068887266148408,True,True,proven_optimal,heuristic_no_guarantee,full_corpus,no_candidate_fits_budget,0.03762502456083894,8.849106306239726
22,256,25,greedy_objective,2.595072639733553,3.961803376674652,13.667307369410992,0.3037179415424665,10,236,0.921875,0.4444444444444444,-2.8710489657352297e-09,True,True,proven_optimal,heuristic_no_guarantee,full_corpus,no_positive_marginal_gain,0.03445800393819809,10.996070507345562
22,256,25,greedy_token_aware,2.595072639733553,3.961803376674652,13.667307369410992,0.3037179415424665,10,236,0.921875,0.4444444444444444,-2.8710489657352297e-09,True,True,proven_optimal,heuristic_no_guarantee,full_corpus,no_positive_marginal_gain,0.056500022765249014,10.996070507345562
22,256,25,ilp,2.5950726322829722,3.961803376674652,13.667307443916798,0.30371794319815104,10,236,0.921875,0.4444444444444444,0.0,True,True,proven_optimal,proven_optimal,full_corpus,n/a,276.615375012625,10.996070475775307
22,384,25,top_k,2.6166059598326683,3.9821710884571075,13.655651286244392,0.379323646840122,9,382,0.9947916666666666,0.3888888888888889,0.0054984761941438125,True,True,proven_optimal,heuristic_no_guarantee,full_corpus,no_candidate_fits_budget,0.04595902282744646,6.849753821551488
22,384,25,mmr,2.418171442300081,4.46724545955658,20.490740172564983,0.3104657601903785,12,360,0.9375,0.5555555555555556,0.08091809729538826,True,True,proven_optimal,heuristic_no_guarantee,full_corpus,no_positive_marginal_gain,0.050915987230837345,6.717142895278004
22,384,25,greedy_objective,2.6166060239076616,3.9821710884571075,13.655650645494461,0.3793236290415128,9,382,0.9947916666666666,0.3888888888888889,0.0054984518409628355,True,True,proven_optimal,heuristic_no_guarantee,full_corpus,no_candidate_fits_budget,0.030333991162478924,6.849753989287072
22,384,25,greedy_token_aware,2.631072851270437,4.377753496170044,17.466806448996067,0.3175782990726558,11,379,0.9869791666666666,0.4444444444444444,0.0,True,True,proven_optimal,heuristic_no_guarantee,full_corpus,no_candidate_fits_budget,0.057750032283365726,6.942144726307221
22,384,25,ilp,2.631072851270437,4.377753496170044,17.466806448996067,0.3175782990726558,11,379,0.9869791666666666,0.4444444444444444,0.0,True,True,proven_optimal,proven_optimal,full_corpus,n/a,1643.677582964301,6.942144726307221
22,512,25,top_k,2.246460947394371,3.294825255870819,10.48364308476448,0.4992210992744991,7,512,1.0,0.2777777777777778,0.15992933795916914,True,True,proven_optimal,heuristic_no_guarantee,full_corpus,no_candidate_fits_budget,0.042041996493935585,4.387619037879631
22,512,25,mmr,2.4860165134072303,4.524067461490631,20.380509480834007,0.3087955981944547,12,453,0.884765625,0.5555555555555556,0.0703468312303486,True,True,proven_optimal,heuristic_no_guarantee,full_corpus,no_positive_marginal_gain,0.05154201062396169,5.487895173084394
22,512,25,greedy_objective,2.674133326113224,4.405433416366577,17.31300090253353,0.31478183459151876,11,410,0.80078125,0.5,-2.786166473050015e-09,True,True,proven_optimal,heuristic_no_guarantee,full_corpus,no_positive_marginal_gain,0.03812502836808562,6.522276405154205
22,512,25,greedy_token_aware,2.674133326113224,4.405433416366577,17.31300090253353,0.31478183459151876,11,410,0.80078125,0.5,-2.786166473050015e-09,True,True,proven_optimal,heuristic_no_guarantee,full_corpus,no_positive_marginal_gain,0.060166988987475634,6.522276405154205
22,512,25,ilp,2.6741333186626433,4.405433416366577,17.313000977039337,0.31478183594616976,11,410,0.80078125,0.5,0.0,True,True,proven_optimal,proven_optimal,full_corpus,n/a,2117.738292028662,6.522276386982057
22,768,25,top_k,2.66754613853991,4.6601718962192535,19.926257576793432,0.36229559230533515,11,571,0.7434895833333334,0.4444444444444444,0.0024632799075118748,True,True,proven_optimal,heuristic_no_guarantee,full_corpus,no_positive_marginal_gain,0.061958038713783026,4.671709524588284
22,768,25,mmr,2.4617710955441,4.5443781316280365,20.826070360839367,0.3155465206187783,12,612,0.796875,0.6111111111111112,0.07941346213726903,True,True,proven_optimal,heuristic_no_guarantee,full_corpus,no_positive_marginal_gain,0.056958000641316175,4.022501790104738
22,768,25,greedy_objective,2.674133326113224,4.405433416366577,17.31300090253353,0.31478183459151876,11,410,0.5338541666666666,0.5,-1.8249390547817237e-08,True,True,proven_optimal,heuristic_no_guarantee,full_corpus,no_positive_marginal_gain,0.03975001163780689,6.522276405154205
22,768,25,greedy_token_aware,2.674133326113224,4.405433416366577,17.31300090253353,0.31478183459151876,11,410,0.5338541666666666,0.5,-1.8249390547817237e-08,True,True,proven_optimal,heuristic_no_guarantee,full_corpus,no_positive_marginal_gain,0.06495899287983775,6.522276405154205
22,768,25,ilp,2.6741332773119213,4.405433416366577,17.31300139054656,0.3147818434644829,11,410,0.5338541666666666,0.5,0.0,True,True,proven_optimal,proven_optimal,full_corpus,n/a,3845.902542001568,6.522276286126637
22,1024,25,top_k,2.66754613853991,4.6601718962192535,19.926257576793432,0.36229559230533515,11,571,0.5576171875,0.4444444444444444,0.002463294776784787,True,True,proven_optimal,heuristic_no_guarantee,full_corpus,no_positive_marginal_gain,0.05887501174584031,4.671709524588284
22,1024,25,mmr,2.4617710955441,4.5443781316280365,20.826070360839367,0.3155465206187783,12,612,0.59765625,0.6111111111111112,0.07941347585952326,True,True,proven_optimal,heuristic_no_guarantee,full_corpus,no_positive_marginal_gain,0.052791961934417486,4.022501790104738
22,1024,25,greedy_objective,2.674133326113224,4.405433416366577,17.31300090253353,0.31478183459151876,11,410,0.400390625,0.5,-3.3433997363093785e-09,True,True,proven_optimal,heuristic_no_guarantee,full_corpus,no_positive_marginal_gain,0.039207981899380684,6.522276405154205
22,1024,25,greedy_token_aware,2.674133326113224,4.405433416366577,17.31300090253353,0.31478183459151876,11,410,0.400390625,0.5,-3.3433997363093785e-09,True,True,proven_optimal,heuristic_no_guarantee,full_corpus,no_positive_marginal_gain,0.06437499541789293,6.522276405154205
22,1024,25,ilp,2.6741333171725272,4.405433416366577,17.3130009919405,0.3147818362171,11,410,0.400390625,0.5,0.0,True,True,proven_optimal,proven_optimal,full_corpus,n/a,6358.5870420210995,6.522276383347627
22,2048,25,top_k,2.66754613853991,4.6601718962192535,19.926257576793432,0.36229559230533515,11,571,0.27880859375,0.4444444444444444,0.002463295332645419,True,True,proven_optimal,heuristic_no_guarantee,full_corpus,no_positive_marginal_gain,0.05529099144041538,4.671709524588284
22,2048,25,mmr,2.4617710955441,4.5443781316280365,20.826070360839367,0.3155465206187783,12,612,0.298828125,0.6111111111111112,0.07941347637250469,True,True,proven_optimal,heuristic_no_guarantee,full_corpus,no_positive_marginal_gain,0.05016702925786376,4.022501790104738
22,2048,25,greedy_objective,2.674133326113224,4.405433416366577,17.31300090253353,0.31478183459151876,11,410,0.2001953125,0.5,-2.786166473050015e-09,True,True,proven_optimal,heuristic_no_guarantee,full_corpus,no_positive_marginal_gain,0.037375022657215595,6.522276405154205
22,2048,25,greedy_token_aware,2.674133326113224,4.405433416366577,17.31300090253353,0.31478183459151876,11,410,0.2001953125,0.5,-2.786166473050015e-09,True,True,proven_optimal,heuristic_no_guarantee,full_corpus,no_positive_marginal_gain,0.05979195702821016,6.522276405154205
22,2048,25,ilp,2.6741333186626433,4.405433416366577,17.313000977039337,0.31478183594616976,11,410,0.2001953125,0.5,0.0,True,True,proven_optimal,proven_optimal,full_corpus,n/a,7285.34891695017,6.522276386982057
23,96,25,top_k,1.4419799894094467,1.5974121689796448,1.5543217957019806,0.5181072652339935,3,94,0.9791666666666666,0.15,0.33660927366466625,True,True,proven_optimal,heuristic_no_guarantee,full_corpus,no_candidate_fits_budget,0.018708989955484867,15.340212653291987
23,96,25,mmr,1.4217651635408401,1.5201519131660461,0.9838674962520599,0.32795583208401996,3,95,0.9895833333333334,0.15,0.34590921410365205,True,True,proven_optimal,heuristic_no_guarantee,full_corpus,no_candidate_fits_budget,0.015708967112004757,14.96594908990358
23,96,25,greedy_objective,1.4419799894094467,1.5974121689796448,1.5543217957019806,0.5181072652339935,3,94,0.9791666666666666,0.15,0.33660927366466625,True,True,proven_optimal,heuristic_no_guarantee,full_corpus,no_candidate_fits_budget,0.012416974641382694,15.340212653291987
23,96,25,greedy_token_aware,2.1736511111259462,2.7957248389720917,6.220737278461456,0.2962255846886408,7,95,0.9895833333333334,0.3,0.0,True,True,proven_optimal,heuristic_no_guarantee,full_corpus,no_candidate_fits_budget,0.039207981899380684,22.880538011852064
23,96,25,ilp,2.1736511111259462,2.7957248389720917,6.220737278461456,0.2962255846886408,7,95,0.9895833333333334,0.3,0.0,True,True,proven_optimal,proven_optimal,full_corpus,n/a,133.4674580139108,22.880538011852064
23,128,25,top_k,2.1305845081806183,2.523954391479492,3.933698832988739,0.3933698832988739,5,120,0.9375,0.25,0.10884975268328723,True,True,proven_optimal,heuristic_no_guarantee,full_corpus,no_candidate_fits_budget,0.03691698657348752,17.754870901505154
23,128,25,mmr,1.9010169938206674,2.1878985464572906,2.868815526366234,0.2868815526366234,5,120,0.9375,0.25,0.20486995108999145,True,True,proven_optimal,heuristic_no_guarantee,full_corpus,no_candidate_fits_budget,0.02437504008412361,15.841808281838894
23,128,25,greedy_objective,2.1305845081806183,2.523954391479492,3.933698832988739,0.3933698832988739,5,120,0.9375,0.25,0.10884975268328723,True,True,proven_optimal,heuristic_no_guarantee,full_corpus,no_candidate_fits_budget,0.01916696783155203,17.754870901505154
23,128,25,greedy_token_aware,2.291949964314699,3.225873976945877,9.339240126311779,0.25942333684199387,9,122,0.953125,0.4,0.04135613035095513,True,True,proven_optimal,heuristic_no_guarantee,full_corpus,no_candidate_fits_budget,0.05175004480406642,18.786475117333598
23,128,25,ilp,2.390825244784355,3.1576701402664185,7.668448954820633,0.3651642359438397,7,122,0.953125,0.3,0.0,True,True,proven_optimal,proven_optimal,full_corpus,n/a,140.65870898775756,19.596928235937337
23,192,25,top_k,2.074408012628555,2.5317375659942627,4.573295533657074,0.4573295533657074,5,186,0.96875,0.25,0.23939038650143887,True,True,proven_optimal,heuristic_no_guarantee,full_corpus,no_candidate_fits_budget,0.03649998689070344,11.152731250691158
23,192,25,mmr,1.8420954510569572,2.103180021047592,2.610845699906349,0.2610845699906349,5,183,0.953125,0.25,0.32457091347208633,True,True,proven_optimal,heuristic_no_guarantee,full_corpus,no_candidate_fits_budget,0.023333006538450718,10.06609536096698
23,192,25,greedy_objective,2.727296616882086,4.102560371160507,13.752637542784214,0.305614167617427,10,191,0.9947916666666666,0.45,-6.283268003685469e-09,True,True,proven_optimal,heuristic_no_guarantee,full_corpus,no_candidate_fits_budget,0.033750024158507586,14.2790398789638
23,192,25,greedy_token_aware,2.727296616882086,4.102560371160507,13.752637542784214,0.305614167617427,10,191,0.9947916666666666,0.45,-6.283268003685469e-09,True,True,proven_optimal,heuristic_no_guarantee,full_corpus,no_candidate_fits_budget,0.05345797399058938,14.2790398789638
23,192,25,ilp,2.7272965997457503,4.102560371160507,13.752637714147568,0.3056141714255015,10,191,0.9947916666666666,0.45,0.0,True,True,proven_optimal,proven_optimal,full_corpus,n/a,154.8319589928724,14.279039789244766
23,256,25,top_k,2.7411640629172327,3.8084754645824432,10.673114016652107,0.381182643451861,8,256,1.0,0.35,0.04325201330082921,True,True,proven_optimal,heuristic_no_guarantee,full_corpus,no_candidate_fits_budget,0.045833003241568804,10.70767212077044
23,256,25,mmr,2.499804328382015,3.3658632040023804,8.660588756203651,0.3093067412929876,8,255,0.99609375,0.4,0.12749375687638997,True,True,proven_optimal,heuristic_no_guarantee,full_corpus,no_candidate_fits_budget,0.034958007745444775,9.80315422894908
23,256,25,greedy_objective,2.6329563826322557,3.63405379652977,10.010974138975143,0.3575347906776837,8,256,1.0,0.35,0.08101971996916414,True,True,proven_optimal,heuristic_no_guarantee,full_corpus,no_candidate_fits_budget,0.02745899837464094,10.284985869657248
23,256,25,greedy_token_aware,2.865084746479988,4.323659926652908,14.585751801729202,0.3241278178162045,10,256,1.0,0.45,0.0,True,True,proven_optimal,heuristic_no_guarantee,full_corpus,no_candidate_fits_budget,0.055541982874274254,11.191737290937454
23,256,25,ilp,2.865084746479988,4.323659926652908,14.585751801729202,0.3241278178162045,10,256,1.0,0.45,0.0,True,True,proven_optimal,proven_optimal,full_corpus,n/a,199.21566697303206,11.191737290937454
23,384,25,top_k,2.9115514352917673,4.619250595569611,17.076991602778435,0.3794887022839652,10,382,0.9947916666666666,0.45,0.006707460957509035,True,True,proven_optimal,heuristic_no_guarantee,full_corpus,no_candidate_fits_budget,0.04895898746326566,7.621862396051746
23,384,25,mmr,2.6657068464905023,4.37173056602478,17.06023719534278,0.31018613082441415,11,364,0.9479166666666666,0.5,0.09057875818423819,True,True,proven_optimal,heuristic_no_guarantee,full_corpus,no_positive_marginal_gain,0.04754198016598821,7.32337045739149
23,384,25,greedy_objective,2.9115514352917673,4.619250595569611,17.076991602778435,0.3794887022839652,10,382,0.9947916666666666,0.45,0.006707460957509035,True,True,proven_optimal,heuristic_no_guarantee,full_corpus,no_candidate_fits_budget,0.033582968171685934,7.621862396051746
23,384,25,greedy_token_aware,2.9312124282121657,4.79029381275177,18.590813845396042,0.33801479718901895,11,366,0.953125,0.5,0.0,True,True,proven_optimal,heuristic_no_guarantee,full_corpus,no_positive_marginal_gain,0.061207974795252085,8.008777126262748
23,384,25,ilp,2.9312124282121657,4.79029381275177,18.590813845396042,0.33801479718901895,11,366,0.953125,0.5,0.0,True,True,proven_optimal,proven_optimal,full_corpus,n/a,256.48945797001943,8.008777126262748
23,512,25,top_k,2.9508890479803083,5.074720919132233,21.23831871151924,0.38615124930034983,11,462,0.90234375,0.5,0.0,True,True,proven_optimal,heuristic_no_guarantee,full_corpus,no_positive_marginal_gain,0.05462497938424349,6.387205731559108
23,512,25,mmr,2.650172460079193,4.248261600732803,15.980891406536102,0.3551309201452467,10,512,1.0,0.5,0.10190711443621925,True,True,proven_optimal,heuristic_no_guarantee,full_corpus,no_candidate_fits_budget,0.04225003067404032,5.176118086092174
23,512,25,greedy_objective,2.9508890479803083,5.074720919132233,21.23831871151924,0.38615124930034983,11,462,0.90234375,0.5,0.0,True,True,proven_optimal,heuristic_no_guarantee,full_corpus,no_positive_marginal_gain,0.03854196984320879,6.387205731559108
23,512,25,greedy_token_aware,2.9432497009634973,5.263612478971481,23.20362778007984,0.3515701178799976,12,475,0.927734375,0.55,0.002588828957171281,True,True,proven_optimal,heuristic_no_guarantee,full_corpus,no_positive_marginal_gain,0.06549997488036752,6.196315159923152
23,512,25,ilp,2.9508890479803083,5.074720919132233,21.23831871151924,0.38615124930034983,11,462,0.90234375,0.5,0.0,True,True,proven_optimal,proven_optimal,full_corpus,n/a,1567.3997080302797,6.387205731559108
23,768,25,top_k,2.9508890479803083,5.074720919132233,21.23831871151924,0.38615124930034983,11,462,0.6015625,0.5,0.0,True,True,proven_optimal,heuristic_no_guarantee,full_corpus,no_positive_marginal_gain,0.057541008573025465,6.387205731559108
23,768,25,mmr,2.7047802079468966,4.8461476266384125,21.41367418691516,0.32444960889265395,12,540,0.703125,0.6,0.08340159051451196,True,True,proven_optimal,heuristic_no_guarantee,full_corpus,no_positive_marginal_gain,0.05266699008643627,5.008852236938697
23,768,25,greedy_objective,2.9508890479803083,5.074720919132233,21.23831871151924,0.38615124930034983,11,462,0.6015625,0.5,0.0,True,True,proven_optimal,heuristic_no_guarantee,full_corpus,no_positive_marginal_gain,0.03887497587129474,6.387205731559108
23,768,25,greedy_token_aware,2.9432497009634973,5.263612478971481,23.20362778007984,0.3515701178799976,12,475,0.6184895833333334,0.55,0.002588828957171281,True,True,proven_optimal,heuristic_no_guarantee,full_corpus,no_positive_marginal_gain,0.06504199700430036,6.196315159923152
23,768,25,ilp,2.9508890479803083,5.074720919132233,21.23831871151924,0.38615124930034983,11,462,0.6015625,0.5,0.0,True,True,proven_optimal,proven_optimal,full_corpus,n/a,2184.267832955811,6.387205731559108
23,1024,25,top_k,2.9508890479803083,5.074720919132233,21.23831871151924,0.38615124930034983,11,462,0.451171875,0.5,0.0,True,True,proven_optimal,heuristic_no_guarantee,full_corpus,no_positive_marginal_gain,0.05566701292991638,6.387205731559108
23,1024,25,mmr,2.7047802079468966,4.8461476266384125,21.41367418691516,0.32444960889265395,12,540,0.52734375,0.6,0.08340159051451196,True,True,proven_optimal,heuristic_no_guarantee,full_corpus,no_positive_marginal_gain,0.050499977078288794,5.008852236938697
23,1024,25,greedy_objective,2.9508890479803083,5.074720919132233,21.23831871151924,0.38615124930034983,11,462,0.451171875,0.5,0.0,True,True,proven_optimal,heuristic_no_guarantee,full_corpus,no_positive_marginal_gain,0.03787502646446228,6.387205731559108
23,1024,25,greedy_token_aware,2.9432497009634973,5.263612478971481,23.20362778007984,0.3515701178799976,12,475,0.4638671875,0.55,0.002588828957171281,True,True,proven_optimal,heuristic_no_guarantee,full_corpus,no_positive_marginal_gain,0.06462499732151628,6.196315159923152
23,1024,25,ilp,2.9508890479803083,5.074720919132233,21.23831871151924,0.38615124930034983,11,462,0.451171875,0.5,0.0,True,True,proven_optimal,proven_optimal,full_corpus,n/a,2178.693459019996,6.387205731559108
23,2048,25,top_k,2.9508890479803083,5.074720919132233,21.23831871151924,0.38615124930034983,11,462,0.2255859375,0.5,0.0,True,True,proven_optimal,heuristic_no_guarantee,full_corpus,no_positive_marginal_gain,0.05445902934297919,6.387205731559108
23,2048,25,mmr,2.7047802079468966,4.8461476266384125,21.41367418691516,0.32444960889265395,12,540,0.263671875,0.6,0.08340159051451196,True,True,proven_optimal,heuristic_no_guarantee,full_corpus,no_positive_marginal_gain,0.053916999604552984,5.008852236938697
23,2048,25,greedy_objective,2.9508890479803083,5.074720919132233,21.23831871151924,0.38615124930034983,11,462,0.2255859375,0.5,0.0,True,True,proven_optimal,heuristic_no_guarantee,full_corpus,no_positive_marginal_gain,0.0380830024369061,6.387205731559108
23,2048,25,greedy_token_aware,2.9432497009634973,5.263612478971481,23.20362778007984,0.3515701178799976,12,475,0.23193359375,0.55,0.002588828957171281,True,True,proven_optimal,heuristic_no_guarantee,full_corpus,no_positive_marginal_gain,0.06512500112876296,6.196315159923152
23,2048,25,ilp,2.9508890479803083,5.074720919132233,21.23831871151924,0.38615124930034983,11,462,0.2255859375,0.5,0.0,True,True,proven_optimal,proven_optimal,full_corpus,n/a,2161.3759170286357,6.387205731559108
