seed,beta_target,redundancy,accepted,beta_hat,D,pearson_r_relevance_tokens,spearman_rho_relevance_tokens,n_usable,n_below_threshold,n_relevance_clipped_low,n_relevance_clipped_high,relevance_mean,relevance_median,relevance_std,relevance_min,relevance_max,tokens_mean,tokens_std,tokens_min,tokens_max,tokens_cv,tokens_total,similarity_mean,similarity_std,similarity_min,similarity_max
0,-0.5,low,True,-1.6117336011430763,0.1066666666666668,-0.5217607739266074,-0.6220171204169053,14,11,0,0,0.10722662392672708,0.06488652312340065,0.12363555834078858,0.008904141143039019,0.5454734721826284,92.72,44.187592527012974,35,216,0.47657023864336684,2318,0.026723073786323437,0.1433316116544719,-0.3356666390413333,0.40115536056614776
0,-0.5,high,True,-1.6117336011430763,0.1066666666666668,-0.5217607739266074,-0.6220171204169053,14,11,0,0,0.10722662392672708,0.06488652312340065,0.12363555834078858,0.008904141143039019,0.5454734721826284,92.72,44.187592527012974,35,216,0.47657023864336684,2318,0.11565846835034797,0.27655146463077945,-0.32783973781598225,0.7978739336218957
0,0.0,low,True,-1.135279456445168,0.16000000000000014,-0.5000348866014884,-0.47421107200100693,14,11,0,0,0.10029796763803073,0.06910803209057315,0.09443513043204264,0.011355031315350324,0.3816201799436846,92.72,44.187592527012974,35,216,0.47657023864336684,2318,0.025828678083948873,0.14356332748552186,-0.3340477668180554,0.4011948942656534
0,0.0,high,True,-1.135279456445168,0.16000000000000014,-0.5000348866014884,-0.47421107200100693,14,11,0,0,0.10029796763803073,0.06910803209057315,0.09443513043204264,0.011355031315350324,0.3816201799436846,92.72,44.187592527012974,35,216,0.47657023864336684,2318,0.11530982021052884,0.2785225433911371,-0.326849294805329,0.7990772780575299
0,0.5,low,True,-0.6129507058608453,0.2266666666666668,-0.40211982219927567,-0.305619798026623,16,9,0,0,0.09368007337397306,0.08318001779209844,0.0706101618529086,0.015374418517026388,0.24593609266643499,92.72,44.187592527012974,35,216,0.47657023864336684,2318,0.024863141048649114,0.1438297842784604,-0.33090979736331927,0.40153815845620594
0,0.5,high,True,-0.6129507058608453,0.2266666666666668,-0.40211982219927567,-0.305619798026623,16,9,0,0,0.09368007337397306,0.08318001779209844,0.0706101618529086,0.015374418517026388,0.24593609266643499,92.72,44.187592527012974,35,216,0.47657023864336684,2318,0.11471258966922711,0.27994987129218424,-0.32531479268411967,0.8005876181306607
0,1.0,low,True,-0.04171791353543023,0.28666666666666685,-0.13776974968224032,-0.10777524363659248,17,8,0,0,0.08877656710617206,0.08344258822045353,0.05420299588559762,0.015112594757420963,0.21762335239503783,92.72,44.187592527012974,35,216,0.47657023864336684,2318,0.024131397136003208,0.1440984181424386,-0.3247396335458833,0.40196094735431087
0,1.0,high,True,-0.04171791353543023,0.28666666666666685,-0.13776974968224032,-0.10777524363659248,17,8,0,0,0.08877656710617206,0.08344258822045353,0.05420299588559762,0.015112594757420963,0.21762335239503783,92.72,44.187592527012974,35,216,0.47657023864336684,2318,0.11419837755995099,0.2808871908289823,-0.32293515649168847,0.8020335655567931
0,1.5,low,True,0.5899507777672113,0.4600000000000001,0.37047927206439113,0.3633565356890832,19,6,0,0,0.08705583593169339,0.07694351423449595,0.04898478240299166,0.012948798480486398,0.20759300527175772,92.72,44.187592527012974,35,216,0.47657023864336684,2318,0.023870142562351964,0.1443248649715485,-0.3123628223053107,0.4023334622606539
0,1.5,high,True,0.5899507777672113,0.4600000000000001,0.37047927206439113,0.3633565356890832,19,6,0,0,0.08705583593169339,0.07694351423449595,0.04898478240299166,0.012948798480486398,0.20759300527175772,92.72,44.187592527012974,35,216,0.47657023864336684,2318,0.11399234319408312,0.281380994882905,-0.3192330031919485,0.8032147766597257
0,2.0,low,True,1.3163981166973608,0.44000000000000017,0.8321024946032048,0.7882989248847907,20,5,0,0,0.09112256943766488,0.06744158133571061,0.06622430472235892,0.011452889717840689,0.2658349151481327,92.72,44.187592527012974,35,216,0.47657023864336684,2318,0.02442911205516145,0.14441828952735838,-0.2968013088818108,0.40259872360872967
0,2.0,high,True,1.3163981166973608,0.44000000000000017,0.8321024946032048,0.7882989248847907,20,5,0,0,0.09112256943766488,0.06744158133571061,0.06622430472235892,0.011452889717840689,0.2658349151481327,92.72,44.187592527012974,35,216,0.47657023864336684,2318,0.11427539401967465,0.28113027397067225,-0.31340917859326645,0.8040629044002271
1,-0.5,low,True,-0.8626071789568275,0.16000000000000014,-0.32237213062262443,-0.38691067006142527,6,19,0,0,0.046622334007921644,0.02541348984027521,0.055029467074996355,0.0015887265070082817,0.21402707371899496,92.04,40.13153373595382,32,208,0.43602274810901587,2301,0.026761994309482992,0.1240840140768436,-0.3294572344743366,0.4181343335415891
1,-0.5,high,True,-0.8626071789568275,0.16000000000000014,-0.32237213062262443,-0.38691067006142527,6,19,0,0,0.046622334007921644,0.02541348984027521,0.055029467074996355,0.0015887265070082817,0.21402707371899496,92.04,40.13153373595382,32,208,0.43602274810901587,2301,0.11729601147977736,0.27009777481970754,-0.20076416666638092,0.8014477158956322
1,0.0,low,True,-0.3694836739818111,0.2266666666666668,-0.18717548294158098,-0.1555342395072794,6,19,0,0,0.04614469293646842,0.02547225900698747,0.05273521642502344,0.0017700597645232152,0.1800467232357872,92.04,40.13153373595382,32,208,0.43602274810901587,2301,0.026761006959231056,0.12413842143633316,-0.3269781320377587,0.41818792526188675
1,0.0,high,True,-0.3694836739818111,0.2266666666666668,-0.18717548294158098,-0.1555342395072794,6,19,0,0,0.04614469293646842,0.02547225900698747,0.05273521642502344,0.0017700597645232152,0.1800467232357872,92.04,40.13153373595382,32,208,0.43602274810901587,2301,0.1173168601212203,0.2701536510790065,-0.2009796571735464,0.80138805918353
1,0.5,low,True,0.13857000332139457,0.26666666666666683,-0.03062210744811092,0.02925891634295355,7,18,0,0,0.046808571474628524,0.024304628915528818,0.05341250500433869,0.0014357674626214905,0.22634219029560326,92.04,40.13153373595382,32,208,0.43602274810901587,2301,0.02684315682065287,0.12419516655341398,-0.3235195207409876,0.4182867494078359
1,0.5,high,True,0.13857000332139457,0.26666666666666683,-0.03062210744811092,0.02925891634295355,7,18,0,0,0.046808571474628524,0.024304628915528818,0.05341250500433869,0.0014357674626214905,0.22634219029560326,92.04,40.13153373595382,32,208,0.43602274810901587,2301,0.11737872266826929,0.2701417023898903,-0.20108465549683371,0.8013115317591247
1,1.0,low,True,0.6625398014638143,0.31333333333333346,0.1334516473842605,0.2590954039316808,9,16,0,0,0.04888259531653824,0.0292193842092633,0.05623957295522552,0.001344880630101164,0.26926338434300595,92.04,40.13153373595382,32,208,0.43602274810901587,2301,0.02704230912154145,0.12424036632350186,-0.3193151200715143,0.41847919435647285
1,1.0,high,True,0.6625398014638143,0.31333333333333346,0.1334516473842605,0.2590954039316808,9,16,0,0,0.04888259531653824,0.0292193842092633,0.05623957295522552,0.001344880630101164,0.26926338434300595,92.04,40.13153373595382,32,208,0.43602274810901587,2301,0.11752133968244247,0.27006630920016167,-0.20112633915115954,0.8012263884628125
1,1.5,low,True,1.2061788342318835,0.31333333333333346,0.3183145253056535,0.4746874190902859,9,16,0,0,0.0530787767012732,0.04040131598022266,0.059274700680920854,0.0015049618900612423,0.2992048757435934,92.04,40.13153373595382,32,208,0.43602274810901587,2301,0.02745579474525817,0.12427033714046141,-0.3150673687369269,0.41888843614943244
1,1.5,high,True,1.2061788342318835,0.31333333333333346,0.3183145253056535,0.4746874190902859,9,16,0,0,0.0530787767012732,0.04040131598022266,0.059274700680920854,0.0015049618900612423,0.2992048757435934,92.04,40.13153373595382,32,208,0.43602274810901587,2301,0.11785644795133952,0.26994369782652006,-0.201115619583433,0.801176941265954
1,2.0,low,True,1.7806641601673578,0.26666666666666683,0.5958672336380487,0.7391726234009318,10,15,0,0,0.061822165762484005,0.04343530385407853,0.061798068234304934,0.0022258828490456877,0.29874991167035153,92.04,40.13153373595382,32,208,0.43602274810901587,2301,0.02840637855381825,0.12424123771733767,-0.3114220467916937,0.4199000603425751
1,2.0,high,True,1.7806641601673578,0.26666666666666683,0.5958672336380487,0.7391726234009318,10,15,0,0,0.061822165762484005,0.04343530385407853,0.061798068234304934,0.0022258828490456877,0.29874991167035153,92.04,40.13153373595382,32,208,0.43602274810901587,2301,0.11869804528506732,0.2696818551361728,-0.20102481910475076,0.8013540521109196
2,-0.5,low,True,-0.47744989919093067,0.20000000000000018,-0.19672779191963707,-0.24043085653448706,9,16,0,0,0.07930721775246466,0.04119150797503507,0.08884100948406519,0.004424578836674302,0.36856037127105434,87.28,47.40035161613607,30,224,0.5430837719538963,2182,0.024008014346734486,0.1422746498228178,-0.3253255151473492,0.37471985917356754
2,-0.5,high,True,-0.47744989919093067,0.20000000000000018,-0.19672779191963707,-0.24043085653448706,9,16,0,0,0.07930721775246466,0.04119150797503507,0.08884100948406519,0.004424578836674302,0.36856037127105434,87.28,47.40035161613607,30,224,0.5430837719538963,2182,0.1115583244200454,0.27465889295429763,-0.24263712753029024,0.7768309219712279
2,0.0,low,True,0.021591774856422028,0.26666666666666683,-0.011513180406991903,0.03000577089550399,10,15,0,0,0.07868009196766156,0.03406682026006058,0.0880483338160111,0.004224055422515908,0.3584865784288774,87.28,47.40035161613607,30,224,0.5430837719538963,2182,0.023905405656927153,0.1423313119655031,-0.331467528245458,0.38083091086769655
2,0.0,high,True,0.021591774856422028,0.26666666666666683,-0.011513180406991903,0.03000577089550399,10,15,0,0,0.07868009196766156,0.03406682026006058,0.0880483338160111,0.004224055422515908,0.3584865784288774,87.28,47.40035161613607,30,224,0.5430837719538963,2182,0.11145416857535084,0.27492227690925297,-0.2445661938822803,0.7815067005184824
2,0.5,low,True,0.5197609640223626,0.3400000000000002,0.19533287594879845,0.2538949845004184,10,15,0,0,0.07967377161440592,0.04242778485312683,0.08885989399017882,0.00445610070117607,0.32200886435445364,87.28,47.40035161613607,30,224,0.5430837719538963,2182,0.023995672352710627,0.1423226604014022,-0.3346291139413532,0.38691161662344525
2,0.5,high,True,0.5197609640223626,0.3400000000000002,0.19533287594879845,0.2538949845004184,10,15,0,0,0.07967377161440592,0.04242778485312683,0.08885989399017882,0.00445610070117607,0.32200886435445364,87.28,47.40035161613607,30,224,0.5430837719538963,2182,0.11149138087448303,0.27507014220752407,-0.24966249933336931,0.78671408540365
2,1.0,low,True,1.0170000517468931,0.28666666666666685,0.42834483027465275,0.42892864805752495,10,15,0,0,0.08243779263476496,0.04453692012813345,0.09219070278066421,0.005228919936397772,0.32242977985971605,87.28,47.40035161613607,30,224,0.5430837719538963,2182,0.02432064831613581,0.14227685293318834,-0.3362034818793694,0.39045810484401683
2,1.0,high,True,1.0170000517468931,0.28666666666666685,0.42834483027465275,0.42892864805752495,10,15,0,0,0.08243779263476496,0.04453692012813345,0.09219070278066421,0.005228919936397772,0.32242977985971605,87.28,47.40035161613607,30,224,0.5430837719538963,2182,0.11168781068788969,0.27502144235555953,-0.25630078413738966,0.7896512113790617
2,1.5,low,True,1.513089714705077,0.26666666666666683,0.6682389928296859,0.6224274013964801,11,14,0,0,0.08747788243971293,0.035596657264713547,0.10177387228194884,0.00666895609115092,0.33907588898297447,87.28,47.40035161613607,30,224,0.5430837719538963,2182,0.02496160750393524,0.14218985100185577,-0.3369665920494776,0.38900507079626495
2,1.5,high,True,1.513089714705077,0.26666666666666683,0.6682389928296859,0.6224274013964801,11,14,0,0,0.08747788243971293,0.035596657264713547,0.10177387228194884,0.00666895609115092,0.33907588898297447,87.28,47.40035161613607,30,224,0.5430837719538963,2182,0.11204228809253332,0.2745771440423734,-0.2628666418297605,0.7874985750595127
2,2.0,low,True,2.0073767913404397,0.17333333333333345,0.8548355345949497,0.7593768172785241,10,15,0,0,0.0957618369427929,0.034431629885465366,0.12474010404755513,0.008641955546314013,0.5203823145874866,87.28,47.40035161613607,30,224,0.5430837719538963,2182,0.026037521551148347,0.14201395141786255,-0.33732870307014085,0.3810758731993499
2,2.0,high,True,2.0073767913404397,0.17333333333333345,0.8548355345949497,0.7593768172785241,10,15,0,0,0.0957618369427929,0.034431629885465366,0.12474010404755513,0.008641955546314013,0.5203823145874866,87.28,47.40035161613607,30,224,0.5430837719538963,2182,0.11242230939095814,0.27321788909454986,-0.26830592171511636,0.7794543649260274
3,-0.5,low,True,-0.5378196861290157,0.16666666666666685,-0.22716585180722892,-0.23239709300074873,13,12,0,1,0.14202781473596104,0.053917713762200135,0.22646817261468663,0.011092882036658758,0.95,97.48,44.94915646223705,27,182,0.4611115763462972,2437,0.047992392788571044,0.13303782887069748,-0.28342423833620445,0.6582094656427081
3,-0.5,high,True,-0.5378196861290157,0.16666666666666685,-0.22716585180722892,-0.23239709300074873,13,12,0,1,0.14202781473596104,0.053917713762200135,0.22646817261468663,0.011092882036658758,0.95,97.48,44.94915646223705,27,182,0.4611115763462972,2437,0.14122707409027982,0.2523196878625265,-0.1871533307238917,0.7976027522101009
3,0.0,low,True,-0.03958170583148561,0.22000000000000008,-0.16946703164899501,-0.00692574118214152,15,10,0,1,0.15057641193011648,0.06519968201877809,0.23527738283601513,0.00830378821285117,0.95,97.48,44.94915646223705,27,182,0.4611115763462972,2437,0.05005369928037767,0.1345075417465257,-0.2832640857359692,0.714135811193168
3,0.0,high,True,-0.03958170583148561,0.22000000000000008,-0.16946703164899501,-0.00692574118214152,15,10,0,1,0.15057641193011648,0.06519968201877809,0.23527738283601513,0.00830378821285117,0.95,97.48,44.94915646223705,27,182,0.4611115763462972,2437,0.14262393390113898,0.25156102068006825,-0.1907068081121625,0.8419941270179174
3,0.5,low,True,0.45427751271736455,0.28666666666666685,-0.10869951968689837,0.2023855478781355,14,11,0,1,0.15629444610877755,0.0790668806338745,0.23423906086864324,0.006586847678740767,0.95,97.48,44.94915646223705,27,182,0.4611115763462972,2437,0.051836918470642715,0.13512638024106843,-0.2828908714013658,0.697290596858247
3,0.5,high,True,0.45427751271736455,0.28666666666666685,-0.10869951968689837,0.2023855478781355,14,11,0,1,0.15629444610877755,0.0790668806338745,0.23423906086864324,0.006586847678740767,0.95,97.48,44.94915646223705,27,182,0.4611115763462972,2437,0.14424934149505741,0.2510198642620682,-0.19669408323132062,0.828837404701792
3,1.0,low,True,0.9434688078433532,0.26666666666666683,-0.030470320077628045,0.38514816240687005,16,9,0,1,0.15895820121144794,0.0813684505939577,0.2233898206859427,0.00564502117531405,0.95,97.48,44.94915646223705,27,182,0.4611115763462972,2437,0.05312531862411783,0.13466583585536362,-0.28222599443115254,0.6084791299286672
3,1.0,high,True,0.9434688078433532,0.26666666666666683,-0.030470320077628045,0.38514816240687005,16,9,0,1,0.15895820121144794,0.0813684505939577,0.2233898206859427,0.00564502117531405,0.95,97.48,44.94915646223705,27,182,0.4611115763462972,2437,0.14589345280845692,0.25068396664212134,-0.2038598256705589,0.7837821547256791
3,1.5,low,True,1.4268914560769024,0.2266666666666668,0.08440743328778931,0.5498268971822351,17,8,0,1,0.15951109647399195,0.08759720115438926,0.20783889281793846,0.005323043849906127,0.95,97.48,44.94915646223705,27,182,0.4611115763462972,2437,0.05385566647956478,0.13380338986369877,-0.28111489259587263,0.4788416336544722
3,1.5,high,True,1.4268914560769024,0.2266666666666668,0.08440743328778931,0.5498268971822351,17,8,0,1,0.15951109647399195,0.08759720115438926,0.20783889281793846,0.005323043849906127,0.95,97.48,44.94915646223705,27,182,0.4611115763462972,2437,0.14715091078224074,0.2504524509991924,-0.2107752285853666,0.7823973472393094
3,2.0,low,True,1.940532607353575,0.14666666666666683,0.5178049551037639,0.6679492606776488,16,9,0,0,0.1394301971578306,0.12460946097526988,0.125230828808685,0.005831054972475972,0.43484760610601475,97.48,44.94915646223705,27,182,0.4611115763462972,2437,0.05188219627608592,0.13326271160800898,-0.27930451223905683,0.5027070065387366
3,2.0,high,True,1.940532607353575,0.14666666666666683,0.5178049551037639,0.6679492606776488,16,9,0,0,0.1394301971578306,0.12460946097526988,0.125230828808685,0.005831054972475972,0.43484760610601475,97.48,44.94915646223705,27,182,0.4611115763462972,2437,0.15013979639708122,0.25565029771632214,-0.21633732873901015,0.7921469047335699
4,-0.5,low,True,-0.4277486466308304,0.26666666666666683,-0.3338566555163741,-0.38853626415973114,11,14,0,0,0.07100499665410571,0.033918509777582026,0.07242799905131647,0.007899373967192732,0.28056151720133654,90.76,40.5136602477074,14,199,0.4463823297455641,2269,0.027993489171960886,0.12916845023436707,-0.3158673287615309,0.3470685252435323
4,-0.5,high,True,-0.4277486466308304,0.26666666666666683,-0.3338566555163741,-0.38853626415973114,11,14,0,0,0.07100499665410571,0.033918509777582026,0.07242799905131647,0.007899373967192732,0.28056151720133654,90.76,40.5136602477074,14,199,0.4463823297455641,2269,0.12017349450428043,0.2686277448790349,-0.22278300258324008,0.7641050226829625
4,0.0,low,True,0.07105763664417682,0.29333333333333345,-0.21649492959664945,-0.18849779152303786,10,15,0,0,0.07121953299173303,0.0366696381836025,0.07109336874770797,0.007368445078134647,0.29124295345264073,90.76,40.5136602477074,14,199,0.4463823297455641,2269,0.028046826554303905,0.12918281997444395,-0.31723152018164663,0.3466877088831475
4,0.0,high,True,0.07105763664417682,0.29333333333333345,-0.21649492959664945,-0.18849779152303786,10,15,0,0,0.07121953299173303,0.0366696381836025,0.07109336874770797,0.007368445078134647,0.29124295345264073,90.76,40.5136602477074,14,199,0.4463823297455641,2269,0.12022951232882742,0.26863704779972086,-0.22119753284838767,0.7628397676173031
4,0.5,low,True,0.5669926083158916,0.28000000000000014,-0.08917496265363936,0.020388536634124505,11,14,0,0,0.07155841261040875,0.04090639579927464,0.06766436811005043,0.0033007759349335483,0.2815522101160868,90.76,40.5136602477074,14,199,0.4463823297455641,2269,0.02813141710077847,0.12920217026820985,-0.31799606247559997,0.34644559643207934
4,0.5,high,True,0.5669926083158916,0.28000000000000014,-0.08917496265363936,0.020388536634124505,11,14,0,0,0.07155841261040875,0.04090639579927464,0.06766436811005043,0.0033007759349335483,0.2815522101160868,90.76,40.5136602477074,14,199,0.4463823297455641,2269,0.1203540729166323,0.2686658897778274,-0.2183551272286942,0.7618527746829242
4,1.0,low,True,1.0598666546720432,0.2466666666666668,0.08581068143193137,0.1904212383753138,14,11,0,0,0.07224458193185854,0.05328793036632994,0.06199984606565407,0.0016057522251202562,0.25228795634851836,90.76,40.5136602477074,14,199,0.4463823297455641,2269,0.028283571862657488,0.12920316690481037,-0.318430692871811,0.3464870735736354
4,1.0,high,True,1.0598666546720432,0.2466666666666668,0.08581068143193137,0.1904212383753138,14,11,0,0,0.07224458193185854,0.05328793036632994,0.06199984606565407,0.0016057522251202562,0.25228795634851836,90.76,40.5136602477074,14,199,0.4463823297455641,2269,0.1205716439392045,0.2686992527901314,-0.2131178412596238,0.761469490459129
4,1.5,low,True,1.514195866925467,0.2400000000000001,0.3710821743560641,0.4016157027552073,16,9,1,0,0.07416008119458808,0.05824809417273237,0.056121587951495494,0.001,0.20582333037733078,90.76,40.5136602477074,14,199,0.4463823297455641,2269,0.028627289651122906,0.12908706072139434,-0.3186644712565403,0.34696470165501514
4,1.5,high,True,1.514195866925467,0.2400000000000001,0.3710821743560641,0.4016157027552073,16,9,1,0,0.07416008119458808,0.05824809417273237,0.056121587951495494,0.001,0.20582333037733078,90.76,40.5136602477074,14,199,0.4463823297455641,2269,0.12095598258880282,0.2686248719131883,-0.20309392747435004,0.7620406059646554
4,2.0,low,True,1.8873987516101816,0.28000000000000014,0.7595378926840999,0.6635891640351844,16,9,1,0,0.07957348467678999,0.06420075782462642,0.05950764760093732,0.001,0.2200146713503695,90.76,40.5136602477074,14,199,0.4463823297455641,2269,0.029499920036675675,0.12855905650488944,-0.3187574623999771,0.3480136511237289
4,2.0,high,True,1.8873987516101816,0.28000000000000014,0.7595378926840999,0.6635891640351844,16,9,1,0,0.07957348467678999,0.06420075782462642,0.05950764760093732,0.001,0.2200146713503695,90.76,40.5136602477074,14,199,0.4463823297455641,2269,0.12169225319676907,0.26809268533458375,-0.19522168160015857,0.7639016345230786
5,-0.5,low,True,0.24538544880207724,0.3600000000000002,0.2047609173392045,0.11463743239564345,13,12,0,0,0.1350459311734794,0.0552197528924492,0.21135408124552754,0.003309137817786637,0.7418341877946174,81.88,33.612150580804354,33,174,0.4105050144211572,2047,0.052235016828661364,0.13737650616450459,-0.3762238763474424,0.5233560623316095
5,-0.5,high,True,0.24538544880207724,0.3600000000000002,0.2047609173392045,0.11463743239564345,13,12,0,0,0.1350459311734794,0.0552197528924492,0.21135408124552754,0.003309137817786637,0.7418341877946174,81.88,33.612150580804354,33,174,0.4105050144211572,2047,0.13664397408033183,0.2677979845735199,-0.27396271581528364,0.7887119603837667
5,0.0,low,True,0.7612816005860809,0.30666666666666687,0.28650818585091176,0.34275822907556486,13,12,0,1,0.1509320814177947,0.05469606592133432,0.2633089205899269,0.003566424800418017,0.95,81.88,33.612150580804354,33,174,0.4105050144211572,2047,0.053722607261898515,0.14055784528391507,-0.37422779925564004,0.8490267918108889
5,0.0,high,True,0.7612816005860809,0.30666666666666687,0.28650818585091176,0.34275822907556486,13,12,0,1,0.1509320814177947,0.05469606592133432,0.2633089205899269,0.003566424800418017,0.95,81.88,33.612150580804354,33,174,0.4105050144211572,2047,0.13323077513978343,0.26323218413111393,-0.2720849434868294,0.8535116167148701
5,0.5,low,True,1.2230979916607554,0.3021693113575843,0.33206034649779476,0.5238553289726818,14,11,0,2,0.15261129040098273,0.061348130148397274,0.2715589699218656,0.004276503870464811,0.95,81.88,33.612150580804354,33,174,0.4105050144211572,2047,0.05327152621945299,0.1411362464691159,-0.3719268273813439,0.9034653167701099
5,0.5,high,True,1.2230979916607554,0.3021693113575843,0.33206034649779476,0.5238553289726818,14,11,0,2,0.15261129040098273,0.061348130148397274,0.2715589699218656,0.004276503870464811,0.95,81.88,33.612150580804354,33,174,0.4105050144211572,2047,0.131688507010089,0.2625208034672632,-0.2699411968336094,0.9065665649778771
5,1.0,low,True,1.6683260041742125,0.2400000000000001,0.38872957959431353,0.6105020309123697,14,11,0,1,0.14926935172630595,0.054686697971206906,0.26290783212776797,0.005745690907693856,0.95,81.88,33.612150580804354,33,174,0.4105050144211572,2047,0.053251833574839785,0.13915626190786348,-0.369363921649741,0.8593629547682334
5,1.0,high,True,1.6683260041742125,0.2400000000000001,0.38872957959431353,0.6105020309123697,14,11,0,1,0.14926935172630595,0.054686697971206906,0.26290783212776797,0.005745690907693856,0.95,81.88,33.612150580804354,33,174,0.4105050144211572,2047,0.13264349727188368,0.2624602341811851,-0.2675981421000849,0.8636260307990532
5,1.5,low,True,2.091877984512675,0.14666666666666683,0.4714949729666897,0.7178303652693647,13,12,0,1,0.14015744545396008,0.058988895456738064,0.23697036121988777,0.007908336582336646,0.95,81.88,33.612150580804354,33,174,0.4105050144211572,2047,0.05285503295560036,0.1351144859966866,-0.3667220131224109,0.6980508560334945
5,1.5,high,True,2.091877984512675,0.14666666666666683,0.4714949729666897,0.7178303652693647,13,12,0,1,0.14015744545396008,0.058988895456738064,0.23697036121988777,0.007908336582336646,0.95,81.88,33.612150580804354,33,174,0.4105050144211572,2047,0.13438518849304845,0.26293943167143446,-0.2652601589235455,0.7904619594240152
5,2.0,low,True,2.4639383298691486,0.1066666666666668,0.6038342672971924,0.8063089204740559,11,14,0,0,0.12162263981308387,0.04594924646337854,0.18611920928467443,0.006663349957872746,0.819905535603605,81.88,33.612150580804354,33,174,0.4105050144211572,2047,0.05084970387685514,0.13226406167480426,-0.3646063405525712,0.3972573027502123
5,2.0,high,True,2.4639383298691486,0.1066666666666668,0.6038342672971924,0.8063089204740559,11,14,0,0,0.12162263981308387,0.04594924646337854,0.18611920928467443,0.006663349957872746,0.819905535603605,81.88,33.612150580804354,33,174,0.4105050144211572,2047,0.1361742020946826,0.2659210979698355,-0.26351959222789356,0.7908580683642261
6,-0.5,low,True,0.04360472645265507,0.32666666666666677,0.04252251011381384,-0.04078492029483339,11,14,0,0,0.06822938245101835,0.04269181683820766,0.07630715894063324,0.004287926492685854,0.3429940603030527,109.12,77.55660298560444,44,314,0.71074599510268,2728,0.033678111052379264,0.1353448707356067,-0.2874017134627327,0.4061880681894287
6,-0.5,high,True,0.04360472645265507,0.32666666666666677,0.04252251011381384,-0.04078492029483339,11,14,0,0,0.06822938245101835,0.04269181683820766,0.07630715894063324,0.004287926492685854,0.3429940603030527,109.12,77.55660298560444,44,314,0.71074599510268,2728,0.12681861057143318,0.2683567556603056,-0.19555334099888824,0.7896672465820009
6,0.0,low,True,0.5547923670217976,0.32666666666666677,0.4980350442156423,0.19161217270591538,11,14,0,0,0.07835871578235508,0.03882339049730044,0.08558584342651257,0.0034561919114617303,0.2753203031422777,109.12,77.55660298560444,44,314,0.71074599510268,2728,0.034868587853337324,0.13561542322710432,-0.2873310177822687,0.40118848124808715
6,0.0,high,True,0.5547923670217976,0.32666666666666677,0.4980350442156423,0.19161217270591538,11,14,0,0,0.07835871578235508,0.03882339049730044,0.08558584342651257,0.0034561919114617303,0.2753203031422777,109.12,77.55660298560444,44,314,0.71074599510268,2728,0.12765338010030575,0.26828799292872213,-0.19548063163760224,0.7904694575633737
6,0.5,low,True,1.0435618434627798,0.2333333333333335,0.7738100409393673,0.32012314797454133,10,15,0,0,0.09986975779496482,0.03504569538756666,0.1391509183862639,0.003103394056637894,0.5078827268325509,109.12,77.55660298560444,44,314,0.71074599510268,2728,0.03721352613109799,0.13630541228646928,-0.2872241238580535,0.4298343063544615
6,0.5,high,True,1.0435618434627798,0.2333333333333335,0.7738100409393673,0.32012314797454133,10,15,0,0,0.09986975779496482,0.03504569538756666,0.1391509183862639,0.003103394056637894,0.5078827268325509,109.12,77.55660298560444,44,314,0.71074599510268,2728,0.12822227996777055,0.26605976691813316,-0.19529654295592863,0.7907565997687266
6,1.0,low,True,1.5084327203823464,0.2266666666666668,0.8513810834332266,0.49749907491716583,11,14,0,0,0.13795392585803687,0.04672695578594107,0.2464524840108455,0.003126518119327592,0.9241320904861973,109.12,77.55660298560444,44,314,0.71074599510268,2728,0.040814559415029567,0.1413357085623673,-0.2870721124791087,0.7882034755111368
6,1.0,high,True,1.5084327203823464,0.2266666666666668,0.8513810834332266,0.49749907491716583,11,14,0,0,0.13795392585803687,0.04672695578594107,0.2464524840108455,0.003126518119327592,0.9241320904861973,109.12,77.55660298560444,44,314,0.71074599510268,2728,0.12445173599968337,0.2601355443170059,-0.19477567735221366,0.7971217442940253
6,1.5,low,True,1.8276498519290236,0.24874686629405007,0.8745769775166281,0.6480662040311775,13,12,0,2,0.15654341679076578,0.05310728884271876,0.2866175874059804,0.00363125434181214,0.95,109.12,77.55660298560444,44,314,0.71074599510268,2728,0.04286359650388902,0.1486557742207717,-0.2868566965852745,0.919489820187598
6,1.5,high,True,1.8276498519290236,0.24874686629405007,0.8745769775166281,0.6480662040311775,13,12,0,2,0.15654341679076578,0.05310728884271876,0.2866175874059804,0.00363125434181214,0.95,109.12,77.55660298560444,44,314,0.71074599510268,2728,0.12162089975377877,0.259897210965916,-0.19468862771303766,0.9091367975361139
6,2.0,low,True,2.1022342745248137,0.21942063014867874,0.9001570948242832,0.8375048753348816,13,12,0,3,0.16895936579171397,0.050329566749921985,0.29965231860803726,0.005271399076663874,0.95,109.12,77.55660298560444,44,314,0.71074599510268,2728,0.04495359367883434,0.1525544020195711,-0.2865332186867702,0.9322030382048904
6,2.0,high,True,2.1022342745248137,0.21942063014867874,0.9001570948242832,0.8375048753348816,13,12,0,3,0.16895936579171397,0.050329566749921985,0.29965231860803726,0.005271399076663874,0.95,109.12,77.55660298560444,44,314,0.71074599510268,2728,0.12138228184811155,0.2605677703227394,-0.19449221510068967,0.9704362207123718
7,-0.5,low,True,-0.8259739898256971,0.2400000000000001,-0.4336604067984357,-0.43187079771520276,12,13,0,0,0.06719032919680228,0.043043094783766896,0.06481763660338202,0.004221675397465772,0.26125421855460124,94.68,50.78198499468094,28,224,0.5363538761584383,2367,0.03167014241242651,0.1375015735317109,-0.4570415407665667,0.4294252741538321
7,-0.5,high,True,-0.8259739898256971,0.2400000000000001,-0.4336604067984357,-0.43187079771520276,12,13,0,0,0.06719032919680228,0.043043094783766896,0.06481763660338202,0.004221675397465772,0.26125421855460124,94.68,50.78198499468094,28,224,0.5363538761584383,2367,0.12493051787075485,0.2729806453740552,-0.2129968009356156,0.7986146297909956
7,0.0,low,True,-0.33193235812792493,0.2400000000000001,-0.18388956785391386,-0.2640493469096516,13,12,0,0,0.06420006519901922,0.06278956074538078,0.06170271716264146,0.0047776340645453,0.2938315684645622,94.68,50.78198499468094,28,224,0.5363538761584383,2367,0.03134686880256349,0.13750624188025093,-0.4560455918726939,0.4305705066343009
7,0.0,high,True,-0.33193235812792493,0.2400000000000001,-0.18388956785391386,-0.2640493469096516,13,12,0,0,0.06420006519901922,0.06278956074538078,0.06170271716264146,0.0047776340645453,0.2938315684645622,94.68,50.78198499468094,28,224,0.5363538761584383,2367,0.12465379733421988,0.2731081774801306,-0.21211302735741885,0.8007921451551494
7,0.5,low,True,0.17552206459994915,0.42666666666666675,0.07005834350425999,0.18398773735104001,12,13,0,0,0.0648003082576198,0.04980378239785317,0.06356017397950837,0.005756042793427726,0.30764828203948064,94.68,50.78198499468094,28,224,0.5363538761584383,2367,0.031425867768898025,0.13743741750852145,-0.4545022675603055,0.43101848231013773
7,0.5,high,True,0.17552206459994915,0.42666666666666675,0.07005834350425999,0.18398773735104001,12,13,0,0,0.0648003082576198,0.04980378239785317,0.06356017397950837,0.005756042793427726,0.30764828203948064,94.68,50.78198499468094,28,224,0.5363538761584383,2367,0.12468697345909466,0.2729842775599697,-0.2109090481763488,0.8016452955008784
7,1.0,low,True,0.6972750230803655,0.5466666666666667,0.32596921269836454,0.5204004621309751,14,11,0,0,0.06882893459769797,0.05193389107054693,0.06670608117399374,0.00670686089969352,0.2984551340781225,94.68,50.78198499468094,28,224,0.5363538761584383,2367,0.03192567353147229,0.13728496292717995,-0.4521197045856302,0.4309936633442109
7,1.0,high,True,0.6972750230803655,0.5466666666666667,0.32596921269836454,0.5204004621309751,14,11,0,0,0.06882893459769797,0.05193389107054693,0.06670608117399374,0.00670686089969352,0.2984551340781225,94.68,50.78198499468094,28,224,0.5363538761584383,2367,0.1251004216183869,0.2727180213192314,-0.20925048652459466,0.8015916550519909
7,1.5,low,True,1.2366981951361302,0.3933333333333334,0.6044599460159461,0.7201695744430876,12,13,0,0,0.07696316034560576,0.042030956062109666,0.07291218270843411,0.004580822580712889,0.26348720896532096,94.68,50.78198499468094,28,224,0.5363538761584383,2367,0.03300377259206983,0.1369676938900182,-0.4484579304828393,0.43033989840427156
7,1.5,high,True,1.2366981951361302,0.3933333333333334,0.6044599460159461,0.7201695744430876,12,13,0,0,0.07696316034560576,0.042030956062109666,0.07291218270843411,0.004580822580712889,0.26348720896532096,94.68,50.78198499468094,28,224,0.5363538761584383,2367,0.12601336638461774,0.2721722679271276,-0.20693444996975818,0.8003336044005688
7,2.0,low,True,1.8038326939745393,0.17333333333333345,0.8442751962472548,0.8552735405732446,13,12,0,0,0.09166030902140675,0.05351117533855867,0.092310552640775,0.003425145896834476,0.3252382362663056,94.68,50.78198499468094,28,224,0.5363538761584383,2367,0.03516645380629567,0.1363381531308591,-0.44284714797152264,0.4279488576159315
7,2.0,high,True,1.8038326939745393,0.17333333333333345,0.8442751962472548,0.8552735405732446,13,12,0,0,0.09166030902140675,0.05351117533855867,0.092310552640775,0.003425145896834476,0.3252382362663056,94.68,50.78198499468094,28,224,0.5363538761584383,2367,0.12768163489608583,0.2706977690116285,-0.20363367616102385,0.7957835337383232
8,-0.5,low,True,-0.024941902150859785,0.19333333333333347,-0.0778819407598302,-0.033467975229600606,14,11,0,1,0.14323179095810468,0.07513172332417709,0.2241719219462497,0.0037324803512473618,0.95,76.16,23.985551206229694,28,113,0.3149363341154109,1904,0.03614625462725007,0.13853904407490503,-0.2986737531710482,0.7819940016259317
8,-0.5,high,True,-0.024941902150859785,0.19333333333333347,-0.0778819407598302,-0.033467975229600606,14,11,0,1,0.14323179095810468,0.07513172332417709,0.2241719219462497,0.0037324803512473618,0.95,76.16,23.985551206229694,28,113,0.3149363341154109,1904,0.11776731411815192,0.26642147983039854,-0.2505142259735333,0.875345742420003
8,0.0,low,True,0.4816789290573766,0.18666666666666687,-0.02638705262610125,0.12002308358201597,14,11,0,1,0.14310549631511063,0.06547382556897222,0.22377795841908454,0.004005888115583085,0.95,76.16,23.985551206229694,28,113,0.3149363341154109,1904,0.036106291492205525,0.13868456775437157,-0.2928557691120212,0.7751438757829862
8,0.0,high,True,0.4816789290573766,0.18666666666666687,-0.02638705262610125,0.12002308358201597,14,11,0,1,0.14310549631511063,0.06547382556897222,0.22377795841908454,0.004005888115583085,0.95,76.16,23.985551206229694,28,113,0.3149363341154109,1904,0.11776043790493676,0.26656582100281906,-0.2507640093790319,0.869839650740605
8,0.5,low,True,0.9685652265140987,0.17333333333333345,0.03036335763637618,0.23927678842312153,14,11,0,0,0.13675628894202585,0.07456904152437407,0.20593354344350723,0.004628971402125468,0.8891674352023327,76.16,23.985551206229694,28,113,0.3149363341154109,1904,0.034685875468648306,0.13816594848673688,-0.288126675180656,0.694101785424439
8,0.5,high,True,0.9685652265140987,0.17333333333333345,0.03036335763637618,0.23927678842312153,14,11,0,0,0.13675628894202585,0.07456904152437407,0.20593354344350723,0.004628971402125468,0.8891674352023327,76.16,23.985551206229694,28,113,0.3149363341154109,1904,0.1179170005225752,0.26844143109918633,-0.25090148096838577,0.8509114748159573
8,1.0,low,True,1.4348853030769455,0.18666666666666687,0.11430747571986509,0.37968840863926206,14,11,0,0,0.12230465332027825,0.08023281317235156,0.1646778921674063,0.004171197535869115,0.7074051070612425,76.16,23.985551206229694,28,113,0.3149363341154109,1904,0.03164904896991498,0.13755594890063672,-0.2856589616787771,0.5512011815346705
8,1.0,high,True,1.4348853030769455,0.18666666666666687,0.11430747571986509,0.37968840863926206,14,11,0,0,0.12230465332027825,0.08023281317235156,0.1646778921674063,0.004171197535869115,0.7074051070612425,76.16,23.985551206229694,28,113,0.3149363341154109,1904,0.11745023228480325,0.27210917767138815,-0.2509792977362041,0.8274814516727643
8,1.5,low,True,1.8755728343537377,0.14666666666666683,0.2584329612936156,0.4700904106962292,15,10,0,0,0.10351545780501363,0.06296118407441906,0.11618654000939141,0.004221568777656972,0.48027345731307175,76.16,23.985551206229694,28,113,0.3149363341154109,1904,0.02807311450398491,0.13752663982843175,-0.2868152185159935,0.44977266422278256
8,1.5,high,True,1.8755728343537377,0.14666666666666683,0.2584329612936156,0.4700904106962292,15,10,0,0,0.10351545780501363,0.06296118407441906,0.11618654000939141,0.004221568777656972,0.48027345731307175,76.16,23.985551206229694,28,113,0.3149363341154109,1904,0.11579561760938858,0.2754042192980903,-0.2510211426844617,0.8115746094683732
8,2.0,low,True,2.276062105679467,0.16666666666666685,0.5212430910005557,0.6432006274010599,14,11,0,0,0.08272735577485245,0.06145686772000503,0.07283481463505873,0.003897432086378723,0.25428021433954306,76.16,23.985551206229694,28,113,0.3149363341154109,1904,0.024621464714393748,0.13801774693363777,-0.29315148564569243,0.45029720670563
8,2.0,high,True,2.276062105679467,0.16666666666666685,0.5212430910005557,0.6432006274010599,14,11,0,0,0.08272735577485245,0.06145686772000503,0.07283481463505873,0.003897432086378723,0.25428021433954306,76.16,23.985551206229694,28,113,0.3149363341154109,1904,0.11350711317922095,0.27768748981687974,-0.2510328542147236,0.8112893250185845
9,-0.5,low,True,-1.2194911980230523,0.18000000000000016,-0.4319625236273466,-0.6475568005302321,14,11,0,0,0.10463527252876084,0.06609635623859574,0.1059005705488146,0.01018150977734342,0.3972545249507065,91.64,58.5511741983028,29,285,0.6389259515310214,2291,0.024597043203289683,0.1325430691978971,-0.3046549600829455,0.41618454823930034
9,-0.5,high,True,-1.2194911980230523,0.18000000000000016,-0.4319625236273466,-0.6475568005302321,14,11,0,0,0.10463527252876084,0.06609635623859574,0.1059005705488146,0.01018150977734342,0.3972545249507065,91.64,58.5511741983028,29,285,0.6389259515310214,2291,0.1157236498326588,0.26730903500587366,-0.20273591732872398,0.8033405961936441
9,0.0,low,True,-0.731885817246299,0.20000000000000018,-0.32202753301289344,-0.5017314723062523,15,10,0,0,0.09732378026696294,0.05808716292220164,0.09604925563074054,0.012906693123937784,0.37049682155416486,91.64,58.5511741983028,29,285,0.6389259515310214,2291,0.023225773095502198,0.13251027611105862,-0.3107821269931734,0.4160245144004214
9,0.0,high,True,-0.731885817246299,0.20000000000000018,-0.32202753301289344,-0.5017314723062523,15,10,0,0,0.09732378026696294,0.05808716292220164,0.09604925563074054,0.012906693123937784,0.37049682155416486,91.64,58.5511741983028,29,285,0.6389259515310214,2291,0.11467921899359146,0.2682518167603886,-0.20262063585272255,0.8033739719897068
9,0.5,low,True,-0.21470624376358255,0.3466666666666668,-0.17291010261796905,-0.19507504329698613,14,11,0,0,0.09098927686915545,0.057155685394481494,0.08411602106263258,0.01728160501546634,0.31867828976981666,91.64,58.5511741983028,29,285,0.6389259515310214,2291,0.02215104999752602,0.13253590915820113,-0.31915287607431175,0.41571011812674397
9,0.5,high,True,-0.21470624376358255,0.3466666666666668,-0.17291010261796905,-0.19507504329698613,14,11,0,0,0.09098927686915545,0.057155685394481494,0.08411602106263258,0.01728160501546634,0.31867828976981666,91.64,58.5511741983028,29,285,0.6389259515310214,2291,0.11394685836361736,0.26913383902999455,-0.2025108656940011,0.8030953405792831
9,1.0,low,True,0.3340005227403131,0.4733333333333335,0.09011822293197348,0.2116198694543242,15,10,0,0,0.08671377260974278,0.06481130641879705,0.07143827757369592,0.017236151232459234,0.2514500755569392,91.64,58.5511741983028,29,285,0.6389259515310214,2291,0.021515489780414183,0.13249427918859522,-0.327568459079516,0.4152904883210069
9,1.0,high,True,0.3340005227403131,0.4733333333333335,0.09011822293197348,0.2116198694543242,15,10,0,0,0.08671377260974278,0.06481130641879705,0.07143827757369592,0.017236151232459234,0.2514500755569392,91.64,58.5511741983028,29,285,0.6389259515310214,2291,0.11359894859565399,0.2697439870806073,-0.20235060093221963,0.8025971677237539
9,1.5,low,True,0.9216687775921656,0.4866666666666667,0.5619291428718505,0.5598307455564395,14,11,0,0,0.0868018373302285,0.05208918446107613,0.06836586466116833,0.01608852854264439,0.22729252648157966,91.64,58.5511741983028,29,285,0.6389259515310214,2291,0.021611233017133025,0.1321250984293467,-0.33462378608038473,0.4147978159778745
9,1.5,high,True,0.9216687775921656,0.4866666666666667,0.5619291428718505,0.5598307455564395,14,11,0,0,0.0868018373302285,0.05208918446107613,0.06836586466116833,0.01608852854264439,0.22729252648157966,91.64,58.5511741983028,29,285,0.6389259515310214,2291,0.11376729881409955,0.2694976267422794,-0.20206182747280185,0.8019425755471301
9,2.0,low,True,1.5704384181711595,0.3200000000000002,0.9080624305668117,0.8149288790986522,15,10,0,0,0.0966635633573682,0.060458066722260125,0.10689391027178463,0.012236403679269798,0.48920843539504527,91.64,58.5511741983028,29,285,0.6389259515310214,2291,0.02328020870128534,0.13075998504596553,-0.3396024762146629,0.41426116151805953
9,2.0,high,True,1.5704384181711595,0.3200000000000002,0.9080624305668117,0.8149288790986522,15,10,0,0,0.0966635633573682,0.060458066722260125,0.10689391027178463,0.012236403679269798,0.48920843539504527,91.64,58.5511741983028,29,285,0.6389259515310214,2291,0.1146969173699245,0.2663257635037827,-0.20148329137430238,0.8011945971592432
10,-0.5,low,True,-0.5229864331138248,0.32666666666666677,-0.24184359025624044,-0.29874893529120994,15,10,0,0,0.1005121630752549,0.09336830977925478,0.11813068296090441,0.0037799876724108274,0.5711697843668877,85.56,51.434489077531104,24,219,0.6011511112380914,2139,0.03292410793289168,0.1366495153177787,-0.37152749092386655,0.38759781653640557
10,-0.5,high,True,-0.5229864331138248,0.32666666666666677,-0.24184359025624044,-0.29874893529120994,15,10,0,0,0.1005121630752549,0.09336830977925478,0.11813068296090441,0.0037799876724108274,0.5711697843668877,85.56,51.434489077531104,24,219,0.6011511112380914,2139,0.11634485158761704,0.2737374197810764,-0.24886464827260274,0.7734574586785159
10,0.0,low,True,-0.024990793541116663,0.40000000000000013,-0.007187470739669979,0.004619828896255824,18,7,0,0,0.0947762048048972,0.07221478579578117,0.10198355061523812,0.0031077459155961756,0.46113848479301023,85.56,51.434489077531104,24,219,0.6011511112380914,2139,0.03189150037242118,0.13755394851606692,-0.3713510919655979,0.38584058059986326
10,0.0,high,True,-0.024990793541116663,0.40000000000000013,-0.007187470739669979,0.004619828896255824,18,7,0,0,0.0947762048048972,0.07221478579578117,0.10198355061523812,0.0031077459155961756,0.46113848479301023,85.56,51.434489077531104,24,219,0.6011511112380914,2139,0.11579213840003617,0.2754210297771007,-0.24872655319758205,0.7728094417789244
10,0.5,low,True,0.474014679159443,0.41333333333333344,0.31197182725774764,0.2914342062054715,14,11,0,0,0.09329864205789923,0.05897106197977777,0.09636241223478997,0.002858604779343238,0.3403370227081196,85.56,51.434489077531104,24,219,0.6011511112380914,2139,0.03156865043614695,0.13798461327033834,-0.3712158534666717,0.38147234402986857
10,0.5,high,True,0.474014679159443,0.41333333333333344,0.31197182725774764,0.2914342062054715,14,11,0,0,0.09329864205789923,0.05897106197977777,0.09636241223478997,0.002858604779343238,0.3403370227081196,85.56,51.434489077531104,24,219,0.6011511112380914,2139,0.11561745656899226,0.27612080747580475,-0.2486007484233131,0.7713444464832493
10,1.0,low,True,0.9740966716574314,0.3200000000000002,0.5851497268667969,0.44504351700597766,13,12,0,0,0.09628337163930559,0.05616780936862078,0.11224630846751071,0.0029637104162729038,0.49890245402689176,85.56,51.434489077531104,24,219,0.6011511112380914,2139,0.03184693552743243,0.1379425821870136,-0.371102301503161,0.3754846961765752
10,1.0,high,True,0.9740966716574314,0.3200000000000002,0.5851497268667969,0.44504351700597766,13,12,0,0,0.09628337163930559,0.05616780936862078,0.11224630846751071,0.0029637104162729038,0.49890245402689176,85.56,51.434489077531104,24,219,0.6011511112380914,2139,0.11551342269278476,0.2753323826323797,-0.2484650590576814,0.7696990495047003
10,1.5,low,True,1.475509033577008,0.22000000000000008,0.715719417196632,0.6494709456652978,12,13,0,0,0.10341788734063018,0.045051698216020876,0.14835269696319128,0.003562427234918452,0.7165626627005336,85.56,51.434489077531104,24,219,0.6011511112380914,2139,0.03261594211539143,0.13765045436172182,-0.37094508912641583,0.368796827221549
10,1.5,high,True,1.475509033577008,0.22000000000000008,0.715719417196632,0.6494709456652978,12,13,0,0,0.10341788734063018,0.045051698216020876,0.14835269696319128,0.003562427234918452,0.7165626627005336,85.56,51.434489077531104,24,219,0.6011511112380914,2139,0.11506356237465132,0.27268846152111725,-0.24825363429342365,0.7687574683914438
10,2.0,low,True,1.9790077484218647,0.19333333333333347,0.7778528635107491,0.8069301138793505,12,13,0,0,0.11248592858630158,0.048877456800441164,0.18826858290699222,0.002553938392124502,0.9178599891900547,85.56,51.434489077531104,24,219,0.6011511112380914,2139,0.033579993346737315,0.13755958438815244,-0.3705186035361891,0.3636269001230569
10,2.0,high,True,1.9790077484218647,0.19333333333333347,0.7778528635107491,0.8069301138793505,12,13,0,0,0.11248592858630158,0.048877456800441164,0.18826858290699222,0.002553938392124502,0.9178599891900547,85.56,51.434489077531104,24,219,0.6011511112380914,2139,0.11367269826025089,0.2689386814567918,-0.24774825532688402,0.7676887461597754
11,-0.5,low,True,-0.737916780172755,0.22000000000000008,-0.30197841097498124,-0.37968840863926206,14,11,0,1,0.10100014681473729,0.06384914458289977,0.1825763208958776,0.0042702168943402905,0.95,93.04,51.93463840893346,28,258,0.5581968874562925,2326,0.037739259437167896,0.12026090268746883,-0.2999593852859644,0.38112673340565767
11,-0.5,high,True,-0.737916780172755,0.22000000000000008,-0.30197841097498124,-0.37968840863926206,14,11,0,1,0.10100014681473729,0.06384914458289977,0.1825763208958776,0.0042702168943402905,0.95,93.04,51.93463840893346,28,258,0.5581968874562925,2326,0.12655768703248357,0.2603376715471541,-0.18376669946301796,0.7877270112147149
11,0.0,low,True,-0.2763751411490557,0.3800000000000001,-0.2075353679031755,-0.0061550299272828705,15,10,0,1,0.10198919253703398,0.05816713671618237,0.1829038820281067,0.005057015053004734,0.95,93.04,51.93463840893346,28,258,0.5581968874562925,2326,0.03793985354502624,0.12020121024014571,-0.2958559517298585,0.3810584880789627
11,0.0,high,True,-0.2763751411490557,0.3800000000000001,-0.2075353679031755,-0.0061550299272828705,15,10,0,1,0.10198919253703398,0.05816713671618237,0.1829038820281067,0.005057015053004734,0.95,93.04,51.93463840893346,28,258,0.5581968874562925,2326,0.12670991309697002,0.2602842785537715,-0.18664336414605626,0.786734737853709
11,0.5,low,True,0.18480304061268873,0.4533333333333335,-0.10956311835109864,0.28197730854364644,13,12,0,1,0.10704702577485835,0.05222443488233395,0.18490837594028772,0.006569733976271524,0.95,93.04,51.93463840893346,28,258,0.5581968874562925,2326,0.03894303701856367,0.12028678507288978,-0.2894570426153924,0.3806788282765217
11,0.5,high,True,0.18480304061268873,0.4533333333333335,-0.10956311835109864,0.28197730854364644,13,12,0,1,0.10704702577485835,0.05222443488233395,0.18490837594028772,0.006569733976271524,0.95,93.04,51.93463840893346,28,258,0.5581968874562925,2326,0.12752682630908962,0.25988102195712726,-0.1885130959885704,0.7846019332546522
11,1.0,low,True,0.6498486107118969,0.41333333333333344,0.015617713411051448,0.5385651186372511,11,14,0,0,0.11416186799933926,0.04685249627439749,0.18069411606691585,0.006737173782210404,0.9091958845163136,93.04,51.93463840893346,28,258,0.5581968874562925,2326,0.04081978723288389,0.12063383033419793,-0.28925557230339505,0.37974847667935424
11,1.0,high,True,0.6498486107118969,0.41333333333333344,0.015617713411051448,0.5385651186372511,11,14,0,0,0.11416186799933926,0.04685249627439749,0.18069411606691585,0.006737173782210404,0.9091958845163136,93.04,51.93463840893346,28,258,0.5581968874562925,2326,0.1298305632920754,0.25988901834570677,-0.18962033089708466,0.7805321529201594
11,1.5,low,True,1.193530551332573,0.27333333333333343,0.5135259803243332,0.6262742951010319,14,11,0,0,0.10574569499874607,0.05407735353981441,0.10907925928131847,0.005803374307993547,0.3846563540656465,93.04,51.93463840893346,28,258,0.5581968874562925,2326,0.04111596917831259,0.12041527532273866,-0.28905903573808395,0.37812280508183893
11,1.5,high,True,1.193530551332573,0.27333333333333343,0.5135259803243332,0.6262742951010319,14,11,0,0,0.10574569499874607,0.05407735353981441,0.10907925928131847,0.005803374307993547,0.3846563540656465,93.04,51.93463840893346,28,258,0.5581968874562925,2326,0.13321053074912603,0.2644476355884059,-0.19017449624974284,0.7778328646993544
11,2.0,low,True,1.768986705490246,0.22000000000000008,0.8683682169501674,0.8266974571081804,14,11,0,0,0.11211293662817935,0.0633303139505307,0.1282451740124406,0.005658359845546754,0.5448978630383701,93.04,51.93463840893346,28,258,0.5581968874562925,2326,0.04259982978369853,0.11967337449482261,-0.28860468493384417,0.37658363708596887
11,2.0,high,True,1.768986705490246,0.22000000000000008,0.8683682169501674,0.8266974571081804,14,11,0,0,0.11211293662817935,0.0633303139505307,0.1282451740124406,0.005658359845546754,0.5448978630383701,93.04,51.93463840893346,28,258,0.5581968874562925,2326,0.13365184682542364,0.26244942757313405,-0.19068379567921387,0.7779256773711771
12,-0.5,low,True,-1.561439464709674,0.13333333333333353,-0.44296792118195805,-0.40507790708930386,11,14,0,0,0.1065409078491109,0.03259438390131483,0.1678746635467052,0.0076663609559268165,0.6643638178415948,94.24,35.120364462801355,39,158,0.3726694021944117,2356,0.019605533722838416,0.13551928699113272,-0.37318991732261114,0.38756597629526174
12,-0.5,high,True,-1.561439464709674,0.13333333333333353,-0.44296792118195805,-0.40507790708930386,11,14,0,0,0.1065409078491109,0.03259438390131483,0.1678746635467052,0.0076663609559268165,0.6643638178415948,94.24,35.120364462801355,39,158,0.3726694021944117,2356,0.11057153096492456,0.2635886255724447,-0.20566709446208373,0.7724763038935828
12,0.0,low,True,-1.0818142149312968,0.15333333333333354,-0.3757441634212225,-0.308905564475509,11,14,0,0,0.10326890934837037,0.03916868011149146,0.15109637780823507,0.006908643977758304,0.557415412722778,94.24,35.120364462801355,39,158,0.3726694021944117,2356,0.01926606580378036,0.13509138328666978,-0.37440589316981515,0.37324415544804435
12,0.0,high,True,-1.0818142149312968,0.15333333333333354,-0.3757441634212225,-0.308905564475509,11,14,0,0,0.10326890934837037,0.03916868011149146,0.15109637780823507,0.006908643977758304,0.557415412722778,94.24,35.120364462801355,39,158,0.3726694021944117,2356,0.11085857636768362,0.26474570266564157,-0.20519215868246968,0.7744659744934107
12,0.5,low,True,-0.5584747937473242,0.17333333333333345,-0.2730593679712748,-0.1584920206275339,11,14,0,0,0.09781636847507008,0.043211162885567846,0.12819045445747732,0.006493772103982139,0.5260484117668031,94.24,35.120364462801355,39,158,0.3726694021944117,2356,0.018480867989335143,0.13472139586924717,-0.37564011851999274,0.37442775276671253
12,0.5,high,True,-0.5584747937473242,0.17333333333333345,-0.2730593679712748,-0.1584920206275339,11,14,0,0,0.09781636847507008,0.043211162885567846,0.12819045445747732,0.006493772103982139,0.5260484117668031,94.24,35.120364462801355,39,158,0.3726694021944117,2356,0.11081442169892848,0.26643290501344513,-0.2045204252634633,0.7766494606539598
12,1.0,low,True,0.011465565401970438,0.22000000000000008,-0.10112410851552979,0.040007694527338655,12,13,0,0,0.09210047537230634,0.04817485705968997,0.10341295684377586,0.00664705058580335,0.44746821840720435,94.24,35.120364462801355,39,158,0.3726694021944117,2356,0.017600451625341455,0.13465971021186884,-0.3767579436448624,0.3756156384703
12,1.0,high,True,0.011465565401970438,0.22000000000000008,-0.10112410851552979,0.040007694527338655,12,13,0,0,0.09210047537230634,0.04817485705968997,0.10341295684377586,0.00664705058580335,0.44746821840720435,94.24,35.120364462801355,39,158,0.3726694021944117,2356,0.11060877485544121,0.26819891029029713,-0.20359683637159975,0.7787358235880225
12,1.5,low,True,0.638995634498487,0.2600000000000001,0.19380735454596024,0.23812272031175602,14,11,0,0,0.08809587577798479,0.05774661656674442,0.08296884764596105,0.007559968469343157,0.33477356323756763,94.24,35.120364462801355,39,158,0.3726694021944117,2356,0.016951006970402516,0.1347615087315622,-0.37768114884781245,0.37673249697954475
12,1.5,high,True,0.638995634498487,0.2600000000000001,0.19380735454596024,0.23812272031175602,14,11,0,0,0.08809587577798479,0.05774661656674442,0.08296884764596105,0.007559968469343157,0.33477356323756763,94.24,35.120364462801355,39,158,0.3726694021944117,2356,0.11041316880969444,0.26951725918355557,-0.20235648430501604,0.7805071067851692
12,2.0,low,True,1.3568408129659209,0.2600000000000001,0.59208169554511,0.5762646769418588,16,9,0,0,0.08815345292138824,0.06272062558050959,0.07555390332589204,0.010143145768403417,0.28195333720303395,94.24,35.120364462801355,39,158,0.3726694021944117,2356,0.016889102507229147,0.13482219617879682,-0.3783703041946753,0.37762172652734377
12,2.0,high,True,1.3568408129659209,0.2600000000000001,0.59208169554511,0.5762646769418588,16,9,0,0,0.08815345292138824,0.06272062558050959,0.07555390332589204,0.010143145768403417,0.28195333720303395,94.24,35.120364462801355,39,158,0.3726694021944117,2356,0.11048580946125576,0.2699917209488459,-0.20069713851982782,0.7814911960062375
13,-0.5,low,True,-1.01950936131981,0.2266666666666668,-0.3746691529590809,-0.25899561752168987,11,14,0,0,0.10870569287893503,0.044260564514937185,0.16025821498789905,0.0036849121491735817,0.668739547237047,85.24,35.95863364107893,33,162,0.4218516382106867,2131,0.026574332995731212,0.12815743063815044,-0.30035083554392095,0.4242516480787852
13,-0.5,high,True,-1.01950936131981,0.2266666666666668,-0.3746691529590809,-0.25899561752168987,11,14,0,0,0.10870569287893503,0.044260564514937185,0.16025821498789905,0.0036849121491735817,0.668739547237047,85.24,35.95863364107893,33,162,0.4218516382106867,2131,0.11792635084997037,0.26782148624773155,-0.23522042787496156,0.7919290243420402
13,0.0,low,True,-0.5301219158078811,0.18666666666666687,-0.26284846653918104,-0.1643255998243114,14,11,0,0,0.10054586630122701,0.054144511947754666,0.12866349042809716,0.004100835343730337,0.545617997479584,85.24,35.95863364107893,33,162,0.4218516382106867,2131,0.02573195397976873,0.12845448240816554,-0.2992945745722864,0.35765208489685224
13,0.0,high,True,-0.5301219158078811,0.18666666666666687,-0.26284846653918104,-0.1643255998243114,14,11,0,0,0.10054586630122701,0.054144511947754666,0.12866349042809716,0.004100835343730337,0.545617997479584,85.24,35.95863364107893,33,162,0.4218516382106867,2131,0.11823224649588053,0.26978209626385347,-0.23377531459317885,0.7659519239091825
13,0.5,low,True,-0.01931319483696692,0.19333333333333347,-0.06768650065998794,-0.007311911935976387,14,11,0,0,0.09337067414087735,0.0672813852377655,0.10349685115621418,0.00504899317443749,0.4041847617499465,85.24,35.95863364107893,33,162,0.4218516382106867,2131,0.024942879889270624,0.1288650335159835,-0.29812692900939425,0.36931093210776533
13,0.5,high,True,-0.01931319483696692,0.19333333333333347,-0.06768650065998794,-0.007311911935976387,14,11,0,0,0.09337067414087735,0.0672813852377655,0.10349685115621418,0.00504899317443749,0.4041847617499465,85.24,35.95863364107893,33,162,0.4218516382106867,2131,0.11813452617285203,0.2710927760486711,-0.23194035407935057,0.7684821438669843
13,1.0,low,True,0.5143314051339187,0.2333333333333335,0.21779479955636288,0.2155089833761461,14,11,0,0,0.08832698008517424,0.07316711535444159,0.08886865627824787,0.006535872809375822,0.3903465689939386,85.24,35.95863364107893,33,162,0.4218516382106867,2131,0.024346326455626743,0.12912829518658256,-0.296868786902331,0.3731121200471094
13,1.0,high,True,0.5143314051339187,0.2333333333333335,0.21779479955636288,0.2155089833761461,14,11,0,0,0.08832698008517424,0.07316711535444159,0.08886865627824787,0.006535872809375822,0.3903465689939386,85.24,35.95863364107893,33,162,0.4218516382106867,2131,0.11786515908673688,0.27169712513413885,-0.22957116536032854,0.779117676658936
13,1.5,low,True,1.0761967170779598,0.21333333333333349,0.5345979441738083,0.38445263284423215,14,11,0,0,0.08585733916466694,0.05624351789195212,0.08447250714409449,0.008041624684605932,0.3726428957774597,85.24,35.95863364107893,33,162,0.4218516382106867,2131,0.02402243216495211,0.1292029223751107,-0.29561630492542645,0.3734937640724152
13,1.5,high,True,1.0761967170779598,0.21333333333333349,0.5345979441738083,0.38445263284423215,14,11,0,0,0.08585733916466694,0.05624351789195212,0.08447250714409449,0.008041624684605932,0.3726428957774597,85.24,35.95863364107893,33,162,0.4218516382106867,2131,0.11764263068520352,0.27176253300424863,-0.2264523800520891,0.781903922206585
13,2.0,low,True,1.6823191834809577,0.2600000000000001,0.7979154506217303,0.6384453632518329,11,14,0,0,0.08582644132125364,0.045799190485334075,0.08835013787069541,0.008202732359317266,0.3043629392971108,85.24,35.95863364107893,33,162,0.4218516382106867,2131,0.023978742944818776,0.12912722648794953,-0.2963144123862872,0.37271404929050866
13,2.0,high,True,1.6823191834809577,0.2600000000000001,0.7979154506217303,0.6384453632518329,11,14,0,0,0.08582644132125364,0.045799190485334075,0.08835013787069541,0.008202732359317266,0.3043629392971108,85.24,35.95863364107893,33,162,0.4218516382106867,2131,0.11754727019565982,0.27146480214555185,-0.22236883451426684,0.7816889836160411
14,-0.5,low,True,-0.8525701456513353,0.18666666666666687,-0.2510569326432107,-0.2660251472760645,13,12,0,1,0.1410062795097498,0.05684547261033957,0.21187404606816823,0.0070399291195959455,0.95,86.28,38.6959515539632,41,202,0.44849271620263326,2157,0.03559679749252823,0.14501291705609126,-0.46017102777534713,0.4907891554374716
14,-0.5,high,True,-0.8525701456513353,0.18666666666666687,-0.2510569326432107,-0.2660251472760645,13,12,0,1,0.1410062795097498,0.05684547261033957,0.21187404606816823,0.0070399291195959455,0.95,86.28,38.6959515539632,41,202,0.44849271620263326,2157,0.11766128925047563,0.26995197303735957,-0.2975614594111346,0.825151901900941
14,0.0,low,True,-0.365254389781901,0.21333333333333349,-0.17156642680297793,-0.11241583647555838,13,12,0,0,0.1406261240932103,0.05250756994088005,0.19969251358231843,0.00560501523164038,0.8244179707150273,86.28,38.6959515539632,41,202,0.44849271620263326,2157,0.03538869764196173,0.14456490791379575,-0.4603073956172425,0.49922240113015653
14,0.0,high,True,-0.365254389781901,0.21333333333333349,-0.17156642680297793,-0.11241583647555838,13,12,0,0,0.1406261240932103,0.05250756994088005,0.19969251358231843,0.00560501523164038,0.8244179707150273,86.28,38.6959515539632,41,202,0.44849271620263326,2157,0.11875927457112805,0.27089647897107166,-0.297674403260361,0.8217253698618151
14,0.5,low,True,0.14270177382837454,0.2266666666666668,-0.0582598764401574,0.06275267584080826,12,13,0,0,0.1336914538770858,0.04887881565109338,0.17549920738639715,0.0048751613294593646,0.6068219751943855,86.28,38.6959515539632,41,202,0.44849271620263326,2157,0.033635549607100544,0.14354602224971885,-0.46037985742716314,0.4831209421304429
14,0.5,high,True,0.14270177382837454,0.2266666666666668,-0.0582598764401574,0.06275267584080826,12,13,0,0,0.1336914538770858,0.04887881565109338,0.17549920738639715,0.0048751613294593646,0.6068219751943855,86.28,38.6959515539632,41,202,0.44849271620263326,2157,0.11833937468779532,0.27310980013208375,-0.29773354859882384,0.7964594721078321
14,1.0,low,True,0.6663918748604926,0.2266666666666668,0.09578594999743066,0.2313764305541458,11,14,0,0,0.12377489075316093,0.04517015566802812,0.1524000202178232,0.004659517502379066,0.5728232525447353,86.28,38.6959515539632,41,202,0.44849271620263326,2157,0.031321706663111994,0.1429371019967231,-0.46041750393186887,0.45093658340988757
14,1.0,high,True,0.6663918748604926,0.2266666666666668,0.09578594999743066,0.2313764305541458,11,14,0,0,0.12377489075316093,0.04517015566802812,0.1524000202178232,0.004659517502379066,0.5728232525447353,86.28,38.6959515539632,41,202,0.44849271620263326,2157,0.11696132344092329,0.27536219925298944,-0.2977635552373621,0.7908296202336156
14,1.5,low,True,1.2095260671923578,0.2533333333333335,0.30548329260779805,0.4704525759353847,11,14,0,0,0.11228077982527998,0.045658160146660895,0.129144334254502,0.0050036450817284575,0.5288824042546204,86.28,38.6959515539632,41,202,0.44849271620263326,2157,0.02889869376451305,0.14297307910684526,-0.46043067278799193,0.42012979235697007
14,1.5,high,True,1.2095260671923578,0.2533333333333335,0.30548329260779805,0.4704525759353847,11,14,0,0,0.11228077982527998,0.045658160146660895,0.129144334254502,0.0050036450817284575,0.5288824042546204,86.28,38.6959515539632,41,202,0.44849271620263326,2157,0.11533629751843963,0.27776215046592845,-0.2977728478720921,0.7905923985921104
14,2.0,low,True,1.7831534714880322,0.21333333333333349,0.6224444108909952,0.6733400616292864,15,10,0,0,0.10081480729393011,0.05631034991379458,0.10613765419079546,0.006450234308702026,0.4043433626674845,86.28,38.6959515539632,41,202,0.44849271620263326,2157,0.026755061562317266,0.14343112394829205,-0.4604118297849754,0.40353777358090465
14,2.0,high,True,1.7831534714880322,0.21333333333333349,0.6224444108909952,0.6733400616292864,15,10,0,0,0.10081480729393011,0.05631034991379458,0.10613765419079546,0.006450234308702026,0.4043433626674845,86.28,38.6959515539632,41,202,0.44849271620263326,2157,0.11379987273160097,0.280113168333509,-0.2977540841003183,0.7900261444363939
15,-0.5,low,True,0.5773188086401017,0.27333333333333343,0.15403915005986002,0.19469027989797827,14,11,0,1,0.15635597645322868,0.0710029135800162,0.21588358538205618,0.011392467170632066,0.95,85.64,43.433742643249154,33,214,0.5071665418408355,2141,0.05500604734503567,0.14643980597525702,-0.3443211767674632,0.5433044109973435
15,-0.5,high,True,0.5773188086401017,0.27333333333333343,0.15403915005986002,0.19469027989797827,14,11,0,1,0.15635597645322868,0.0710029135800162,0.21588358538205618,0.011392467170632066,0.95,85.64,43.433742643249154,33,214,0.5071665418408355,2141,0.13493198838427986,0.26704358447624066,-0.2513754224399959,0.8304683050732379
15,0.0,low,True,1.0758754344923172,0.2466666666666668,0.3004361841785816,0.34166989831898165,15,10,0,1,0.16343520437444192,0.07692225315181282,0.22218689778797945,0.010888491691560014,0.95,85.64,43.433742643249154,33,214,0.5071665418408355,2141,0.05757599805427907,0.14700503443530938,-0.34973595402642715,0.5543663801863469
15,0.0,high,True,1.0758754344923172,0.2466666666666668,0.3004361841785816,0.34166989831898165,15,10,0,1,0.16343520437444192,0.07692225315181282,0.22218689778797945,0.010888491691560014,0.95,85.64,43.433742643249154,33,214,0.5071665418408355,2141,0.13696153946609088,0.26746538752073507,-0.25072920510281765,0.8321715391105857
15,0.5,low,True,1.5411726159702088,0.16666666666666685,0.45965538531816946,0.43593693107590786,16,9,0,1,0.17059294812117617,0.07934473674912843,0.23585793824351783,0.010097663671997773,0.95,85.64,43.433742643249154,33,214,0.5071665418408355,2141,0.060157282970908325,0.14867328801983526,-0.3577380190132057,0.6666738456232065
15,0.5,high,True,1.5411726159702088,0.16666666666666685,0.45965538531816946,0.43593693107590786,16,9,0,1,0.17059294812117617,0.07934473674912843,0.23585793824351783,0.010097663671997773,0.95,85.64,43.433742643249154,33,214,0.5071665418408355,2141,0.13853689846745623,0.2674291622207355,-0.24987268926733094,0.8350730564668158
15,1.0,low,True,1.9710139886288438,0.15333333333333354,0.604073464579356,0.5444402095961249,14,11,0,1,0.17727655920120827,0.08766490235219318,0.2576115699214061,0.00810586554742613,0.95,85.64,43.433742643249154,33,214,0.5071665418408355,2141,0.06225879065991194,0.15198836734876267,-0.366595138404863,0.7191233877306161
15,1.0,high,True,1.9710139886288438,0.15333333333333354,0.604073464579356,0.5444402095961249,14,11,0,1,0.17727655920120827,0.08766490235219318,0.2576115699214061,0.00810586554742613,0.95,85.64,43.433742643249154,33,214,0.5071665418408355,2141,0.13897684305343266,0.2667671846588422,-0.24875902262781432,0.8543896885506893
15,1.5,low,True,2.3490565882430134,0.18196880996463227,0.7073131638314845,0.6723109610703486,14,11,0,2,0.17957830939559905,0.09018733914077208,0.2778789217718436,0.006535556237299948,0.95,85.64,43.433742643249154,33,214,0.5071665418408355,2141,0.06236855995793062,0.15512149678734952,-0.37490631819245757,0.9011133069484732
15,1.5,high,True,2.3490565882430134,0.18196880996463227,0.7073131638314845,0.6723109610703486,14,11,0,2,0.17957830939559905,0.09018733914077208,0.2778789217718436,0.006535556237299948,0.95,85.64,43.433742643249154,33,214,0.5071665418408355,2141,0.13666671537137928,0.2657836484236803,-0.2473545156877445,0.9001776607004053
15,2.0,low,True,2.6371993844065584,0.19532442123051585,0.7624274454133175,0.8266307638117396,14,11,0,2,0.16837116377330527,0.07397805800476916,0.26852490583125366,0.005187796461934811,0.95,85.64,43.433742643249154,33,214,0.5071665418408355,2141,0.05847941324314126,0.15201558669244397,-0.3817895133303858,0.9011133069484732
15,2.0,high,True,2.6371993844065584,0.19532442123051585,0.7624274454133175,0.8266307638117396,14,11,0,2,0.16837116377330527,0.07397805800476916,0.26852490583125366,0.005187796461934811,0.95,85.64,43.433742643249154,33,214,0.5071665418408355,2141,0.13366214074120866,0.2652286900122509,-0.24568840658571545,0.9001776607004053
16,-0.5,low,True,-0.1831107298134191,0.44000000000000017,0.23504778024199016,-0.050028871140891065,10,15,0,0,0.053525087273222194,0.04631856330547342,0.036865436306493984,0.0028663313522863036,0.16333663400154202,87.64,40.35145598364451,34,220,0.46042282044322813,2191,0.011546439622612228,0.14348788302792434,-0.37481292070852135,0.35566272198321636
16,-0.5,high,True,-0.1831107298134191,0.44000000000000017,0.23504778024199016,-0.050028871140891065,10,15,0,0,0.053525087273222194,0.04631856330547342,0.036865436306493984,0.0028663313522863036,0.16333663400154202,87.64,40.35145598364451,34,220,0.46042282044322813,2191,0.10368491244865856,0.28244330031458564,-0.26965378955046737,0.7712167827272524
16,0.0,low,True,0.3232248977368788,0.42666666666666675,0.6072406061621892,0.1839523108103533,12,13,0,0,0.057429729126789404,0.04397218316125105,0.054204422718486835,0.0032540269627134685,0.2862866940380512,87.64,40.35145598364451,34,220,0.46042282044322813,2191,0.011873799452261753,0.14324639886388768,-0.3743483754875574,0.3562361550754293
16,0.0,high,True,0.3232248977368788,0.42666666666666675,0.6072406061621892,0.1839523108103533,12,13,0,0,0.057429729126789404,0.04397218316125105,0.054204422718486835,0.0032540269627134685,0.2862866940380512,87.64,40.35145598364451,34,220,0.46042282044322813,2191,0.10389990242249712,0.2818725035702106,-0.27025080928028933,0.7723975396541529
16,0.5,low,True,0.8164995871083204,0.31333333333333346,0.7279317622220557,0.3478930731643502,11,14,0,0,0.06531592101365832,0.04954921623201741,0.08847105609618758,0.004125363394315511,0.46762328450414736,87.64,40.35145598364451,34,220,0.46042282044322813,2191,0.012504959043126788,0.14263921676268335,-0.3736340743575439,0.3567221855684317
16,0.5,high,True,0.8164995871083204,0.31333333333333346,0.7279317622220557,0.3478930731643502,11,14,0,0,0.06531592101365832,0.04954921623201741,0.08847105609618758,0.004125363394315511,0.46762328450414736,87.64,40.35145598364451,34,220,0.46042282044322813,2191,0.10413801047888875,0.28032484136394453,-0.2706879117321491,0.7733435166620145
16,1.0,low,True,1.2958508289964616,0.28000000000000014,0.7626995435828137,0.5557053071342054,12,13,0,0,0.07706730538559455,0.04554685785617263,0.135935038090475,0.005883230041173757,0.7085104512811176,87.64,40.35145598364451,34,220,0.46042282044322813,2191,0.013405877179824876,0.14140411126213967,-0.37370242561952394,0.3571198397862856
16,1.0,high,True,1.2958508289964616,0.28000000000000014,0.7626995435828137,0.5557053071342054,12,13,0,0,0.07706730538559455,0.04554685785617263,0.135935038090475,0.005883230041173757,0.7085104512811176,87.64,40.35145598364451,34,220,0.46042282044322813,2191,0.10408056851144937,0.2770435412151046,-0.2710120757891758,0.7740404523505361
16,1.5,low,True,1.7516424523447522,0.28666666666666685,0.7778534222593526,0.6996345210318459,12,13,0,1,0.090277497804216,0.0475160993225525,0.1838746301469438,0.008205353319101707,0.95,87.64,40.35145598364451,34,220,0.46042282044322813,2191,0.014242036922539898,0.13973411655251813,-0.37396521397269866,0.35741785939994497
16,1.5,high,True,1.7516424523447522,0.28666666666666685,0.7778534222593526,0.6996345210318459,12,13,0,1,0.090277497804216,0.0475160993225525,0.1838746301469438,0.008205353319101707,0.95,87.64,40.35145598364451,34,220,0.46042282044322813,2191,0.10283547574540589,0.2722229805827525,-0.2712520863660936,0.7744351456619887
16,2.0,low,True,2.148455753518497,0.18666666666666687,0.8112434465285245,0.8720417077327627,14,11,0,1,0.09548862869511535,0.05868630107952789,0.18459864773743123,0.00961843660171893,0.95,87.64,40.35145598364451,34,220,0.46042282044322813,2191,0.015185557924309728,0.1399580940075276,-0.37415326077772487,0.35750012248021257
16,2.0,high,True,2.148455753518497,0.18666666666666687,0.8112434465285245,0.8720417077327627,14,11,0,1,0.09548862869511535,0.05868630107952789,0.18459864773743123,0.00961843660171893,0.95,87.64,40.35145598364451,34,220,0.46042282044322813,2191,0.10366613427738303,0.2720605708865462,-0.2714218322542873,0.7741976090512429
17,-0.5,low,True,-0.23366973951122277,0.22000000000000008,0.025467269322132682,-0.2975531835150423,11,14,0,0,0.06280097213822193,0.035211197427329956,0.05771529857253499,0.0037245365881700284,0.20460683008044453,107.24,73.06748022661426,31,374,0.681345395623035,2681,0.03454479960058195,0.13386620618581185,-0.369845605277351,0.4744311174551532
17,-0.5,high,True,-0.23366973951122277,0.22000000000000008,0.025467269322132682,-0.2975531835150423,11,14,0,0,0.06280097213822193,0.035211197427329956,0.05771529857253499,0.0037245365881700284,0.20460683008044453,107.24,73.06748022661426,31,374,0.681345395623035,2681,0.12284727628454625,0.27183455229997777,-0.27350214858283445,0.8203034958533761
17,0.0,low,True,0.2703629192354929,0.30000000000000016,0.4316703032132284,-0.06590880101175159,10,15,0,0,0.07152068386180599,0.03753873937573237,0.07666861577320384,0.003201773936692442,0.29098300790259457,107.24,73.06748022661426,31,374,0.681345395623035,2681,0.03539145729666893,0.13365686235626417,-0.37011944979739464,0.47439880064274276
17,0.0,high,True,0.2703629192354929,0.30000000000000016,0.4316703032132284,-0.06590880101175159,10,15,0,0,0.07152068386180599,0.03753873937573237,0.07666861577320384,0.003201773936692442,0.29098300790259457,107.24,73.06748022661426,31,374,0.681345395623035,2681,0.12339187638271047,0.2711424310122754,-0.273733929104793,0.820247849118229
17,0.5,low,True,0.7634706975082274,0.29333333333333345,0.6842741180042615,0.05396042188096621,12,13,0,0,0.08874844002710743,0.04522481523367058,0.12962657606745456,0.0030756682159424537,0.576151688981422,107.24,73.06748022661426,31,374,0.681345395623035,2681,0.036898481324665354,0.13316716776908427,-0.3701737590503203,0.47435490891490184
17,0.5,high,True,0.7634706975082274,0.29333333333333345,0.6842741180042615,0.05396042188096621,12,13,0,0,0.08874844002710743,0.04522481523367058,0.12962657606745456,0.0030756682159424537,0.576151688981422,107.24,73.06748022661426,31,374,0.681345395623035,2681,0.12375126991378098,0.26856696189581697,-0.27379099260866685,0.8201639240499646
17,1.0,low,True,1.2082328695298323,0.2533333333333335,0.7808603155596237,0.286761099138849,11,14,0,1,0.11087738190286046,0.04768570135372895,0.20052980073916116,0.0033258580553596553,0.95,107.24,73.06748022661426,31,374,0.681345395623035,2681,0.037931868081028226,0.1321948776312914,-0.3700305179372737,0.4764149720732301
17,1.0,high,True,1.2082328695298323,0.2533333333333335,0.7808603155596237,0.286761099138849,11,14,0,1,0.11087738190286046,0.04768570135372895,0.20052980073916116,0.0033258580553596553,0.95,107.24,73.06748022661426,31,374,0.681345395623035,2681,0.12142776642892568,0.26266283018422965,-0.2736917309578035,0.8200251339751563
17,1.5,low,True,1.5562227482509392,0.3333333333333335,0.8316926829589409,0.5631155454863688,11,14,0,1,0.12039844368815382,0.04699595938610203,0.20676789210403432,0.00416300940895933,0.95,107.24,73.06748022661426,31,374,0.681345395623035,2681,0.039740936453481084,0.13304494808578796,-0.3695616478547521,0.528386295590942
17,1.5,high,True,1.5562227482509392,0.3333333333333335,0.8316926829589409,0.5631155454863688,11,14,0,1,0.12039844368815382,0.04699595938610203,0.20676789210403432,0.00416300940895933,0.95,107.24,73.06748022661426,31,374,0.681345395623035,2681,0.12284153279287764,0.2619112413132222,-0.2733403064270956,0.8197753596526542
17,2.0,low,True,1.9099562773648866,0.26666666666666683,0.9167426341007314,0.7978433806685719,16,9,0,1,0.13389420438879016,0.054988674504281056,0.2153788627953485,0.006554761288570379,0.95,107.24,73.06748022661426,31,374,0.681345395623035,2681,0.04256745322817913,0.13478036235753232,-0.3682638750245148,0.5111300056640411
17,2.0,high,True,1.9099562773648866,0.26666666666666683,0.9167426341007314,0.7978433806685719,16,9,0,1,0.13389420438879016,0.054988674504281056,0.2153788627953485,0.006554761288570379,0.95,107.24,73.06748022661426,31,374,0.681345395623035,2681,0.12512996427372503,0.2605652999044284,-0.2723562357489019,0.8192735607863448
18,-0.5,low,True,-1.6641341871403672,0.11333333333333351,-0.3836671928452433,-0.5684049436545854,13,12,0,1,0.12406375967207066,0.06470713238258581,0.21382124254795964,0.004721781519683854,0.95,81.32,36.25801060915137,42,159,0.4458683055724468,2033,0.0237623566007633,0.13476934213036712,-0.39158089446930167,0.6360777178983665
18,-0.5,high,True,-1.6641341871403672,0.11333333333333351,-0.3836671928452433,-0.5684049436545854,13,12,0,1,0.12406375967207066,0.06470713238258581,0.21382124254795964,0.004721781519683854,0.95,81.32,36.25801060915137,42,159,0.4458683055724468,2033,0.11953353925665221,0.2577059387446595,-0.24658340119952313,0.7677853240806817
18,0.0,low,True,-1.1966807484434456,0.19333333333333347,-0.3499396173544717,-0.3478930731643502,13,12,0,0,0.11199557168585127,0.056591108597916155,0.1845586489725293,0.004060694502002917,0.8286186636100038,81.32,36.25801060915137,42,159,0.4458683055724468,2033,0.021763945270608712,0.13390313599772266,-0.3931096894793911,0.5417159071652146
18,0.0,high,True,-1.1966807484434456,0.19333333333333347,-0.3499396173544717,-0.3478930731643502,13,12,0,0,0.11199557168585127,0.056591108597916155,0.1845586489725293,0.004060694502002917,0.8286186636100038,81.32,36.25801060915137,42,159,0.4458683055724468,2033,0.11984164480078136,0.26040957251185176,-0.24711251862509298,0.7672916552666867
18,0.5,low,True,-0.6739150396098739,0.2466666666666668,-0.30346325210333885,-0.19819129721199152,11,14,0,0,0.09549628129685074,0.046866147958573884,0.1362351466549083,0.0038650456660045862,0.6051208545849682,81.32,36.25801060915137,42,159,0.4458683055724468,2033,0.019364843935351702,0.13352120103110862,-0.3943747087043694,0.4089259990516493
18,0.5,high,True,-0.6739150396098739,0.2466666666666668,-0.30346325210333885,-0.19819129721199152,11,14,0,0,0.09549628129685074,0.046866147958573884,0.1362351466549083,0.0038650456660045862,0.6051208545849682,81.32,36.25801060915137,42,159,0.4458683055724468,2033,0.11964469047901356,0.26459260411018004,-0.24743400640366917,0.7671025253349033
18,1.0,low,True,-0.09960032674879375,0.2266666666666668,-0.18942777058404256,0.02270541074855825,12,13,0,0,0.08046256318818687,0.04589760173769676,0.09044306592587552,0.004099004741375969,0.39156378271547,81.32,36.25801060915137,42,159,0.4458683055724468,2033,0.017389880012414618,0.13371018786337982,-0.3954247285984278,0.3675182427765369
18,1.0,high,True,-0.09960032674879375,0.2266666666666668,-0.18942777058404256,0.02270541074855825,12,13,0,0,0.08046256318818687,0.04589760173769676,0.09044306592587552,0.004099004741375969,0.39156378271547,81.32,36.25801060915137,42,159,0.4458683055724468,2033,0.11892951911034644,0.26784039923395414,-0.24760038121734385,0.768773763683529
18,1.5,low,True,0.5384189448536021,0.28000000000000014,0.1275933019214803,0.27246492898269903,14,11,0,0,0.06950002416897569,0.05717991456631253,0.057477639391035146,0.004968752528590498,0.2181974748772543,81.32,36.25801060915137,42,159,0.4458683055724468,2033,0.016072047280039612,0.13393992474781832,-0.39630751893493354,0.36776878760423504
18,1.5,high,True,0.5384189448536021,0.28000000000000014,0.1275933019214803,0.27246492898269903,14,11,0,0,0.06950002416897569,0.05717991456631253,0.057477639391035146,0.004968752528590498,0.2181974748772543,81.32,36.25801060915137,42,159,0.4458683055724468,2033,0.1181939347278968,0.2695967747857394,-0.2476191922330703,0.7729757640529792
18,2.0,low,True,1.276342942411745,0.30000000000000016,0.6763111869145751,0.6126612527407583,13,12,0,0,0.06494608555506864,0.06097723545813191,0.05014553386154686,0.007427551557813695,0.19652256999288786,81.32,36.25801060915137,42,159,0.4458683055724468,2033,0.01553208755263898,0.13388056651556426,-0.39707621083800815,0.3677212825833852
18,2.0,high,True,1.276342942411745,0.30000000000000016,0.6763111869145751,0.6126612527407583,13,12,0,0,0.06494608555506864,0.06097723545813191,0.05014553386154686,0.007427551557813695,0.19652256999288786,81.32,36.25801060915137,42,159,0.4458683055724468,2033,0.11776189365910061,0.2700004654356273,-0.24742486090326568,0.7784516781675559
19,-0.5,low,True,-0.4957184797182913,0.16666666666666685,-0.16117339777594553,-0.17926524663211355,15,10,0,1,0.1921729343418401,0.06743836944289507,0.2726897378687482,0.006595059264842842,0.95,78.56,50.00839929451852,25,253,0.6365631274760504,1964,0.05795317269444695,0.15454698671729997,-0.3451363093127946,0.8142038677147595
19,-0.5,high,True,-0.4957184797182913,0.16666666666666685,-0.16117339777594553,-0.17926524663211355,15,10,0,1,0.1921729343418401,0.06743836944289507,0.2726897378687482,0.006595059264842842,0.95,78.56,50.00839929451852,25,253,0.6365631274760504,1964,0.13784168095191204,0.257888659140979,-0.2718328895885271,0.8058378676410597
19,0.0,low,True,-0.028211659811887307,0.18000000000000016,-0.01915498032067596,-0.03423735397051097,15,10,0,1,0.1911581695492512,0.060353542336040705,0.2783218042358437,0.006388357843302303,0.95,78.56,50.00839929451852,25,253,0.6365631274760504,1964,0.05641304820131629,0.15478191906155314,-0.3437964357172776,0.7522712831247873
19,0.0,high,True,-0.028211659811887307,0.18000000000000016,-0.01915498032067596,-0.03423735397051097,15,10,0,1,0.1911581695492512,0.060353542336040705,0.2783218042358437,0.006388357843302303,0.95,78.56,50.00839929451852,25,253,0.6365631274760504,1964,0.13585833673736497,0.2587310333218393,-0.27075390014955164,0.7886386669386661
19,0.5,low,True,0.4084388657541511,0.22871344939522464,0.08323602318385878,0.15467487495190457,12,13,0,2,0.18221946132142727,0.048605325956609303,0.27369560800151843,0.005676902222298255,0.95,78.56,50.00839929451852,25,253,0.6365631274760504,1964,0.0524228907113828,0.15121394424001888,-0.34203768754768055,0.8765730293970745
19,0.5,high,True,0.4084388657541511,0.22871344939522464,0.08323602318385878,0.15467487495190457,12,13,0,2,0.18221946132142727,0.048605325956609303,0.27369560800151843,0.005676902222298255,0.95,78.56,50.00839929451852,25,253,0.6365631274760504,1964,0.13165468812652875,0.2591601751878399,-0.2693323445055961,0.8966374993599845
19,1.0,low,True,0.8785307739591474,0.2333333333333335,0.2597247763103442,0.28236199791410166,12,13,0,1,0.15551213221538768,0.04982742613041238,0.22481853731624052,0.005416264770364393,0.95,78.56,50.00839929451852,25,253,0.6365631274760504,1964,0.045588281648437805,0.14180628971933507,-0.339995482709972,0.4975839007015252
19,1.0,high,True,0.8785307739591474,0.2333333333333335,0.2597247763103442,0.28236199791410166,12,13,0,1,0.15551213221538768,0.04982742613041238,0.22481853731624052,0.005416264770364393,0.95,78.56,50.00839929451852,25,253,0.6365631274760504,1964,0.12918037458433868,0.2619592616644897,-0.26766840261063257,0.8035213899730869
19,1.5,low,True,1.3874887005954881,0.18000000000000016,0.4888288208897305,0.43969995043027005,12,13,0,1,0.13228496660553446,0.03835591485812573,0.19904160233251406,0.005152162025803609,0.95,78.56,50.00839929451852,25,253,0.6365631274760504,1964,0.03969241097275652,0.1395408035060941,-0.33805063868888735,0.4171633366723183
19,1.5,high,True,1.3874887005954881,0.18000000000000016,0.4888288208897305,0.43969995043027005,12,13,0,1,0.13228496660553446,0.03835591485812573,0.19904160233251406,0.005152162025803609,0.95,78.56,50.00839929451852,25,253,0.6365631274760504,1964,0.12497874555634549,0.2644069070776473,-0.2660479637096911,0.7938070832626665
19,2.0,low,True,1.9316577501709495,0.2466666666666668,0.6989533198739712,0.6720523301851983,12,13,0,1,0.12031409439841155,0.033758100734360225,0.20213130447542907,0.005072507249598243,0.95,78.56,50.00839929451852,25,253,0.6365631274760504,1964,0.036261914712247406,0.14023138021129614,-0.33695994945531843,0.3943452146141017
19,2.0,high,True,1.9316577501709495,0.2466666666666668,0.6989533198739712,0.6720523301851983,12,13,0,1,0.12031409439841155,0.033758100734360225,0.20213130447542907,0.005072507249598243,0.95,78.56,50.00839929451852,25,253,0.6365631274760504,1964,0.12187683664015912,0.26464249188602695,-0.26502877769243605,0.7894489827843583
20,-0.5,low,True,-0.7086113472592145,0.21333333333333349,-0.32117494295714977,-0.4271695920491468,10,15,0,0,0.056637486657462655,0.03939998554869321,0.054990983543292564,0.011074717927066866,0.2621400193334143,73.2,31.599050618649922,24,143,0.4316810193804634,1830,0.029513859458750964,0.13012989385401166,-0.26337518513092945,0.37822954542747955
20,-0.5,high,True,-0.7086113472592145,0.21333333333333349,-0.32117494295714977,-0.4271695920491468,10,15,0,0,0.056637486657462655,0.03939998554869321,0.054990983543292564,0.011074717927066866,0.2621400193334143,73.2,31.599050618649922,24,143,0.4316810193804634,1830,0.12341548328090649,0.2678513174153693,-0.2518941786056831,0.7861493950068537
20,0.0,low,True,-0.21324429624767222,0.3733333333333334,-0.18467118098029503,-0.08350973105825663,7,18,0,0,0.051000054075565494,0.03385729406840369,0.04713373161538274,0.010881191809973186,0.21488421068750313,73.2,31.599050618649922,24,143,0.4316810193804634,1830,0.029000128683408875,0.13030989865301562,-0.2641716099730947,0.37827455167747226
20,0.0,high,True,-0.21324429624767222,0.3733333333333334,-0.18467118098029503,-0.08350973105825663,7,18,0,0,0.051000054075565494,0.03385729406840369,0.04713373161538274,0.010881191809973186,0.21488421068750313,73.2,31.599050618649922,24,143,0.4316810193804634,1830,0.1230170280328044,0.26823064031499,-0.2519271288495736,0.786301403921082
20,0.5,low,True,0.2907395741666627,0.42666666666666675,-0.015515948533200062,0.17933426116657872,8,17,0,0,0.04685103793682668,0.031456637772685044,0.03983824551165613,0.010999638646407404,0.16606871063474654,73.2,31.599050618649922,24,143,0.4316810193804634,1830,0.028667636371835434,0.1304663076827577,-0.264691799629882,0.37829321753539175
20,0.5,high,True,0.2907395741666627,0.42666666666666675,-0.015515948533200062,0.17933426116657872,8,17,0,0,0.04685103793682668,0.031456637772685044,0.03983824551165613,0.010999638646407404,0.16606871063474654,73.2,31.599050618649922,24,143,0.4316810193804634,1830,0.1227690967008476,0.26852387199162264,-0.25190165587024593,0.7863592585253565
20,1.0,low,True,0.8039092956113674,0.3333333333333335,0.21952867971606585,0.4233212173460013,8,17,0,0,0.044165206181488614,0.03336505131882171,0.03408536203989937,0.008207627849177024,0.12052953965238564,73.2,31.599050618649922,24,143,0.4316810193804634,1830,0.028472330154482688,0.1305832161167926,-0.26499589964796205,0.3782933845847565
20,1.0,high,True,0.8039092956113674,0.3333333333333335,0.21952867971606585,0.4233212173460013,8,17,0,0,0.044165206181488614,0.03336505131882171,0.03408536203989937,0.008207627849177024,0.12052953965238564,73.2,31.599050618649922,24,143,0.4316810193804634,1830,0.122628579759822,0.2687225454198193,-0.25181236392759954,0.7863404959248019
20,1.5,low,True,1.3284309451406777,0.27333333333333343,0.5312707074890333,0.6242063768501948,9,16,0,0,0.04325178816478458,0.037198416642421704,0.0313993320156031,0.006499706056627976,0.11113892267908079,73.2,31.599050618649922,24,143,0.4316810193804634,1830,0.028415780556779992,0.130648070971824,-0.26511111499759454,0.37826408434115566
20,1.5,high,True,1.3284309451406777,0.27333333333333343,0.5312707074890333,0.6242063768501948,9,16,0,0,0.04325178816478458,0.037198416642421704,0.0313993320156031,0.006499706056627976,0.11113892267908079,73.2,31.599050618649922,24,143,0.4316810193804634,1830,0.12259277194784303,0.2688058408323638,-0.2516271427283619,0.7862082565457228
20,2.0,low,True,1.8707552651031507,0.2533333333333335,0.8293792874815937,0.8404850351669699,9,16,0,0,0.045128190442389894,0.039173574796112436,0.03504364537979732,0.0039495708416005994,0.14292325970077613,73.2,31.599050618649922,24,143,0.4316810193804634,1830,0.028569152904772372,0.1306251660053904,-0.2649748135430843,0.37814103944641886
20,2.0,high,True,1.8707552651031507,0.2533333333333335,0.8293792874815937,0.8404850351669699,9,16,0,0,0.045128190442389894,0.039173574796112436,0.03504364537979732,0.0039495708416005994,0.14292325970077613,73.2,31.599050618649922,24,143,0.4316810193804634,1830,0.12270901211939621,0.2686897626078359,-0.2512418068642348,0.7857720253956767
21,-0.5,low,True,-1.1634163011081537,0.2333333333333335,-0.33231129080748467,-0.41692307692307695,11,14,0,0,0.06932821103833237,0.039894432561658325,0.0793113588466471,0.001461790509558585,0.3232903008657243,118.0,68.12916653925346,47,300,0.5773658181292666,2950,0.01695324914448008,0.13582422873835423,-0.3391099275876878,0.35878238809902685
21,-0.5,high,True,-1.1634163011081537,0.2333333333333335,-0.33231129080748467,-0.41692307692307695,11,14,0,0,0.06932821103833237,0.039894432561658325,0.0793113588466471,0.001461790509558585,0.3232903008657243,118.0,68.12916653925346,47,300,0.5773658181292666,2950,0.10592951681260554,0.27994617592177307,-0.26967195352335604,0.7713180675023122
21,0.0,low,True,-0.6774806814389844,0.2333333333333335,-0.13272448168333156,-0.2646153846153846,10,15,0,0,0.07463398758695368,0.04195497105653049,0.07493391541045713,0.0027187576059688238,0.2714651809198148,118.0,68.12916653925346,47,300,0.5773658181292666,2950,0.017852035976272815,0.13539987275689705,-0.3347278356414583,0.36040040437731824
21,0.0,high,True,-0.6774806814389844,0.2333333333333335,-0.13272448168333156,-0.2646153846153846,10,15,0,0,0.07463398758695368,0.04195497105653049,0.07493391541045713,0.0027187576059688238,0.2714651809198148,118.0,68.12916653925346,47,300,0.5773658181292666,2950,0.10684736067055235,0.2796311570328183,-0.2665564375382734,0.7712530218113572
21,0.5,low,True,-0.16416928298668634,0.2400000000000001,0.1650714926955041,-0.08923076923076922,13,12,0,0,0.08392753629386482,0.05156913028919545,0.08540719678412037,0.005687953509278757,0.3420179182613738,118.0,68.12916653925346,47,300,0.5773658181292666,2950,0.01942267944455363,0.13436598371237501,-0.3346644577364268,0.359558496732599
21,0.5,high,True,-0.16416928298668634,0.2400000000000001,0.1650714926955041,-0.08923076923076922,13,12,0,0,0.08392753629386482,0.05156913028919545,0.08540719678412037,0.005687953509278757,0.3420179182613738,118.0,68.12916653925346,47,300,0.5773658181292666,2950,0.1081753975652727,0.278299672251365,-0.2655588368386434,0.7717230443448586
21,1.0,low,True,0.3783257172085851,0.32666666666666677,0.39945115416258026,0.15846153846153843,13,12,0,0,0.09949465065515384,0.05348200322965992,0.12028886374384552,0.009552807149749612,0.5237096308727583,118.0,68.12916653925346,47,300,0.5773658181292666,2950,0.02226809303854102,0.1323990160992247,-0.3345204145466545,0.3500914335608228
21,1.0,high,True,0.3783257172085851,0.32666666666666677,0.39945115416258026,0.15846153846153843,13,12,0,0,0.09949465065515384,0.05348200322965992,0.12028886374384552,0.009552807149749612,0.5237096308727583,118.0,68.12916653925346,47,300,0.5773658181292666,2950,0.11015863292944711,0.2748533717263293,-0.2654263938729763,0.772823803166921
21,1.5,low,True,0.956885982031013,0.3333333333333335,0.5356166802103539,0.3976923076923076,14,11,0,0,0.12357624175634911,0.06518977984618389,0.17656818287771012,0.011376199677007233,0.742945600078668,118.0,68.12916653925346,47,300,0.5773658181292666,2950,0.027456104583784176,0.1307926056233704,-0.33414900585966106,0.39096213375489264
21,1.5,high,True,0.956885982031013,0.3333333333333335,0.5356166802103539,0.3976923076923076,14,11,0,0,0.12357624175634911,0.06518977984618389,0.17656818287771012,0.011376199677007233,0.742945600078668,118.0,68.12916653925346,47,300,0.5773658181292666,2950,0.11323779619443008,0.26838759128917616,-0.26508821405997357,0.7745998545336389
21,2.0,low,True,1.5920056273795438,0.40000000000000013,0.6557854674751222,0.8076923076923078,17,8,0,0,0.15836310515920965,0.07802651727588591,0.24032776360322658,0.015670685202484207,0.934967170809156,118.0,68.12916653925346,47,300,0.5773658181292666,2950,0.03685424185917122,0.13569123257832272,-0.3328968945959893,0.7258356194547342
21,2.0,high,True,1.5920056273795438,0.40000000000000013,0.6557854674751222,0.8076923076923078,17,8,0,0,0.15836310515920965,0.07802651727588591,0.24032776360322658,0.015670685202484207,0.934967170809156,118.0,68.12916653925346,47,300,0.5773658181292666,2950,0.11834638036726967,0.26051954966172475,-0.26395861714954116,0.7767517753533699
22,-0.5,low,True,-0.4229437653090567,0.22000000000000008,-0.1866595685585627,-0.24,14,11,0,0,0.10284279730607704,0.055598044590235034,0.10179430152826185,0.005962368451274235,0.3984293630629368,78.84,40.88671340831069,22,165,0.5186036708309322,1971,0.02618123634760984,0.13249846921627204,-0.4173465285723164,0.4206021322390294
22,-0.5,high,True,-0.4229437653090567,0.22000000000000008,-0.1866595685585627,-0.24,14,11,0,0,0.10284279730607704,0.055598044590235034,0.10179430152826185,0.005962368451274235,0.3984293630629368,78.84,40.88671340831069,22,165,0.5186036708309322,1971,0.12670739496944775,0.2689233039202719,-0.263327850738228,0.7972895191163278
22,0.0,low,True,0.07881802730737524,0.2533333333333335,0.14191656343031955,-0.0007692307692307692,14,11,0,0,0.0972198884561376,0.052697580617404274,0.09271301609824563,0.005740085186826467,0.3142597906543896,78.84,40.88671340831069,22,165,0.5186036708309322,1971,0.025268887268563012,0.13259405952828962,-0.4171931689260503,0.4233174445280141
22,0.0,high,True,0.07881802730737524,0.2533333333333335,0.14191656343031955,-0.0007692307692307692,14,11,0,0,0.0972198884561376,0.052697580617404274,0.09271301609824563,0.005740085186826467,0.3142597906543896,78.84,40.88671340831069,22,165,0.5186036708309322,1971,0.12606939305890846,0.2697700103273783,-0.2571800880113472,0.8021994846652347
22,0.5,low,True,0.5773949248577119,0.3466666666666668,0.4450847687699765,0.26692307692307693,14,11,0,0,0.09568371292911432,0.0532298842844583,0.09992534321282885,0.006031199111053286,0.3247702063807535,78.84,40.88671340831069,22,165,0.5186036708309322,1971,0.024947963045831124,0.1323111530346056,-0.41688793004416574,0.4256216514807141
22,0.5,high,True,0.5773949248577119,0.3466666666666668,0.4450847687699765,0.26692307692307693,14,11,0,0,0.09568371292911432,0.0532298842844583,0.09992534321282885,0.006031199111053286,0.3247702063807535,78.84,40.88671340831069,22,165,0.5186036708309322,1971,0.1256519484825951,0.2693679853084461,-0.24980692469357266,0.7959561679925284
22,1.0,low,True,1.0725766054193973,0.31333333333333346,0.6314891792054239,0.45461538461538464,12,13,0,0,0.0970164085842052,0.049938934535321576,0.11841423945569407,0.006956379658186515,0.43239902736621955,78.84,40.88671340831069,22,165,0.5186036708309322,1971,0.02493925832201551,0.1317892941259827,-0.4162803291990525,0.4150884468996018
22,1.0,high,True,1.0725766054193973,0.31333333333333346,0.6314891792054239,0.45461538461538464,12,13,0,0,0.0970164085842052,0.049938934535321576,0.11841423945569407,0.006956379658186515,0.43239902736621955,78.84,40.88671340831069,22,165,0.5186036708309322,1971,0.12523408808524242,0.2680309469662302,-0.24678464183480453,0.7702539294039281
22,1.5,low,True,1.5635624570960536,0.26666666666666683,0.7336244970589609,0.6207692307692307,12,13,0,0,0.09927194317367702,0.04784742217466696,0.1387033859552617,0.007360316494846899,0.5309643087836763,78.84,40.88671340831069,22,165,0.5186036708309322,1971,0.024961330921832708,0.1313055522028821,-0.41500545000691835,0.3903526250832715
22,1.5,high,True,1.5635624570960536,0.26666666666666683,0.7336244970589609,0.6207692307692307,12,13,0,0,0.09927194317367702,0.04784742217466696,0.1387033859552617,0.007360316494846899,0.5309643087836763,78.84,40.88671340831069,22,165,0.5186036708309322,1971,0.12469421261613718,0.26644302375852397,-0.24719726492412147,0.7664801067221437
22,2.0,low,True,2.0479681967179633,0.18000000000000016,0.8104858662336674,0.8215384615384616,12,13,0,0,0.09890993147116803,0.045563548402788145,0.14718973855818077,0.007645376181191642,0.5743234928906467,78.84,40.88671340831069,22,165,0.5186036708309322,1971,0.024641428187576347,0.13111400227319472,-0.4120150167774175,0.39277438048189195
22,2.0,high,True,2.0479681967179633,0.18000000000000016,0.8104858662336674,0.8215384615384616,12,13,0,0,0.09890993147116803,0.045563548402788145,0.14718973855818077,0.007645376181191642,0.5743234928906467,78.84,40.88671340831069,22,165,0.5186036708309322,1971,0.12414385429121727,0.26600190657174555,-0.24742638096253708,0.7678211463284986
23,-0.5,low,True,-0.12476991386392915,0.2600000000000001,-0.1744439344442696,-0.21315892305035566,17,8,0,0,0.10157131144060293,0.06661445885770051,0.13120410688193135,0.0019935451951952664,0.5728870526392473,86.76,55.31371138033197,32,220,0.6375485405755184,2169,0.034284736171163614,0.13921943327247974,-0.3786559865890643,0.4208411377873237
23,-0.5,high,True,-0.12476991386392915,0.2600000000000001,-0.1744439344442696,-0.21315892305035566,17,8,0,0,0.10157131144060293,0.06661445885770051,0.13120410688193135,0.0019935451951952664,0.5728870526392473,86.76,55.31371138033197,32,220,0.6375485405755184,2169,0.12348494251674656,0.26569035705866334,-0.21233557165911313,0.7550224284776168
23,0.0,low,True,0.3832661285365849,0.3866666666666668,0.06882454401942187,0.09849943014601273,17,8,0,0,0.0975610822076404,0.062346545507678555,0.11875064892623906,0.0011860660151686532,0.4812862904412073,86.76,55.31371138033197,32,220,0.6375485405755184,2169,0.033734076550945576,0.1395940352081152,-0.36874333821616667,0.42048441989826124
23,0.0,high,True,0.3832661285365849,0.3866666666666668,0.06882454401942187,0.09849943014601273,17,8,0,0,0.0975610822076404,0.062346545507678555,0.11875064892623906,0.0011860660151686532,0.4812862904412073,86.76,55.31371138033197,32,220,0.6375485405755184,2169,0.12335558628645799,0.2664266184297633,-0.20438879897886822,0.7546714949559379
23,0.5,low,True,0.856759013836359,0.43333333333333335,0.36450059229691556,0.35321280028921753,15,10,1,0,0.0986042236344328,0.058353787728472155,0.12117405953054636,0.001,0.5054369111979186,86.76,55.31371138033197,32,220,0.6375485405755184,2169,0.034096887438812375,0.139305177075943,-0.3515266731308592,0.4198120433904588
23,0.5,high,True,0.856759013836359,0.43333333333333335,0.36450059229691556,0.35321280028921753,15,10,1,0,0.0986042236344328,0.058353787728472155,0.12117405953054636,0.001,0.5054369111979186,86.76,55.31371138033197,32,220,0.6375485405755184,2169,0.12355934074878908,0.26596092635798213,-0.2018728118101463,0.7767450075893354
23,1.0,low,True,1.3128275524199533,0.3533333333333334,0.6162522977399538,0.575221281516754,13,12,1,0,0.10512864747224629,0.05158955368285194,0.14093126124236488,0.001,0.481467961433613,86.76,55.31371138033197,32,220,0.6375485405755184,2169,0.03551513644468296,0.1386113253283536,-0.34756063697018813,0.4191221003486704
23,1.0,high,True,1.3128275524199533,0.3533333333333334,0.6162522977399538,0.575221281516754,13,12,1,0,0.10512864747224629,0.05158955368285194,0.14093126124236488,0.001,0.481467961433613,86.76,55.31371138033197,32,220,0.6375485405755184,2169,0.12408964107930039,0.2642549277273811,-0.20222599409482175,0.7916975809724692
23,1.5,low,True,1.767715405963432,0.26666666666666683,0.7727481524065816,0.7414390698881504,12,13,1,0,0.11669177113327954,0.04066168550133416,0.17675760877159236,0.001,0.6290492946911996,86.76,55.31371138033197,32,220,0.6375485405755184,2169,0.03791512433179528,0.1382636438377436,-0.34785483896104197,0.4935264427457171
23,1.5,high,True,1.767715405963432,0.26666666666666683,0.7727481524065816,0.7414390698881504,12,13,1,0,0.11669177113327954,0.04066168550133416,0.17675760877159236,0.001,0.6290492946911996,86.76,55.31371138033197,32,220,0.6375485405755184,2169,0.12454776584376798,0.261380183561161,-0.20246670933666103,0.7974314062911533
23,2.0,low,True,2.2207516492343746,0.14666666666666683,0.8599691030438673,0.8680262281617371,12,13,1,0,0.13036961499623176,0.04613140633756989,0.2184804693319454,0.001,0.8257341783872383,86.76,55.31371138033197,32,220,0.6375485405755184,2169,0.040304296983302706,0.13975961767460904,-0.348034786775378,0.6694703424658688
23,2.0,high,True,2.2207516492343746,0.14666666666666683,0.8599691030438673,0.8680262281617371,12,13,1,0,0.13036961499623176,0.04613140633756989,0.2184804693319454,0.001,0.8257341783872383,86.76,55.31371138033197,32,220,0.6375485405755184,2169,0.12396663110056055,0.2584519674601728,-0.20262502081355988,0.7989775454028596
24,-0.5,low,True,-0.017950227467618464,0.2600000000000001,0.05603233536291448,-0.011927665369243728,7,18,0,0,0.0652100820806734,0.033797812983161764,0.09928093591620175,0.005337905382039208,0.43205604848515117,90.16,43.14093183972734,38,211,0.47849303282749933,2254,0.0252983581564073,0.12678556998070464,-0.32853471216290564,0.3693750291015194
24,-0.5,high,True,-0.017950227467618464,0.2600000000000001,0.05603233536291448,-0.011927665369243728,7,18,0,0,0.0652100820806734,0.033797812983161764,0.09928093591620175,0.005337905382039208,0.43205604848515117,90.16,43.14093183972734,38,211,0.47849303282749933,2254,0.11415846874402841,0.26734450119649394,-0.3101004260893492,0.7858452969632317
24,0.0,low,True,0.4927889040894823,0.3533333333333334,0.13491430665919762,0.24355523157197678,7,18,0,0,0.07249377001231982,0.0338132976743282,0.12466763918503927,0.004275424020059063,0.5569522733626394,90.16,43.14093183972734,38,211,0.47849303282749933,2254,0.02609023447279759,0.12615128394051703,-0.32840940558163867,0.36972400069197275
24,0.0,high,True,0.4927889040894823,0.3533333333333334,0.13491430665919762,0.24355523157197678,7,18,0,0,0.07249377001231982,0.0338132976743282,0.12466763918503927,0.004275424020059063,0.5569522733626394,90.16,43.14093183972734,38,211,0.47849303282749933,2254,0.11431860716087203,0.2655017044069556,-0.3103316868442912,0.7858498764055254
24,0.5,low,True,0.9836153202072601,0.32666666666666677,0.19560188180507665,0.4236245023076563,8,17,0,0,0.07942363503376933,0.03151552795985532,0.1444509479034019,0.003139119525108864,0.6513203149050336,90.16,43.14093183972734,38,211,0.47849303282749933,2254,0.026941826450050717,0.12571918898410925,-0.3281649592241088,0.3702188906100589
24,0.5,high,True,0.9836153202072601,0.32666666666666677,0.19560188180507665,0.4236245023076563,8,17,0,0,0.07942363503376933,0.03151552795985532,0.1444509479034019,0.003139119525108864,0.6513203149050336,90.16,43.14093183972734,38,211,0.47849303282749933,2254,0.11452739850896312,0.2638395573986975,-0.31048533511703824,0.7857226223725479
24,1.0,low,True,1.4532140385997567,0.2600000000000001,0.262465447830013,0.5763755717137776,8,17,0,0,0.08482769319940284,0.03525564943980537,0.15213299873610275,0.0025623708410357545,0.6865569344174629,90.16,43.14093183972734,38,211,0.47849303282749933,2254,0.027730398116233197,0.12557736675653516,-0.32776264520358356,0.3709174311492279
24,1.0,high,True,1.4532140385997567,0.2600000000000001,0.262465447830013,0.5763755717137776,8,17,0,0,0.08482769319940284,0.03525564943980537,0.15213299873610275,0.0025623708410357545,0.6865569344174629,90.16,43.14093183972734,38,211,0.47849303282749933,2254,0.1149788840981706,0.26307821405747733,-0.31058718631514387,0.7852954205652775
24,1.5,low,True,1.8965794447839053,0.2266666666666668,0.3702824589152409,0.7456714672772371,10,15,0,0,0.08813495716955275,0.033861273745933645,0.14276828734488872,0.0023841300654719715,0.6365465782263926,90.16,43.14093183972734,38,211,0.47849303282749933,2254,0.028362733253711643,0.1257318825567958,-0.3271246517594587,0.37192160282876374
24,1.5,high,True,1.8965794447839053,0.2266666666666668,0.3702824589152409,0.7456714672772371,10,15,0,0,0.08813495716955275,0.033861273745933645,0.14276828734488872,0.0023841300654719715,0.6365465782263926,90.16,43.14093183972734,38,211,0.47849303282749933,2254,0.11583931752710425,0.2637424879098023,-0.31064754311955645,0.7842663290031154
24,2.0,low,True,2.2988044378034473,0.20000000000000018,0.6047148527494792,0.8557137993934855,9,16,0,0,0.09050469583983971,0.03683099397629967,0.1174994253427705,0.002723823546809775,0.4826006027759257,90.16,43.14093183972734,38,211,0.47849303282749933,2254,0.028903169356121503,0.12641548920096526,-0.32608324294041935,0.37351760912528137
24,2.0,high,True,2.2988044378034473,0.20000000000000018,0.6047148527494792,0.8557137993934855,9,16,0,0,0.09050469583983971,0.03683099397629967,0.1174994253427705,0.002723823546809775,0.4826006027759257,90.16,43.14093183972734,38,211,0.47849303282749933,2254,0.11697895941187085,0.2656929342765559,-0.3106571047094459,0.782221925389512
25,-0.5,low,True,-1.1478184398047688,0.14666666666666683,-0.21349535047814802,-0.2612543479263384,9,16,0,0,0.0836785660556103,0.033412883986913756,0.14279889936545126,0.001799682547699633,0.672510370285146,83.96,57.30363571944338,31,328,0.6825111448242422,2099,0.01856210076891393,0.13219256324450807,-0.3134591325885867,0.3950625046339904
25,-0.5,high,True,-1.1478184398047688,0.14666666666666683,-0.21349535047814802,-0.2612543479263384,9,16,0,0,0.0836785660556103,0.033412883986913756,0.14279889936545126,0.001799682547699633,0.672510370285146,83.96,57.30363571944338,31,328,0.6825111448242422,2099,0.1084323920969504,0.2690873954502604,-0.24019614505301293,0.7815872625586124
25,0.0,low,True,-0.6618970527456898,0.14666666666666683,-0.19023506118879616,-0.17045018576048296,10,15,0,0,0.07748980698115847,0.03133876855335647,0.13075293152052417,0.0029006977150872904,0.6188526787651351,83.96,57.30363571944338,31,328,0.6825111448242422,2099,0.01797324598588076,0.13243054764340556,-0.3134338676056522,0.3977004360769812
25,0.0,high,True,-0.6618970527456898,0.14666666666666683,-0.19023506118879616,-0.17045018576048296,10,15,0,0,0.07748980698115847,0.03133876855335647,0.13075293152052417,0.0029006977150872904,0.6188526787651351,83.96,57.30363571944338,31,328,0.6825111448242422,2099,0.10834501705443808,0.2700896598524138,-0.23969683745926032,0.7865729429000654
25,0.5,low,True,-0.14922959337841799,0.14666666666666683,-0.16430584135583212,-0.05040400527002995,9,16,0,0,0.06944726994773416,0.029953545408386337,0.10939235947530579,0.0019521129971246005,0.5144283106078619,83.96,57.30363571944338,31,328,0.6825111448242422,2099,0.017406353567347727,0.1328323142310919,-0.31338135958897273,0.4002770336332892
25,0.5,high,True,-0.14922959337841799,0.14666666666666683,-0.16430584135583212,-0.05040400527002995,9,16,0,0,0.06944726994773416,0.029953545408386337,0.10939235947530579,0.0019521129971246005,0.5144283106078619,83.96,57.30363571944338,31,328,0.6825111448242422,2099,0.10849777990632858,0.2715474305192044,-0.23892125382287743,0.7912246041316903
25,1.0,low,True,0.3919501771312901,0.22000000000000008,-0.11322159110973032,0.1585225203912392,10,15,0,0,0.06103134182399409,0.030674693002439784,0.08369643926687101,0.0014851499969742615,0.3837038436798415,83.96,57.30363571944338,31,328,0.6825111448242422,2099,0.01687394538934096,0.13322647842936405,-0.3132781369053993,0.4027731357819643
25,1.0,high,True,0.3919501771312901,0.22000000000000008,-0.11322159110973032,0.1585225203912392,10,15,0,0,0.06103134182399409,0.030674693002439784,0.08369643926687101,0.0014851499969742615,0.3837038436798415,83.96,57.30363571944338,31,328,0.6825111448242422,2099,0.10861898601817463,0.27295201964951044,-0.23769489528342394,0.7952640007341365
25,1.5,low,True,0.9683656274429743,0.2333333333333335,0.051579594158965986,0.34359371531402094,11,14,0,0,0.05425595978358509,0.03677049171884435,0.05907003812418874,0.0013147956782549677,0.2503240832010089,83.96,57.30363571944338,31,328,0.6825111448242422,2099,0.016474189626197996,0.13345417094450063,-0.3130551231670951,0.4054096596823238
25,1.5,high,True,0.9683656274429743,0.2333333333333335,0.051579594158965986,0.34359371531402094,11,14,0,0,0.05425595978358509,0.03677049171884435,0.05907003812418874,0.0013147956782549677,0.2503240832010089,83.96,57.30363571944338,31,328,0.6825111448242422,2099,0.10866755376741057,0.27392042382097864,-0.23569789525969095,0.7985188246292257
25,2.0,low,True,1.6000394612052884,0.2400000000000001,0.6601488892478546,0.6206233625996816,8,17,0,0,0.05374970684912776,0.04461676268032858,0.04976969590446221,0.0014762929204032678,0.18411277300166376,83.96,57.30363571944338,31,328,0.6825111448242422,2099,0.016529559323076606,0.13328036342205687,-0.31243645351846017,0.404798891399478
25,2.0,high,True,1.6000394612052884,0.2400000000000001,0.6601488892478546,0.6206233625996816,8,17,0,0,0.05374970684912776,0.04461676268032858,0.04976969590446221,0.0014762929204032678,0.18411277300166376,83.96,57.30363571944338,31,328,0.6825111448242422,2099,0.10885456709457264,0.2739703672726567,-0.23224709356606893,0.7923771458526547
26,-0.5,low,True,-0.7963981283984654,0.2400000000000001,-0.28195895538588867,-0.18160832433171092,16,9,0,0,0.09173620795756511,0.08371866935917388,0.07722435288618473,0.003473186960567389,0.28331622076468177,92.0,51.36308661545436,29,274,0.5582944197331995,2300,0.01783299624147294,0.1384238047458693,-0.4128356449186509,0.40130733748991293
26,-0.5,high,True,-0.7963981283984654,0.2400000000000001,-0.28195895538588867,-0.18160832433171092,16,9,0,0,0.09173620795756511,0.08371866935917388,0.07722435288618473,0.003473186960567389,0.28331622076468177,92.0,51.36308661545436,29,274,0.5582944197331995,2300,0.10677274292712814,0.2810479217285368,-0.26203886661492365,0.7974880614793108
26,0.0,low,True,-0.3016056853334271,0.2400000000000001,-0.07448048896585677,-0.011927665369243728,16,9,0,0,0.09283161054830139,0.09487173525409177,0.07580434321016692,0.006284189648417597,0.30783907194642196,92.0,51.36308661545436,29,274,0.5582944197331995,2300,0.01792098736338693,0.13822510913282535,-0.41300381606900494,0.4028158420930829
26,0.0,high,True,-0.3016056853334271,0.2400000000000001,-0.07448048896585677,-0.011927665369243728,16,9,0,0,0.09283161054830139,0.09487173525409177,0.07580434321016692,0.006284189648417597,0.30783907194642196,92.0,51.36308661545436,29,274,0.5582944197331995,2300,0.10692730683514555,0.2807086984093565,-0.2749218936492203,0.7976730515307645
26,0.5,low,True,0.20537410232700795,0.3333333333333335,0.11772970197272913,0.2943440002410146,15,10,0,0,0.09563020312944084,0.09094140683619399,0.08318158170835577,0.009574610581590785,0.33162733163139124,92.0,51.36308661545436,29,274,0.5582944197331995,2300,0.018328011731996424,0.13783919807863157,-0.4132353546449527,0.4039532543550963
26,0.5,high,True,0.20537410232700795,0.3333333333333335,0.11772970197272913,0.2943440002410146,15,10,0,0,0.09563020312944084,0.09094140683619399,0.08318158170835577,0.009574610581590785,0.33162733163139124,92.0,51.36308661545436,29,274,0.5582944197331995,2300,0.10723866688287013,0.27987058243208257,-0.28288847039204923,0.7972260567858097
26,1.0,low,True,0.7253460541115823,0.3400000000000002,0.27492234062417,0.4621008422084425,15,10,0,0,0.09928341887812808,0.06641014966913238,0.09225606883468868,0.008665946063461116,0.33034989498983636,92.0,51.36308661545436,29,274,0.5582944197331995,2300,0.018938791342365688,0.13747688660363405,-0.4135456677870334,0.4044042390650823
26,1.0,high,True,0.7253460541115823,0.3400000000000002,0.27492234062417,0.4621008422084425,15,10,0,0,0.09928341887812808,0.06641014966913238,0.09225606883468868,0.008665946063461116,0.33034989498983636,92.0,51.36308661545436,29,274,0.5582944197331995,2300,0.10768937443516156,0.27892049338331726,-0.2879354050227058,0.7959854328765746
26,1.5,low,True,1.2613737978214683,0.21333333333333349,0.4360785241286905,0.6271643403828153,13,12,0,0,0.10288917365348771,0.059446611198629276,0.0987959920599016,0.008490569228103201,0.34478404722290945,92.0,51.36308661545436,29,274,0.5582944197331995,2300,0.019615787097116824,0.13734238363467377,-0.41394674917860186,0.40390966780088056
26,1.5,high,True,1.2613737978214683,0.21333333333333349,0.4360785241286905,0.6271643403828153,13,12,0,0,0.10288917365348771,0.059446611198629276,0.0987959920599016,0.008490569228103201,0.34478404722290945,92.0,51.36308661545436,29,274,0.5582944197331995,2300,0.10821620369912954,0.27817783887067393,-0.2911851351044089,0.7941061486249742
26,2.0,low,True,1.8225810502508912,0.2466666666666668,0.6893159538306225,0.8368603928421003,13,12,0,0,0.10629030956335896,0.05167113199268381,0.10227531051320565,0.009419897520167685,0.32084372333533173,92.0,51.36308661545436,29,274,0.5582944197331995,2300,0.020301620067633742,0.13778705576715689,-0.41445584368437705,0.4023572755322353
26,2.0,high,True,1.8225810502508912,0.2466666666666668,0.6893159538306225,0.8368603928421003,13,12,0,0,0.10629030956335896,0.05167113199268381,0.10227531051320565,0.009419897520167685,0.32084372333533173,92.0,51.36308661545436,29,274,0.5582944197331995,2300,0.1087643712143499,0.277864210511078,-0.2934487921099863,0.7923823458528442
27,-0.5,low,True,-0.8630664594350866,0.2066666666666669,-0.5041849419111166,-0.5874206686850589,16,9,0,0,0.09434100252291194,0.0798445794322135,0.08294641599605636,0.008698464870254741,0.3253367841657006,95.12,52.474851119369546,29,222,0.5516700075627581,2378,0.04895148438559106,0.130781327670429,-0.2863236217444052,0.4214454513865681
27,-0.5,high,True,-0.8630664594350866,0.2066666666666669,-0.5041849419111166,-0.5874206686850589,16,9,0,0,0.09434100252291194,0.0798445794322135,0.08294641599605636,0.008698464870254741,0.3253367841657006,95.12,52.474851119369546,29,222,0.5516700075627581,2378,0.13763925834652432,0.26524487489838366,-0.21008267118014454,0.7935035958104988
27,0.0,low,True,-0.3704792830446853,0.32666666666666677,-0.24174350776992828,-0.30929025384596426,17,8,0,0,0.08919069983820099,0.07804113039173143,0.06434467236938002,0.012300808121999624,0.2197369295344208,95.12,52.474851119369546,29,222,0.5516700075627581,2378,0.048344912026751036,0.13072935959168291,-0.2846872848340567,0.4350310100795572
27,0.0,high,True,-0.3704792830446853,0.32666666666666677,-0.24174350776992828,-0.30929025384596426,17,8,0,0,0.08919069983820099,0.07804113039173143,0.06434467236938002,0.012300808121999624,0.2197369295344208,95.12,52.474851119369546,29,222,0.5516700075627581,2378,0.13732871880850037,0.2660018281978663,-0.20862590957738972,0.7992999968660506
27,0.5,low,True,0.1370782964497887,0.3933333333333334,0.16672515122697512,-0.03039046026595917,18,7,0,0,0.08914734412455172,0.06587632237018673,0.06527151198619241,0.008413800921175496,0.23799420404754199,95.12,52.474851119369546,29,222,0.5516700075627581,2378,0.04833624303653115,0.13050952651901856,-0.282411394760909,0.43293474841754975
27,0.5,high,True,0.1370782964497887,0.3933333333333334,0.16672515122697512,-0.03039046026595917,18,7,0,0,0.08914734412455172,0.06587632237018673,0.06527151198619241,0.008413800921175496,0.23799420404754199,95.12,52.474851119369546,29,222,0.5516700075627581,2378,0.13731144484490096,0.26588279780913143,-0.20648668347706975,0.7962220604464135
27,1.0,low,True,0.6605948842918276,0.42000000000000015,0.4832651078377412,0.29582612588003293,15,10,0,0,0.09408489115094232,0.060999749275182216,0.08308705616223455,0.006113445841445889,0.3783757211091712,95.12,52.474851119369546,29,222,0.5516700075627581,2378,0.0488953863391821,0.13001587776933074,-0.27884368497741024,0.41640269479845077
27,1.0,high,True,0.6605948842918276,0.42000000000000015,0.4832651078377412,0.29582612588003293,15,10,0,0,0.09408489115094232,0.060999749275182216,0.08308705616223455,0.006113445841445889,0.3783757211091712,95.12,52.474851119369546,29,222,0.5516700075627581,2378,0.1375833784140071,0.2648836931276261,-0.2030021002736314,0.7940865787443833
27,1.5,low,True,1.2038337073915655,0.56,0.6549151160192628,0.750528961758055,14,11,0,0,0.10388625895648651,0.060300831799154866,0.11451088245368264,0.004786318335711434,0.5688653623030777,95.12,52.474851119369546,29,222,0.5516700075627581,2378,0.04996415307029314,0.1291846027293722,-0.27235306627755657,0.4134674804669613
27,1.5,high,True,1.2038337073915655,0.56,0.6549151160192628,0.750528961758055,14,11,0,0,0.10388625895648651,0.060300831799154866,0.11451088245368264,0.004786318335711434,0.5688653623030777,95.12,52.474851119369546,29,222,0.5516700075627581,2378,0.13794055728238266,0.26276795101116185,-0.19662160427280642,0.7913212379727269
27,2.0,low,True,1.7780019419429405,0.2466666666666668,0.7585926770011027,0.8767070752673537,16,9,0,0,0.11818729601963796,0.08660760337455754,0.15447730579984933,0.004212718177082633,0.7834006251480827,95.12,52.474851119369546,29,222,0.5516700075627581,2378,0.05147786044375319,0.12835758617634596,-0.2579703194609538,0.4080250238802517
27,2.0,high,True,1.7780019419429405,0.2466666666666668,0.7585926770011027,0.8767070752673537,16,9,0,0,0.11818729601963796,0.08660760337455754,0.15447730579984933,0.004212718177082633,0.7834006251480827,95.12,52.474851119369546,29,222,0.5516700075627581,2378,0.13800288965544852,0.25958010444723484,-0.18299036332034452,0.7920799716994006
28,-0.5,low,True,-0.437634739216431,0.18000000000000016,-0.2440355606963206,-0.15431982559613322,13,12,0,0,0.11198953769708979,0.05133450530539824,0.1608295265239858,0.0075205575697166425,0.750569687500937,100.72,56.62340505480044,25,276,0.5621863091223237,2518,0.021579550343892296,0.13707232367125252,-0.3396249581361697,0.40490674323239817
28,-0.5,high,True,-0.437634739216431,0.18000000000000016,-0.2440355606963206,-0.15431982559613322,13,12,0,0,0.11198953769708979,0.05133450530539824,0.1608295265239858,0.0075205575697166425,0.750569687500937,100.72,56.62340505480044,25,276,0.5621863091223237,2518,0.11071352727840097,0.2735881559822601,-0.20603123952201588,0.770146534467306
28,0.0,low,True,0.06592185109617456,0.2600000000000001,-0.18365861161934283,0.10198192963335485,14,11,0,0,0.11642195803024943,0.05570829179411067,0.15074049610268592,0.009235903314108646,0.6477650209543985,100.72,56.62340505480044,25,276,0.5621863091223237,2518,0.022741578709595308,0.13782356714767124,-0.3383261122643572,0.40571457828415713
28,0.0,high,True,0.06592185109617456,0.2600000000000001,-0.18365861161934283,0.10198192963335485,14,11,0,0,0.11642195803024943,0.05570829179411067,0.15074049610268592,0.009235903314108646,0.6477650209543985,100.72,56.62340505480044,25,276,0.5621863091223237,2518,0.11221087588110178,0.2744787729641198,-0.20605196617477584,0.7695352242893597
28,0.5,low,True,0.5668146576847196,0.28000000000000014,-0.0917432106805766,0.2697710666904972,14,11,0,0,0.11861459151076126,0.06019121965490196,0.13627725604006458,0.007566724085092492,0.504071283922577,100.72,56.62340505480044,25,276,0.5621863091223237,2518,0.02346582724996588,0.13800905849953624,-0.3362681594894416,0.4083968761111383
28,0.5,high,True,0.5668146576847196,0.28000000000000014,-0.0917432106805766,0.2697710666904972,14,11,0,0,0.11861459151076126,0.06019121965490196,0.13627725604006458,0.007566724085092492,0.504071283922577,100.72,56.62340505480044,25,276,0.5621863091223237,2518,0.1133043980458252,0.2752824756354085,-0.20603695017782903,0.769193821581036
28,1.0,low,True,1.0648677714211159,0.2333333333333335,0.06461807469105932,0.41331544311782314,17,8,0,0,0.11945964877690164,0.08028552750326767,0.12145553472038426,0.006361963120219329,0.4209130025734424,100.72,56.62340505480044,25,276,0.5621863091223237,2518,0.023875555013358238,0.13750201970450424,-0.3330149333399117,0.41312751666660896
28,1.0,high,True,1.0648677714211159,0.2333333333333335,0.06461807469105932,0.41331544311782314,17,8,0,0,0.11945964877690164,0.08028552750326767,0.12145553472038426,0.006361963120219329,0.4209130025734424,100.72,56.62340505480044,25,276,0.5621863091223237,2518,0.11399212767005863,0.2756290516632511,-0.20598011660596857,0.782645553895962
28,1.5,low,True,1.5594115762286653,0.27333333333333343,0.3486248743567203,0.58572262981874,17,8,0,0,0.1207695887471027,0.08474039070594165,0.10847423444289422,0.005522608021277772,0.4071873501871569,100.72,56.62340505480044,25,276,0.5621863091223237,2518,0.02439588198975059,0.13656036289944773,-0.3278922555031457,0.41928937075940953
28,1.5,high,True,1.5594115762286653,0.27333333333333343,0.3486248743567203,0.58572262981874,17,8,0,0,0.1207695887471027,0.08474039070594165,0.10847423444289422,0.005522608021277772,0.4071873501871569,100.72,56.62340505480044,25,276,0.5621863091223237,2518,0.11465418582058651,0.27556892838463076,-0.2058546451013327,0.7840443446218756
28,2.0,low,True,2.0484519044600047,0.2600000000000001,0.7909287688668638,0.825091536354388,17,8,0,0,0.12689236958132316,0.10486736834994044,0.11417991757567494,0.004747430377961589,0.40977055987871824,100.72,56.62340505480044,25,276,0.5621863091223237,2518,0.02604519933723426,0.13568608526861858,-0.3198909719124082,0.42381969784224405
28,2.0,high,True,2.0484519044600047,0.2600000000000001,0.7909287688668638,0.825091536354388,17,8,0,0,0.12689236958132316,0.10486736834994044,0.11417991757567494,0.004747430377961589,0.40977055987871824,100.72,56.62340505480044,25,276,0.5621863091223237,2518,0.1158398602533667,0.2748206094807124,-0.20556467122322064,0.7890017022440038
29,-0.5,low,True,-0.5330373707859399,0.2400000000000001,-0.1519671009334979,-0.24283244376847893,15,10,0,1,0.13172095578329227,0.082626536392086,0.18823579032776513,0.012045681182702267,0.95,78.4,40.54113137707596,36,174,0.5171062675647444,1960,0.036365390569105566,0.13435261393828668,-0.3339794446956567,0.38120510723721507
29,-0.5,high,True,-0.5330373707859399,0.2400000000000001,-0.1519671009334979,-0.24283244376847893,15,10,0,1,0.13172095578329227,0.082626536392086,0.18823579032776513,0.012045681182702267,0.95,78.4,40.54113137707596,36,174,0.5171062675647444,1960,0.11895217758681267,0.265205614429423,-0.2824401865185028,0.778785087689224
29,0.0,low,True,-0.033844509885764276,0.2466666666666668,-0.012914951570914268,-0.07234944441913477,16,9,0,1,0.12769973299710968,0.08312923455550136,0.1911064905135344,0.012559675846713482,0.95,78.4,40.54113137707596,36,174,0.5171062675647444,1960,0.03527037406292034,0.13451614467150008,-0.3369440001613383,0.38635572893086984
29,0.0,high,True,-0.033844509885764276,0.2466666666666668,-0.012914951570914268,-0.07234944441913477,16,9,0,1,0.12769973299710968,0.08312923455550136,0.1911064905135344,0.012559675846713482,0.95,78.4,40.54113137707596,36,174,0.5171062675647444,1960,0.11787520486910358,0.265395952581052,-0.2851140816572892,0.7838552588746811
29,0.5,low,True,0.46452059303409404,0.30000000000000016,0.12108245604921283,0.21435447096520246,16,9,0,1,0.12652142077960124,0.07585304003353874,0.19997609691076745,0.010346822266286063,0.95,78.4,40.54113137707596,36,174,0.5171062675647444,1960,0.034729367615143905,0.135391955447502,-0.33856741707629306,0.5059622504829449
29,0.5,high,True,0.46452059303409404,0.30000000000000016,0.12108245604921283,0.21435447096520246,16,9,0,1,0.12652142077960124,0.07585304003353874,0.19997609691076745,0.010346822266286063,0.95,78.4,40.54113137707596,36,174,0.5171062675647444,1960,0.11705914545704263,0.265289242465552,-0.28657764055875284,0.7864380401433139
29,1.0,low,True,0.966715331904848,0.31333333333333346,0.2993742061152803,0.3948432445427249,15,10,0,0,0.11890487967773772,0.05979665754161092,0.17852445395336203,0.008669063345634933,0.7358947790591214,78.4,40.54113137707596,36,174,0.5171062675647444,1960,0.033843452686528615,0.13696099152153407,-0.33942729974260916,0.4718338082079743
29,1.0,high,True,0.966715331904848,0.31333333333333346,0.2993742061152803,0.3948432445427249,15,10,0,0,0.11890487967773772,0.05979665754161092,0.17852445395336203,0.008669063345634933,0.7358947790591214,78.4,40.54113137707596,36,174,0.5171062675647444,1960,0.11855796368272876,0.2683204285184241,-0.2873550558516719,0.7874942021215919
29,1.5,low,True,1.4717149407533696,0.28000000000000014,0.5166551025786449,0.6026554785125801,12,13,0,0,0.10949436592879067,0.04648431159702225,0.15604245911447825,0.007399272507605483,0.6820469104642041,78.4,40.54113137707596,36,174,0.5171062675647444,1960,0.03236634789865895,0.13731539887771085,-0.33986898444303737,0.39937342416220056
29,1.5,high,True,1.4717149407533696,0.28000000000000014,0.5166551025786449,0.6026554785125801,12,13,0,0,0.10949436592879067,0.04648431159702225,0.15604245911447825,0.007399272507605483,0.6820469104642041,78.4,40.54113137707596,36,174,0.5171062675647444,1960,0.11834151134163334,0.2707085754261834,-0.28775678213743056,0.7877585921577178
29,2.0,low,True,1.9798580088649445,0.2266666666666668,0.7320277935898095,0.8127767373043225,12,13,0,0,0.09962516129970829,0.041711587522566845,0.13744757135705776,0.007009420392143022,0.6143156619937523,78.4,40.54113137707596,36,174,0.5171062675647444,1960,0.03083834646164367,0.1374042253940671,-0.34008715054321204,0.44383048994896446
29,2.0,high,True,1.9798580088649445,0.2266666666666668,0.7320277935898095,0.8127767373043225,12,13,0,0,0.09962516129970829,0.041711587522566845,0.13744757135705776,0.007009420392143022,0.6143156619937523,78.4,40.54113137707596,36,174,0.5171062675647444,1960,0.117612356021598,0.27231891455108054,-0.28795704830712077,0.7876778079854161
30,-0.5,low,True,0.4560015293071195,0.27333333333333343,0.2645864079140021,0.1734949060752859,17,8,0,1,0.14249381031100034,0.080400956326033,0.1912801405260072,0.008256022232431081,0.95,84.32,43.800418567254205,30,220,0.5194546794029199,2108,0.050184206720615826,0.13243741933765898,-0.3216922655672618,0.45756803031831245
30,-0.5,high,True,0.4560015293071195,0.27333333333333343,0.2645864079140021,0.1734949060752859,17,8,0,1,0.14249381031100034,0.080400956326033,0.1912801405260072,0.008256022232431081,0.95,84.32,43.800418567254205,30,220,0.5194546794029199,2108,0.1324869672955705,0.25596471743398774,-0.2573614051140258,0.8083087615348579
30,0.0,low,True,0.9436953478221607,0.2266666666666668,0.4281921527538968,0.3631467657096893,15,10,0,1,0.1487672855021594,0.08348316952929012,0.19777640694887863,0.008687137119369161,0.95,84.32,43.800418567254205,30,220,0.5194546794029199,2108,0.051986377958846045,0.13271805937435752,-0.32135234916730376,0.45566314242540795
30,0.0,high,True,0.9436953478221607,0.2266666666666668,0.4281921527538968,0.3631467657096893,15,10,0,1,0.1487672855021594,0.08348316952929012,0.19777640694887863,0.008687137119369161,0.95,84.32,43.800418567254205,30,220,0.5194546794029199,2108,0.13381992726800324,0.25499585343173736,-0.23612249540637703,0.8052186928239402
30,0.5,low,True,1.4045175104793821,0.22000000000000008,0.5902337259838712,0.502019628444009,16,9,0,1,0.15708965815239537,0.06528075453790808,0.2169705991508404,0.009552564164949854,0.95,84.32,43.800418567254205,30,220,0.5194546794029199,2108,0.054385197410305584,0.13445199742446068,-0.32095174870181925,0.5893596233790466
30,0.5,high,True,1.4045175104793821,0.22000000000000008,0.5902337259838712,0.502019628444009,16,9,0,1,0.15708965815239537,0.06528075453790808,0.2169705991508404,0.009552564164949854,0.95,84.32,43.800418567254205,30,220,0.5194546794029199,2108,0.13502097010208278,0.2532120637679106,-0.23709796043798462,0.8001651481949482
30,1.0,low,True,1.836693485243965,0.2066666666666669,0.7065360098605351,0.6235814695078458,15,10,0,1,0.16662912988957793,0.08384681515581888,0.25322283760686515,0.009582103647876254,0.95,84.32,43.800418567254205,30,220,0.5194546794029199,2108,0.0573084895537419,0.1387992754240525,-0.32052339938212104,0.8923170454480627
30,1.0,high,True,1.836693485243965,0.2066666666666669,0.7065360098605351,0.6235814695078458,15,10,0,1,0.16662912988957793,0.08384681515581888,0.25322283760686515,0.009582103647876254,0.95,84.32,43.800418567254205,30,220,0.5194546794029199,2108,0.13449699430160134,0.2506762231041176,-0.23759141372705753,0.8926026128464022
30,1.5,low,True,2.1821838734816934,0.19532442123051585,0.7410850209557768,0.7360523278183917,16,9,0,2,0.16198099024666388,0.07321661103005753,0.25484441363980836,0.008806653621691904,0.95,84.32,43.800418567254205,30,220,0.5194546794029199,2108,0.05574793282847248,0.13887680935933408,-0.3201126811141309,0.895692599298623
30,1.5,high,True,2.1821838734816934,0.19532442123051585,0.7410850209557768,0.7360523278183917,16,9,0,2,0.16198099024666388,0.07321661103005753,0.25484441363980836,0.008806653621691904,0.95,84.32,43.800418567254205,30,220,0.5194546794029199,2108,0.132923970118955,0.25101887433128145,-0.23784729537088709,0.8959693561600771
30,2.0,low,True,2.502925992015465,0.188646615597574,0.7706795179839668,0.8818776452481724,15,10,0,2,0.15415476910380327,0.07547309786147104,0.25437409650798165,0.006095134112010812,0.95,84.32,43.800418567254205,30,220,0.5194546794029199,2108,0.05330233483365146,0.13850925622666224,-0.3201748748610198,0.895692599298623
30,2.0,high,True,2.502925992015465,0.188646615597574,0.7706795179839668,0.8818776452481724,15,10,0,2,0.15415476910380327,0.07547309786147104,0.25437409650798165,0.006095134112010812,0.95,84.32,43.800418567254205,30,220,0.5194546794029199,2108,0.13073267833111019,0.2516628547194658,-0.2379823326112094,0.8959693561600771
31,-0.5,low,True,-0.9078704478263123,0.17333333333333345,-0.173722253372511,-0.3789919480227443,12,13,0,1,0.11479444469262728,0.047391098676731254,0.18960194247361695,0.00376645726256184,0.95,76.4,30.04995840263344,28,139,0.3933240628616942,1910,0.04604400479759737,0.13127075114248354,-0.3327676768283693,0.48096939266729755
31,-0.5,high,True,-0.9078704478263123,0.17333333333333345,-0.173722253372511,-0.3789919480227443,12,13,0,1,0.11479444469262728,0.047391098676731254,0.18960194247361695,0.00376645726256184,0.95,76.4,30.04995840263344,28,139,0.3933240628616942,1910,0.1327570001320951,0.2616848777247884,-0.19537990252679485,0.817528787465433
31,0.0,low,True,-0.41381947589947315,0.2333333333333335,-0.07677932422167422,-0.15736823019421564,11,14,0,1,0.11064507905163509,0.04493037556783172,0.18911520584107472,0.004148303297768138,0.95,76.4,30.04995840263344,28,139,0.3933240628616942,1910,0.04509254552046992,0.1318792239549104,-0.3350930102334426,0.4812505693332749
31,0.0,high,True,-0.41381947589947315,0.2333333333333335,-0.07677932422167422,-0.15736823019421564,11,14,0,1,0.11064507905163509,0.04493037556783172,0.18911520584107472,0.004148303297768138,0.95,76.4,30.04995840263344,28,139,0.3933240628616942,1910,0.1318906491952373,0.2623392117488238,-0.196253725505229,0.8180975931978577
31,0.5,low,True,0.09527460573837702,0.26666666666666683,0.009056535912273858,0.011927665369243728,10,15,0,0,0.10651244220615064,0.03902791517995101,0.18347250690546754,0.0050523479315688615,0.9144527580344944,76.4,30.04995840263344,28,139,0.3933240628616942,1910,0.04429722335574427,0.13277770830248647,-0.3363678376559021,0.48175399244257916
31,0.5,high,True,0.09527460573837702,0.26666666666666683,0.009056535912273858,0.011927665369243728,10,15,0,0,0.10651244220615064,0.03902791517995101,0.18347250690546754,0.0050523479315688615,0.9144527580344944,76.4,30.04995840263344,28,139,0.3933240628616942,1910,0.13166585778146686,0.2634445367678761,-0.1968210523951213,0.8190505501371885
31,1.0,low,True,0.6247970041470134,0.2400000000000001,0.13189089011749755,0.16929589556345936,10,15,0,0,0.09527848383392304,0.03772763896001415,0.14360057677014385,0.006849930265903731,0.6840424274910736,76.4,30.04995840263344,28,139,0.3933240628616942,1910,0.04272904518865088,0.13458067935971962,-0.33707232994752057,0.48236476778749376
31,1.0,high,True,0.6247970041470134,0.2400000000000001,0.13189089011749755,0.16929589556345936,10,15,0,0,0.09527848383392304,0.03772763896001415,0.14360057677014385,0.006849930265903731,0.6840424274910736,76.4,30.04995840263344,28,139,0.3933240628616942,1910,0.13209059356665334,0.26769565708910936,-0.19717304209357855,0.8201912832816569
31,1.5,low,True,1.176481639885505,0.28000000000000014,0.32940083790325336,0.4343978774798764,9,16,0,0,0.08335241090687334,0.036333102153281935,0.10461287569471653,0.0075776319085035775,0.43466351536425396,76.4,30.04995840263344,28,139,0.3933240628616942,1910,0.04107812696183445,0.13537488685859242,-0.3374645811422544,0.4829738236334124
31,1.5,high,True,1.176481639885505,0.28000000000000014,0.32940083790325336,0.4343978774798764,9,16,0,0,0.08335241090687334,0.036333102153281935,0.10461287569471653,0.0075776319085035775,0.43466351536425396,76.4,30.04995840263344,28,139,0.3933240628616942,1910,0.13152218672172655,0.27078048706627855,-0.19737118399533138,0.8213347365873648
31,2.0,low,True,1.7629222223058711,0.26666666666666683,0.6118596618205143,0.6821855064409398,9,16,0,0,0.07212135582072757,0.03625689777076543,0.07690553545608474,0.005101944172718073,0.2793280058607207,76.4,30.04995840263344,28,139,0.3933240628616942,1910,0.039605271972778286,0.13562057633903735,-0.3376837181812268,0.4834773843845961
31,2.0,high,True,1.7629222223058711,0.26666666666666683,0.6118596618205143,0.6821855064409398,9,16,0,0,0.07212135582072757,0.03625689777076543,0.07690553545608474,0.005101944172718073,0.2793280058607207,76.4,30.04995840263344,28,139,0.3933240628616942,1910,0.13062371513120088,0.2725238248841258,-0.19743267763795305,0.8223081939886268
32,-0.5,low,True,-0.5926812894053339,0.16000000000000014,-0.03430429949355698,-0.2146566687139901,15,10,0,1,0.13600766421956395,0.06666434362626279,0.22153792882488968,0.003947280037878776,0.95,88.88,40.335385622717595,40,201,0.45381847010258325,2222,0.023837964177712324,0.12976535690931298,-0.31225734869462785,0.6431829432594024
32,-0.5,high,True,-0.5926812894053339,0.16000000000000014,-0.03430429949355698,-0.2146566687139901,15,10,0,1,0.13600766421956395,0.06666434362626279,0.22153792882488968,0.003947280037878776,0.95,88.88,40.335385622717595,40,201,0.45381847010258325,2222,0.10909837499164751,0.25834134712767703,-0.17630975127833162,0.767936693785401
32,0.0,low,True,-0.12654529930419062,0.18666666666666687,0.14374107509831188,-0.06001154179100798,15,10,0,1,0.1380026518428538,0.0762828383021927,0.22826522295177692,0.003947353747886811,0.95,88.88,40.335385622717595,40,201,0.45381847010258325,2222,0.023307337589631615,0.1300896953256175,-0.32648795440590667,0.7211238346069202
32,0.0,high,True,-0.12654529930419062,0.18666666666666687,0.14374107509831188,-0.06001154179100798,15,10,0,1,0.1380026518428538,0.0762828383021927,0.22826522295177692,0.003947353747886811,0.95,88.88,40.335385622717595,40,201,0.45381847010258325,2222,0.10814501106038228,0.25864887747838117,-0.1779083348455665,0.7682457880374752
32,0.5,low,True,0.31742881517113336,0.22000000000000008,0.26795431465273095,0.09232544890924305,14,11,0,1,0.12842491824226934,0.07769086137687643,0.2039316715086364,0.004373919944255119,0.95,88.88,40.335385622717595,40,201,0.45381847010258325,2222,0.020550743820998307,0.12792201594120584,-0.3378490036830649,0.5015551230093752
32,0.5,high,True,0.31742881517113336,0.22000000000000008,0.26795431465273095,0.09232544890924305,14,11,0,1,0.12842491824226934,0.07769086137687643,0.2039316715086364,0.004373919944255119,0.95,88.88,40.335385622717595,40,201,0.45381847010258325,2222,0.10727535892939334,0.26118025488888763,-0.17949962259854013,0.7684699405203725
32,1.0,low,True,0.7883220317885103,0.2400000000000001,0.4043419793047682,0.27928448295046027,16,9,0,1,0.1205875571980009,0.06898627018527029,0.1895254518287663,0.005406730054448502,0.95,88.88,40.335385622717595,40,201,0.45381847010258325,2222,0.01851307207226753,0.1268135086940568,-0.34607560397753573,0.34201443354421257
32,1.0,high,True,0.7883220317885103,0.2400000000000001,0.4043419793047682,0.27928448295046027,16,9,0,1,0.1205875571980009,0.06898627018527029,0.1895254518287663,0.005406730054448502,0.95,88.88,40.335385622717595,40,201,0.45381847010258325,2222,0.1061679381498249,0.2624837956786852,-0.19803316264649068,0.7686272496774059
32,1.5,low,True,1.292482031266654,0.28666666666666685,0.5334095886584297,0.49740335599854696,16,9,0,1,0.11578658652595626,0.08561494491387141,0.18486489173512566,0.006759580074088974,0.95,88.88,40.335385622717595,40,201,0.45381847010258325,2222,0.0173263505717852,0.12646762136244974,-0.35157470466485147,0.3420363643767071
32,1.5,high,True,1.292482031266654,0.28666666666666685,0.5334095886584297,0.49740335599854696,16,9,0,1,0.11578658652595626,0.08561494491387141,0.18486489173512566,0.006759580074088974,0.95,88.88,40.335385622717595,40,201,0.45381847010258325,2222,0.1053150848928006,0.26283690390974607,-0.21102751237277065,0.7687329338122919
32,2.0,low,True,1.8488126899692043,0.2533333333333335,0.6596210474367286,0.7582227491671585,13,12,0,1,0.11491326442905368,0.06434311549809252,0.1864956943965374,0.007857989913787125,0.95,88.88,40.335385622717595,40,201,0.45381847010258325,2222,0.01708092585954126,0.12667902904749295,-0.3549952364355343,0.342067853179016
32,2.0,high,True,1.8488126899692043,0.2533333333333335,0.6596210474367286,0.7582227491671585,13,12,0,1,0.11491326442905368,0.06434311549809252,0.1864956943965374,0.007857989913787125,0.95,88.88,40.335385622717595,40,201,0.45381847010258325,2222,0.10503060336642912,0.2626475750650914,-0.2158245232452992,0.7687913027997336
33,-0.5,low,True,-0.46267410246749,0.2533333333333335,-0.1018942242218578,-0.06885939731147711,17,8,0,0,0.12418932380825241,0.060048703068654924,0.12186992910055787,0.0014786654473288342,0.4631683995200347,71.24,31.35984693840198,30,144,0.4401999850982872,1781,0.050730915758025366,0.13013048720128,-0.28152684483084106,0.35491205360910977
33,-0.5,high,True,-0.46267410246749,0.2533333333333335,-0.1018942242218578,-0.06885939731147711,17,8,0,0,0.12418932380825241,0.060048703068654924,0.12186992910055787,0.0014786654473288342,0.4631683995200347,71.24,31.35984693840198,30,144,0.4401999850982872,1781,0.1480912674178116,0.2575196074789979,-0.21069806108086261,0.7603846147072062
33,0.0,low,True,0.036993069495694426,0.20000000000000018,0.08651790848222876,0.07539911660921515,13,12,0,0,0.11768378279355313,0.062371242235845725,0.11725289324747172,0.0014495664419151067,0.43616749670847005,71.24,31.35984693840198,30,144,0.4401999850982872,1781,0.04923279970795572,0.13060461494361106,-0.2818887145190573,0.36000332347282704
33,0.0,high,True,0.036993069495694426,0.20000000000000018,0.08651790848222876,0.07539911660921515,13,12,0,0,0.11768378279355313,0.062371242235845725,0.11725289324747172,0.0014495664419151067,0.43616749670847005,71.24,31.35984693840198,30,144,0.4401999850982872,1781,0.14694871982047278,0.25778181399225375,-0.20974390255941464,0.760416533934618
33,0.5,low,True,0.5351654178945047,0.2333333333333335,0.26934438237185837,0.2700519380595359,13,12,0,0,0.11004417992213561,0.06031169167198671,0.11392686834650784,0.0016396204040905519,0.38256463536250246,71.24,31.35984693840198,30,144,0.4401999850982872,1781,0.04761033881342669,0.1307655968366565,-0.2821129940443238,0.36281833498439975
33,0.5,high,True,0.5351654178945047,0.2333333333333335,0.26934438237185837,0.2700519380595359,13,12,0,0,0.11004417992213561,0.06031169167198671,0.11392686834650784,0.0016396204040905519,0.38256463536250246,71.24,31.35984693840198,30,144,0.4401999850982872,1781,0.14566505739250998,0.25800680491095856,-0.20870448448711007,0.7604714952158881
33,1.0,low,True,1.0317442285925509,0.2333333333333335,0.42768206056839003,0.40738604331203493,12,13,0,0,0.10112193461935494,0.03806035132887037,0.11156125098209348,0.0021601745643271605,0.44015069411846874,71.24,31.35984693840198,30,144,0.4401999850982872,1781,0.045858994602323,0.1306507139231142,-0.2822384512962592,0.36215395861007804
33,1.0,high,True,1.0317442285925509,0.2333333333333335,0.42768206056839003,0.40738604331203493,12,13,0,0,0.10112193461935494,0.03806035132887037,0.11156125098209348,0.0021601745643271605,0.44015069411846874,71.24,31.35984693840198,30,144,0.4401999850982872,1781,0.1442282704195356,0.2582964527656827,-0.20781034584755587,0.7605666646364749
33,1.5,low,True,1.5263537361395478,0.2266666666666668,0.5570383028469195,0.5785728131645897,13,12,0,0,0.09041644742712929,0.05020547701434364,0.10679014108387601,0.0034363278057995637,0.45973085336539643,71.24,31.35984693840198,30,144,0.4401999850982872,1781,0.04400683112429783,0.1304747137846309,-0.2836861150743838,0.3578240758096338
33,1.5,high,True,1.5263537361395478,0.2266666666666668,0.5570383028469195,0.5785728131645897,13,12,0,0,0.09041644742712929,0.05020547701434364,0.10679014108387601,0.0034363278057995637,0.45973085336539643,71.24,31.35984693840198,30,144,0.4401999850982872,1781,0.1427289163346198,0.25893531217021465,-0.20744609392270735,0.7607240071591937
33,2.0,low,True,2.0178748824214066,0.20000000000000018,0.6874460124684978,0.7716868771330898,11,14,0,0,0.07696559080560093,0.04490536461349907,0.09320944558877925,0.004856796210624783,0.4126181237502165,71.24,31.35984693840198,30,144,0.4401999850982872,1781,0.042123982384479994,0.1305743180913225,-0.2843557565673572,0.35086364643824675
33,2.0,high,True,2.0178748824214066,0.20000000000000018,0.6874460124684978,0.7716868771330898,11,14,0,0,0.07696559080560093,0.04490536461349907,0.09320944558877925,0.004856796210624783,0.4126181237502165,71.24,31.35984693840198,30,144,0.4401999850982872,1781,0.1413408019184105,0.2603069775131858,-0.20817124560258612,0.7609089137099486
34,-0.5,low,True,-0.9507857444942898,0.19333333333333347,-0.10123865869293576,-0.3629716241046668,13,12,0,0,0.11439512516866378,0.05590547967550391,0.18699348153595224,0.0034802183687483563,0.7929932445189535,85.96,43.707817759908046,24,213,0.5084669353176832,2149,0.03937967397494774,0.1308698025246661,-0.3666807975740679,0.5325051070250193
34,-0.5,high,True,-0.9507857444942898,0.19333333333333347,-0.10123865869293576,-0.3629716241046668,13,12,0,0,0.11439512516866378,0.05590547967550391,0.18699348153595224,0.0034802183687483563,0.7929932445189535,85.96,43.707817759908046,24,213,0.5084669353176832,2149,0.13462104692245472,0.25716794266151694,-0.2608498666770291,0.8084789475713625
34,0.0,low,True,-0.4585780658555759,0.28000000000000014,-0.018361446313489894,-0.10892997838984168,12,13,0,0,0.11768760252497008,0.049497229899650615,0.2123736164990134,0.00398651655278964,0.8961098990659901,85.96,43.707817759908046,24,213,0.5084669353176832,2149,0.03938719040637375,0.13145844211163968,-0.3677847435088148,0.6739545868972688
34,0.0,high,True,-0.4585780658555759,0.28000000000000014,-0.018361446313489894,-0.10892997838984168,12,13,0,0,0.11768760252497008,0.049497229899650615,0.2123736164990134,0.00398651655278964,0.8961098990659901,85.96,43.707817759908046,24,213,0.5084669353176832,2149,0.13278966892930957,0.25500965415275156,-0.26149637758662403,0.8085015472735021
34,0.5,low,True,0.052159929631424164,0.3333333333333335,0.0394993364375639,0.10546577413009407,12,13,0,0,0.11712534709601308,0.04510613669444148,0.2208657447738074,0.0035942152083144304,0.90116801665027,85.96,43.707817759908046,24,213,0.5084669353176832,2149,0.03883183548964588,0.13193189075822193,-0.3684126098499012,0.7421609614507615
34,0.5,high,True,0.052159929631424164,0.3333333333333335,0.0394993364375639,0.10546577413009407,12,13,0,0,0.11712534709601308,0.04510613669444148,0.2208657447738074,0.0035942152083144304,0.90116801665027,85.96,43.707817759908046,24,213,0.5084669353176832,2149,0.1316843467122952,0.254469299877528,-0.26188676142053274,0.8086327776438306
34,1.0,low,True,0.5826519343597908,0.27333333333333343,0.09349225279039995,0.29022333464996686,13,12,0,0,0.11133986461227276,0.05078266224476982,0.20581115454169727,0.003613507547791246,0.8003102166123348,85.96,43.707817759908046,24,213,0.5084669353176832,2149,0.03771909360859716,0.13187736440135264,-0.36877602422012973,0.6852721668391706
34,1.0,high,True,0.5826519343597908,0.27333333333333343,0.09349225279039995,0.29022333464996686,13,12,0,0,0.11133986461227276,0.05078266224476982,0.20581115454169727,0.003613507547791246,0.8003102166123348,85.96,43.707817759908046,24,213,0.5084669353176832,2149,0.13207418811671073,0.2561719068753132,-0.2621287011670016,0.8088059346621137
34,1.5,low,True,1.13755605850411,0.28000000000000014,0.1744186579933352,0.5188608157933096,12,13,0,0,0.10066445772208567,0.04667784786684692,0.1667541802995753,0.004156475684849668,0.6649023116503854,85.96,43.707817759908046,24,213,0.5084669353176832,2149,0.03630263302710237,0.1319252460139161,-0.36898769562079065,0.5178694112356848
34,1.5,high,True,1.13755605850411,0.28000000000000014,0.1744186579933352,0.5188608157933096,12,13,0,0,0.10066445772208567,0.04667784786684692,0.1667541802995753,0.004156475684849668,0.6649023116503854,85.96,43.707817759908046,24,213,0.5084669353176832,2149,0.13310038634286975,0.2601318501607794,-0.26227921991574243,0.8089860977061585
34,2.0,low,True,1.7307445087380835,0.28000000000000014,0.3909946340430444,0.8140880010406897,12,13,0,0,0.08824579784557474,0.04886885075847885,0.110917987239074,0.004204284336910733,0.4649218126247851,85.96,43.707817759908046,24,213,0.5084669353176832,2149,0.03497371645737406,0.13265607742634156,-0.36910712969093185,0.43896201052115513
34,2.0,high,True,1.7307445087380835,0.28000000000000014,0.3909946340430444,0.8140880010406897,12,13,0,0,0.08824579784557474,0.04886885075847885,0.110917987239074,0.004204284336910733,0.4649218126247851,85.96,43.707817759908046,24,213,0.5084669353176832,2149,0.13390307348174005,0.26469666090318333,-0.26236612323676833,0.8091611639259175
35,-0.5,low,True,0.01983624334060216,0.30666666666666687,0.26844993483969926,0.09923076923076923,13,12,0,0,0.06519596526104016,0.05206167236644726,0.057802059572545215,0.0017637863281393525,0.2579644960437462,83.2,36.31918684845977,27,188,0.43652868808244916,2080,0.02317832657119294,0.13161206187757724,-0.33653966194308194,0.34297653337679235
35,-0.5,high,True,0.01983624334060216,0.30666666666666687,0.26844993483969926,0.09923076923076923,13,12,0,0,0.06519596526104016,0.05206167236644726,0.057802059572545215,0.0017637863281393525,0.2579644960437462,83.2,36.31918684845977,27,188,0.43652868808244916,2080,0.12101425067728037,0.26999058582462193,-0.22312868203903657,0.7724169053441897
35,0.0,low,True,0.5319796663342545,0.28000000000000014,0.48917369992868764,0.29000000000000004,13,12,0,0,0.07025979502122871,0.054061701765523044,0.07628989773905247,0.0019533159996953137,0.35014141125567627,83.2,36.31918684845977,27,188,0.43652868808244916,2080,0.023743877008612534,0.1312730462056216,-0.3368370480610536,0.34287976261201614
35,0.0,high,True,0.5319796663342545,0.28000000000000014,0.48917369992868764,0.29000000000000004,13,12,0,0,0.07025979502122871,0.054061701765523044,0.07628989773905247,0.0019533159996953137,0.35014141125567627,83.2,36.31918684845977,27,188,0.43652868808244916,2080,0.12125173609941318,0.26928016613077616,-0.22331093040034017,0.7727829327330464
35,0.5,low,True,1.022626745503376,0.2266666666666668,0.6101051102274893,0.43615384615384617,12,13,0,0,0.0775037174318201,0.03876173422274211,0.09917716393553497,0.002466049428436711,0.4393099437776988,83.2,36.31918684845977,27,188,0.43652868808244916,2080,0.024634809522493334,0.1307942956899003,-0.33702587378199284,0.3427908603995481
35,0.5,high,True,1.022626745503376,0.2266666666666668,0.6101051102274893,0.43615384615384617,12,13,0,0,0.0775037174318201,0.03876173422274211,0.09917716393553497,0.002466049428436711,0.4393099437776988,83.2,36.31918684845977,27,188,0.43652868808244916,2080,0.12159876748361445,0.2680799076128191,-0.22340778075341675,0.7730741962806862
35,1.0,low,True,1.4903579199935881,0.20000000000000018,0.6882066025570581,0.5430769230769231,12,13,0,0,0.08562823847975526,0.03130882314239564,0.12294782342686579,0.0035800697249890575,0.5068588517776185,83.2,36.31918684845977,27,188,0.43652868808244916,2080,0.025754137421156956,0.13036044678605951,-0.3370811064859423,0.3426968496363179
35,1.0,high,True,1.4903579199935881,0.20000000000000018,0.6882066025570581,0.5430769230769231,12,13,0,0,0.08562823847975526,0.03130882314239564,0.12294782342686579,0.0035800697249890575,0.5068588517776185,83.2,36.31918684845977,27,188,0.43652868808244916,2080,0.12198808131466185,0.26651504571468215,-0.2233988915907677,0.7732760420282021
35,1.5,low,True,1.9297694863115646,0.20000000000000018,0.7462869796500566,0.6615384615384615,10,15,0,0,0.09272319946875131,0.03518155191765631,0.143411239857284,0.005671670545169401,0.5520683961757807,83.2,36.31918684845977,27,188,0.43652868808244916,2080,0.02685698717384162,0.13018160865689588,-0.33694499411538587,0.3425917840165209
35,1.5,high,True,1.9297694863115646,0.20000000000000018,0.7462869796500566,0.6615384615384615,10,15,0,0,0.09272319946875131,0.03518155191765631,0.143411239857284,0.005671670545169401,0.5520683961757807,83.2,36.31918684845977,27,188,0.43652868808244916,2080,0.12231040894285063,0.2649502085096924,-0.2232368205921292,0.7733872976631839
35,2.0,low,True,2.3247688041261,0.18000000000000016,0.7946913627543749,0.8061538461538461,12,13,0,0,0.09548479567900847,0.0359702316597888,0.1518921951021547,0.004234137282448707,0.6610514482152032,83.2,36.31918684845977,27,188,0.43652868808244916,2080,0.027378071939908655,0.13017698802772204,-0.3364122505857554,0.3424696686555206
35,2.0,high,True,2.3247688041261,0.18000000000000016,0.7946913627543749,0.8061538461538461,12,13,0,0,0.09548479567900847,0.0359702316597888,0.1518921951021547,0.004234137282448707,0.6610514482152032,83.2,36.31918684845977,27,188,0.43652868808244916,2080,0.12241024374945543,0.2641597360266346,-0.22276006322581068,0.7734045704113736
36,-0.5,low,True,-0.5187056697433913,0.22000000000000008,-0.060884886396363025,-0.23638124519175632,9,16,0,0,0.07550521218648763,0.032668087108534305,0.15068460296374983,0.0018559360395530569,0.7383109747016016,113.08,68.22323651073731,28,328,0.6033183278275319,2827,0.03555322381874742,0.13027310112297186,-0.3046723627587058,0.3748035961357651
36,-0.5,high,True,-0.5187056697433913,0.22000000000000008,-0.060884886396363025,-0.23638124519175632,9,16,0,0,0.07550521218648763,0.032668087108534305,0.15068460296374983,0.0018559360395530569,0.7383109747016016,113.08,68.22323651073731,28,328,0.6033183278275319,2827,0.12452324886306158,0.26088906612864865,-0.3034095803434695,0.7856825846873743
36,0.0,low,True,-0.02016827896328139,0.2600000000000001,-0.0021081761286937256,0.0050048146376104755,8,17,0,1,0.08702595342541902,0.028734351968776172,0.19023069125664557,0.0019447738769242052,0.95,113.08,68.22323651073731,28,328,0.6033183278275319,2827,0.03742658323132834,0.12831136655526315,-0.3040840862409341,0.3747494114236963
36,0.0,high,True,-0.02016827896328139,0.2600000000000001,-0.0021081761286937256,0.0050048146376104755,8,17,0,1,0.08702595342541902,0.028734351968776172,0.19023069125664557,0.0019447738769242052,0.95,113.08,68.22323651073731,28,328,0.6033183278275319,2827,0.1235425629674827,0.25677535477210417,-0.3028233596272797,0.7855546684142134
36,0.5,low,True,0.4745588460105042,0.26666666666666683,0.04779782932932596,0.20635235736609348,9,16,0,1,0.09198516134319856,0.03527386133579945,0.189978397799393,0.002068670530789201,0.95,113.08,68.22323651073731,28,328,0.6033183278275319,2827,0.0383071503605839,0.1282389136380087,-0.3027657723568345,0.3746248453614173
36,0.5,high,True,0.4745588460105042,0.26666666666666683,0.04779782932932596,0.20635235736609348,9,16,0,1,0.09198516134319856,0.03527386133579945,0.189978397799393,0.002068670530789201,0.95,113.08,68.22323651073731,28,328,0.6033183278275319,2827,0.12435626694375278,0.2565736529801701,-0.30150979223317204,0.7852614788934232
36,1.0,low,True,0.9745617534012774,0.2266666666666668,0.12660319412871943,0.3276228658928088,11,14,0,1,0.09998726834265949,0.027312475381569754,0.19007820171636017,0.0024988327021872006,0.95,113.08,68.22323651073731,28,328,0.6033183278275319,2827,0.03981240897236085,0.12822611234911807,-0.2998645575976527,0.3743231807839635
36,1.0,high,True,0.9745617534012774,0.2266666666666668,0.12660319412871943,0.3276228658928088,11,14,0,1,0.09998726834265949,0.027312475381569754,0.19007820171636017,0.0024988327021872006,0.95,113.08,68.22323651073731,28,328,0.6033183278275319,2827,0.1257229791972921,0.25622902828030963,-0.2986191662848858,0.7845534920363819
36,1.5,low,True,1.4810845033618516,0.30000000000000016,0.26564642870155253,0.592878041686164,10,15,0,1,0.11376750969430707,0.04448511739584301,0.19301314869741512,0.0019332635996328995,0.95,113.08,68.22323651073731,28,328,0.6033183278275319,2827,0.042611117721812614,0.12855641259994294,-0.29363377817491587,0.37355342373756656
36,1.5,high,True,1.4810845033618516,0.30000000000000016,0.26564642870155253,0.592878041686164,10,15,0,1,0.11376750969430707,0.04448511739584301,0.19301314869741512,0.0019332635996328995,0.95,113.08,68.22323651073731,28,328,0.6033183278275319,2827,0.12814301415561616,0.25538292743552465,-0.29241100684538107,0.7827295752144785
36,2.0,low,True,1.993661544278717,0.2333333333333335,0.5602273164119072,0.7996153847936122,13,12,0,0,0.13693166268021417,0.05037590224357539,0.19539187385838766,0.0017912600208578359,0.8425502256894046,113.08,68.22323651073731,28,328,0.6033183278275319,2827,0.047479030433957604,0.13069596163563824,-0.28072785693395846,0.4146132122193574
36,2.0,high,True,1.993661544278717,0.2333333333333335,0.5602273164119072,0.7996153847936122,13,12,0,0,0.13693166268021417,0.05037590224357539,0.19539187385838766,0.0017912600208578359,0.8425502256894046,113.08,68.22323651073731,28,328,0.6033183278275319,2827,0.13328615909370323,0.25453469914072957,-0.2865988881201589,0.7775204737158796
37,-0.5,low,True,-1.3333861565863716,0.14666666666666683,-0.2873899061720182,-0.4089248007938557,12,13,0,1,0.1287803052662192,0.04682128070348097,0.2249217383991915,0.006180432645466867,0.95,82.28,40.62175115214344,32,200,0.49370139951559844,2057,0.024927700380909468,0.1442260800768636,-0.3673222893821202,0.548586806850125
37,-0.5,high,True,-1.3333861565863716,0.14666666666666683,-0.2873899061720182,-0.4089248007938557,12,13,0,1,0.1287803052662192,0.04682128070348097,0.2249217383991915,0.006180432645466867,0.95,82.28,40.62175115214344,32,200,0.49370139951559844,2057,0.11299503316977604,0.26785320379622535,-0.30385533848884366,0.7818029557423964
37,0.0,low,True,-0.8769762095882108,0.22000000000000008,-0.21508751720461605,-0.23812272031175602,11,14,0,1,0.12560135479112444,0.04360091589873795,0.22421177854349433,0.007252978191104698,0.95,82.28,40.62175115214344,32,200,0.49370139951559844,2057,0.02405083148657474,0.14404555577605102,-0.3667746076972817,0.5511113454135561
37,0.0,high,True,-0.8769762095882108,0.22000000000000008,-0.21508751720461605,-0.23812272031175602,11,14,0,1,0.12560135479112444,0.04360091589873795,0.22421177854349433,0.007252978191104698,0.95,82.28,40.62175115214344,32,200,0.49370139951559844,2057,0.11216882556896458,0.26799101304181844,-0.30910559063093657,0.7818411759402981
37,0.5,low,True,-0.3728538706348564,0.22000000000000008,-0.12679283016937873,-0.07501442723875998,12,13,0,0,0.11406815471578735,0.04033413206027282,0.19288897835544794,0.007437091592010394,0.7558594539792712,82.28,40.62175115214344,32,200,0.49370139951559844,2057,0.023273102186903864,0.14332435548211153,-0.36613175299847506,0.41371142223871915
37,0.5,high,True,-0.3728538706348564,0.22000000000000008,-0.12679283016937873,-0.07501442723875998,12,13,0,0,0.11406815471578735,0.04033413206027282,0.19288897835544794,0.007437091592010394,0.7558594539792712,82.28,40.62175115214344,32,200,0.49370139951559844,2057,0.1142330697637981,0.2712237937828944,-0.31287880311681904,0.7818824588518924
37,1.0,low,True,0.18398056867986665,0.21333333333333349,0.018636444491198445,0.07732256346149106,12,13,0,0,0.09811562517047326,0.035797835226671244,0.1497020007073058,0.00828719707333167,0.5371185674062627,82.28,40.62175115214344,32,200,0.49370139951559844,2057,0.021499165825216108,0.14294594808806976,-0.36540379332049805,0.40569126053115795
37,1.0,high,True,0.18398056867986665,0.21333333333333349,0.018636444491198445,0.07732256346149106,12,13,0,0,0.09811562517047326,0.035797835226671244,0.1497020007073058,0.00828719707333167,0.5371185674062627,82.28,40.62175115214344,32,200,0.49370139951559844,2057,0.1146287029180249,0.2755078892722854,-0.31522329740494687,0.793370274717814
37,1.5,low,True,0.7882625098948279,0.22000000000000008,0.23630794462138838,0.27389883176408775,11,14,0,0,0.08497546768098348,0.03851361767111367,0.11728865955304046,0.010234031827936863,0.5093886798416142,82.28,40.62175115214344,32,200,0.49370139951559844,2057,0.01988596003567753,0.14322700802105254,-0.3646669708287152,0.40812013910071226
37,1.5,high,True,0.7882625098948279,0.22000000000000008,0.23630794462138838,0.27389883176408775,11,14,0,0,0.08497546768098348,0.03851361767111367,0.11728865955304046,0.010234031827936863,0.5093886798416142,82.28,40.62175115214344,32,200,0.49370139951559844,2057,0.11416031869866931,0.2784788166132127,-0.31662139935867734,0.7986386721090157
37,2.0,low,True,1.466954034478484,0.26666666666666683,0.578090004596796,0.5939603879827969,10,15,0,0,0.07666174895923661,0.035328791065155074,0.09308831363903448,0.014572117401593995,0.4034612238358886,82.28,40.62175115214344,32,200,0.49370139951559844,2057,0.018977877312023623,0.14382002654687623,-0.3642125386455572,0.40881368874864993
37,2.0,high,True,1.466954034478484,0.26666666666666683,0.578090004596796,0.5939603879827969,10,15,0,0,0.07666174895923661,0.035328791065155074,0.09308831363903448,0.014572117401593995,0.4034612238358886,82.28,40.62175115214344,32,200,0.49370139951559844,2057,0.11386338117007248,0.28044757485574423,-0.31745974954788286,0.800399906897024
38,-0.5,low,True,-0.44010372769001416,0.14666666666666683,-0.18192413226160756,-0.15195230132979584,13,12,0,0,0.0779813797209318,0.05225596760581888,0.08935070764078466,0.0066080775342552325,0.3872176833572352,77.04,38.52864735059702,31,202,0.5001122449454442,1926,0.041714301337655184,0.13243612781962402,-0.37586874355841277,0.3960437097615849
38,-0.5,high,True,-0.44010372769001416,0.14666666666666683,-0.18192413226160756,-0.15195230132979584,13,12,0,0,0.0779813797209318,0.05225596760581888,0.08935070764078466,0.0066080775342552325,0.3872176833572352,77.04,38.52864735059702,31,202,0.5001122449454442,1926,0.13109676272770893,0.2650722366302514,-0.26528879350980733,0.7853508076983857
38,0.0,low,True,0.06162694303937918,0.2466666666666668,-0.04649186754239812,0.06924408668193228,12,13,0,0,0.07381119886067498,0.045072774263855586,0.08080747279777101,0.008412959911640915,0.31887251906635306,77.04,38.52864735059702,31,202,0.5001122449454442,1926,0.041203565528898464,0.13254399817356288,-0.3820531241289147,0.3952657980464288
38,0.0,high,True,0.06162694303937918,0.2466666666666668,-0.04649186754239812,0.06924408668193228,12,13,0,0,0.07381119886067498,0.045072774263855586,0.08080747279777101,0.008412959911640915,0.31887251906635306,77.04,38.52864735059702,31,202,0.5001122449454442,1926,0.13082888278007454,0.265458625284991,-0.27107713697979596,0.7818051126900238
38,0.5,low,True,0.5608673795732481,0.28666666666666685,0.12758939612548464,0.26851318057771517,12,13,0,0,0.07019027558239242,0.03573201120500743,0.07340511219801633,0.00781469680901631,0.25081538621546096,77.04,38.52864735059702,31,202,0.5001122449454442,1926,0.040783408839477994,0.13265385135536908,-0.3868674647266068,0.39491532906728094
38,0.5,high,True,0.5608673795732481,0.28666666666666685,0.12758939612548464,0.26851318057771517,12,13,0,0,0.07019027558239242,0.03573201120500743,0.07340511219801633,0.00781469680901631,0.25081538621546096,77.04,38.52864735059702,31,202,0.5001122449454442,1926,0.130596690656738,0.2658848291130402,-0.2753797269484684,0.7804730801582712
38,1.0,low,True,1.057453133528599,0.2533333333333335,0.3500080729604518,0.3950759834574692,12,13,0,0,0.06739768444959168,0.036473222915673335,0.06888765528706088,0.007078531227731451,0.26140988915833085,77.04,38.52864735059702,31,202,0.5001122449454442,1926,0.04046524967265693,0.13278043821263646,-0.3906101967288485,0.3951024132365146
38,1.0,high,True,1.057453133528599,0.2533333333333335,0.3500080729604518,0.3950759834574692,12,13,0,0,0.06739768444959168,0.036473222915673335,0.06888765528706088,0.007078531227731451,0.26140988915833085,77.04,38.52864735059702,31,202,0.5001122449454442,1926,0.13038998316516137,0.2662696729585774,-0.2785741577941381,0.7796520974961777
38,1.5,low,True,1.550758215326397,0.26666666666666683,0.6046378634179397,0.6289671206942183,11,14,0,0,0.06589535280754069,0.03500438674810389,0.06970074528825641,0.006846588606492296,0.2514560581286006,77.04,38.52864735059702,31,202,0.5001122449454442,1926,0.04029250779015774,0.1329247314775076,-0.3934229591105445,0.3958779828607074
38,1.5,high,True,1.550758215326397,0.26666666666666683,0.6046378634179397,0.6289671206942183,11,14,0,0,0.06589535280754069,0.03500438674810389,0.06970074528825641,0.006846588606492296,0.2514560581286006,77.04,38.52864735059702,31,202,0.5001122449454442,1926,0.13021674176719605,0.2665018624041799,-0.2808858148291381,0.7811548167617618
38,2.0,low,True,2.0389183803501525,0.19333333333333347,0.8162643886112375,0.7824581795058348,12,13,0,0,0.0665680400639845,0.04080496165731872,0.08133053705192755,0.006616601540435296,0.35739900482492787,77.04,38.52864735059702,31,202,0.5001122449454442,1926,0.040352737188593064,0.13301653826924992,-0.39541072561814294,0.3972412703625883
38,2.0,high,True,2.0389183803501525,0.19333333333333347,0.8162643886112375,0.7824581795058348,12,13,0,0,0.0665680400639845,0.04080496165731872,0.08133053705192755,0.006616601540435296,0.35739900482492787,77.04,38.52864735059702,31,202,0.5001122449454442,1926,0.13004012606211887,0.2662738738228844,-0.28247568226132125,0.7837475934988555
39,-0.5,low,True,0.2352538637952395,0.29333333333333345,-0.034405990151671756,0.11386805365473308,15,10,0,0,0.12549074759611337,0.08330311893447666,0.13604775806469366,0.012538712345352247,0.4816064581791047,78.48,48.63907893864767,20,217,0.6197640027860304,1962,0.048255669215132475,0.13191530676447677,-0.2723624639348933,0.4169511442413552
39,-0.5,high,True,0.2352538637952395,0.29333333333333345,-0.034405990151671756,0.11386805365473308,15,10,0,0,0.12549074759611337,0.08330311893447666,0.13604775806469366,0.012538712345352247,0.4816064581791047,78.48,48.63907893864767,20,217,0.6197640027860304,1962,0.1266428594138598,0.26958909919270485,-0.22760426572025624,0.7972305025765515
39,0.0,low,True,0.7500914303964716,0.27333333333333343,0.10415687998834647,0.3331409948141853,15,10,0,0,0.12628629659629292,0.07942602286459109,0.14193268778987597,0.008974485234571512,0.47511427828171887,78.48,48.63907893864767,20,217,0.6197640027860304,1962,0.04835626054422576,0.131636572055432,-0.2721698102156245,0.41710252856885804
39,0.0,high,True,0.7500914303964716,0.27333333333333343,0.10415687998834647,0.3331409948141853,15,10,0,0,0.12628629659629292,0.07942602286459109,0.14193268778987597,0.008974485234571512,0.47511427828171887,78.48,48.63907893864767,20,217,0.6197640027860304,1962,0.12652735983822802,0.2691594147578172,-0.22594714129120813,0.7977555528144891
39,0.5,low,True,1.2346191481293358,0.26666666666666683,0.26632042862545613,0.5177918926326714,14,11,0,0,0.12526912694758235,0.07213010083119759,0.1404377520921876,0.004765255440533414,0.45993179116161825,78.48,48.63907893864767,20,217,0.6197640027860304,1962,0.04807752703748819,0.13173497926788927,-0.27902489232726013,0.4172751810391832
39,0.5,high,True,1.2346191481293358,0.26666666666666683,0.26632042862545613,0.5177918926326714,14,11,0,0,0.12526912694758235,0.07213010083119759,0.1404377520921876,0.004765255440533414,0.45993179116161825,78.48,48.63907893864767,20,217,0.6197640027860304,1962,0.1263295012493846,0.26937148410999645,-0.22253106222996055,0.7982585851320535
39,1.0,low,True,1.6868354359200028,0.2333333333333335,0.4799039005594464,0.6578188234783567,13,12,0,0,0.12268033406273951,0.061161855401966066,0.13492224080282117,0.0027245595573893054,0.40619998500685395,78.48,48.63907893864767,20,217,0.6197640027860304,1962,0.0474342192640342,0.13216929104505873,-0.28948623982637234,0.4174397699802347
39,1.0,high,True,1.6868354359200028,0.2333333333333335,0.4799039005594464,0.6578188234783567,13,12,0,0,0.12268033406273951,0.061161855401966066,0.13492224080282117,0.0027245595573893054,0.40619998500685395,78.48,48.63907893864767,20,217,0.6197640027860304,1962,0.12596863356504964,0.2699292353686111,-0.21578103217636185,0.7986982403192521
39,1.5,low,True,2.0991210708183217,0.19333333333333347,0.729620492191249,0.7659165365762621,13,12,0,0,0.11918293332416935,0.05047386593856655,0.13452545702637614,0.001706935728169702,0.42910435136142255,78.48,48.63907893864767,20,217,0.6197640027860304,1962,0.04642564093581382,0.13285013717519592,-0.299953715740192,0.41758460255078916
39,1.5,high,True,2.0991210708183217,0.19333333333333347,0.729620492191249,0.7659165365762621,13,12,0,0,0.11918293332416935,0.05047386593856655,0.13452545702637614,0.001706935728169702,0.42910435136142255,78.48,48.63907893864767,20,217,0.6197640027860304,1962,0.12519586852444375,0.27014613958561984,-0.21564627490302188,0.7990583420058179
39,2.0,low,True,2.4487854269060754,0.14000000000000012,0.9100251214728539,0.8482400618536705,11,14,0,0,0.11480353538618955,0.03842832343904352,0.15055586727490813,0.0012342821173628772,0.5549460523237771,78.48,48.63907893864767,20,217,0.6197640027860304,1962,0.044742042293629505,0.13364460340161025,-0.3083441522315048,0.41770980442843075
39,2.0,high,True,2.4487854269060754,0.14000000000000012,0.9100251214728539,0.8482400618536705,11,14,0,0,0.11480353538618955,0.03842832343904352,0.15055586727490813,0.0012342821173628772,0.5549460523237771,78.48,48.63907893864767,20,217,0.6197640027860304,1962,0.1234324708314156,0.2692892327706819,-0.21572202803657464,0.7993326433292368
40,-0.5,low,True,-1.4321095982676824,0.17333333333333345,-0.3603085586952695,-0.5104012222211309,11,14,0,1,0.11565733242996679,0.04387242795216142,0.2208008193898933,0.0027267574847265647,0.95,85.6,48.104053883222775,29,198,0.5619632462993315,2140,0.01813183487871705,0.13992097706847365,-0.392768322305189,0.6636704682108201
40,-0.5,high,True,-1.4321095982676824,0.17333333333333345,-0.3603085586952695,-0.5104012222211309,11,14,0,1,0.11565733242996679,0.04387242795216142,0.2208008193898933,0.0027267574847265647,0.95,85.6,48.104053883222775,29,198,0.5619632462993315,2140,0.1053716888670969,0.26938245173864706,-0.26836448946229585,0.7927487293105042
40,0.0,low,True,-0.9999848326455593,0.21333333333333349,-0.3330999791596686,-0.32203428058631356,11,14,0,0,0.10709488389204688,0.036645870360979604,0.19709922715617018,0.004159749173858762,0.8786340907068311,85.6,48.104053883222775,29,198,0.5619632462993315,2140,0.016538249358547356,0.13910258414158877,-0.39236301715835853,0.5100826133702537
40,0.0,high,True,-0.9999848326455593,0.21333333333333349,-0.3330999791596686,-0.32203428058631356,11,14,0,0,0.10709488389204688,0.036645870360979604,0.19709922715617018,0.004159749173858762,0.8786340907068311,85.6,48.104053883222775,29,198,0.5619632462993315,2140,0.10605747986367083,0.2713413377583505,-0.26753261143491375,0.7927618316873238
40,0.5,low,True,-0.48044545796028515,0.30000000000000016,-0.28963585953829407,-0.08166419555538094,10,15,0,0,0.08683280929133913,0.032332126259527715,0.1254524344005587,0.006899691318762882,0.5110075814184531,85.6,48.104053883222775,29,198,0.5619632462993315,2140,0.012971073705323966,0.140676895724961,-0.39198386461055795,0.40608185919299106
40,0.5,high,True,-0.48044545796028515,0.30000000000000016,-0.28963585953829407,-0.08166419555538094,10,15,0,0,0.08683280929133913,0.032332126259527715,0.1254524344005587,0.006899691318762882,0.5110075814184531,85.6,48.104053883222775,29,198,0.5619632462993315,2140,0.10634076141657939,0.278273128978812,-0.26592564448401523,0.7927855739715121
40,1.0,low,True,0.08216991860146469,0.31333333333333346,-0.14765808120336243,0.10670274607943643,12,13,0,0,0.072659902132156,0.03099506775796275,0.07758570932458644,0.008409857674007148,0.27876417778530005,85.6,48.104053883222775,29,198,0.5619632462993315,2140,0.011030523052257081,0.14191580282482713,-0.39165383097938355,0.40492382572748803
40,1.0,high,True,0.08216991860146469,0.31333333333333346,-0.14765808120336243,0.10670274607943643,12,13,0,0,0.072659902132156,0.03099506775796275,0.07758570932458644,0.008409857674007148,0.27876417778530005,85.6,48.104053883222775,29,198,0.5619632462993315,2140,0.10573344731328888,0.2816105720981747,-0.26267871746719185,0.7928284987815284
40,1.5,low,True,0.698018868607557,0.3466666666666668,0.22349973951745553,0.3879049288880595,12,13,0,0,0.06536695866571612,0.03623921673169406,0.05326698279081956,0.011455991527650438,0.1773446737528496,85.6,48.104053883222775,29,198,0.5619632462993315,2140,0.010177404802432162,0.1424054812908372,-0.39136584507282307,0.4054031089721459
40,1.5,high,True,0.698018868607557,0.3466666666666668,0.22349973951745553,0.3879049288880595,12,13,0,0,0.06536695866571612,0.03623921673169406,0.05326698279081956,0.011455991527650438,0.1773446737528496,85.6,48.104053883222775,29,198,0.5619632462993315,2140,0.10533001624741044,0.28274684916792675,-0.25986783232132976,0.7929118186869215
40,2.0,low,True,1.3973514133780038,0.3466666666666668,0.7409506240254392,0.7465340140864541,12,13,0,0,0.06686768223869649,0.04692412703219629,0.056497456689641484,0.008675296949227,0.21387438184427443,85.6,48.104053883222775,29,198,0.5619632462993315,2140,0.010387693508221251,0.14225514002487474,-0.39099610486578357,0.40691002640649426
40,2.0,high,True,1.3973514133780038,0.3466666666666668,0.7409506240254392,0.7465340140864541,12,13,0,0,0.06686768223869649,0.04692412703219629,0.056497456689641484,0.008675296949227,0.21387438184427443,85.6,48.104053883222775,29,198,0.5619632462993315,2140,0.10550008842617536,0.28244895741505366,-0.2614492179756842,0.7931026929049423
41,-0.5,low,True,-0.2722480006905835,0.2400000000000001,-0.07656843311640933,-0.13887286273431976,11,14,0,0,0.08770448387875927,0.044819481165650044,0.11335501992991985,0.004422912736670137,0.384449230106529,80.08,45.73740263722898,19,185,0.5711463865787835,2002,0.02616504074127567,0.1368813710478321,-0.36428950173788516,0.47851221186918563
41,-0.5,high,True,-0.2722480006905835,0.2400000000000001,-0.07656843311640933,-0.13887286273431976,11,14,0,0,0.08770448387875927,0.044819481165650044,0.11335501992991985,0.004422912736670137,0.384449230106529,80.08,45.73740263722898,19,185,0.5711463865787835,2002,0.1167663277213857,0.27173969874485043,-0.24575024346047464,0.7899220655638127
41,0.0,low,True,0.23398154811084795,0.2533333333333335,0.10335598229481699,0.04077707326824901,12,13,0,0,0.08577765864810663,0.03606818360417981,0.12284622239831364,0.002732908921774017,0.4871287324585838,80.08,45.73740263722898,19,185,0.5711463865787835,2002,0.025652394929753828,0.1362977220145787,-0.3644847939671228,0.449055160381627
41,0.0,high,True,0.23398154811084795,0.2533333333333335,0.10335598229481699,0.04077707326824901,12,13,0,0,0.08577765864810663,0.03606818360417981,0.12284622239831364,0.002732908921774017,0.4871287324585838,80.08,45.73740263722898,19,185,0.5711463865787835,2002,0.11610231976070798,0.2709788759054106,-0.2479918449036805,0.7899479419503243
41,0.5,low,True,0.7307563223690229,0.3200000000000002,0.2156529077009881,0.32160031370052994,10,15,0,0,0.08609768568835274,0.031660305999344225,0.13783323634774347,0.0018991140039636644,0.5849860471991944,80.08,45.73740263722898,19,185,0.5711463865787835,2002,0.025425276336679316,0.1356477539397342,-0.3645960868081666,0.4157581148418544
41,0.5,high,True,0.7307563223690229,0.3200000000000002,0.2156529077009881,0.32160031370052994,10,15,0,0,0.08609768568835274,0.031660305999344225,0.13783323634774347,0.0018991140039636644,0.5849860471991944,80.08,45.73740263722898,19,185,0.5711463865787835,2002,0.11544335048129907,0.26978260574277596,-0.24872639103155833,0.7899597832689796
41,1.0,low,True,1.2174519541477882,0.3333333333333335,0.2995460545390344,0.542796701712258,11,14,0,0,0.08638067338775748,0.03753957396462661,0.14524045320015064,0.0014957344888408858,0.6368813197731847,80.08,45.73740263722898,19,185,0.5711463865787835,2002,0.025333685485630256,0.13531753938529653,-0.364653282645312,0.39339089880115297
41,1.0,high,True,1.2174519541477882,0.3333333333333335,0.2995460545390344,0.542796701712258,11,14,0,0,0.08638067338775748,0.03753957396462661,0.14524045320015064,0.0014957344888408858,0.6368813197731847,80.08,45.73740263722898,19,185,0.5711463865787835,2002,0.11509499098107469,0.269106039375857,-0.24934518592365135,0.7899653947929914
41,1.5,low,True,1.6916917230780866,0.27333333333333343,0.4035407180400389,0.7393729700148547,9,16,0,0,0.08517750409281147,0.041322511263524146,0.13749256415584507,0.001375175497610823,0.6142428072014224,80.08,45.73740263722898,19,185,0.5711463865787835,2002,0.025303629584984957,0.1355976078494675,-0.3646645532112605,0.40022966696676815
41,1.5,high,True,1.6916917230780866,0.27333333333333343,0.4035407180400389,0.7393729700148547,9,16,0,0,0.08517750409281147,0.041322511263524146,0.13749256415584507,0.001375175497610823,0.6142428072014224,80.08,45.73740263722898,19,185,0.5711463865787835,2002,0.11534804591009923,0.26961304110333867,-0.2520681829957084,0.7899682334398092
41,2.0,low,True,2.1463975749857207,0.18000000000000016,0.6128964851294392,0.875168317785533,10,15,0,0,0.08273360838436539,0.04232040489658607,0.11304070246722095,0.001611567229055251,0.4898717084108286,80.08,45.73740263722898,19,185,0.5711463865787835,2002,0.025329746279121313,0.13666040532106624,-0.3646082524763277,0.43955610749299956
41,2.0,high,True,2.1463975749857207,0.18000000000000016,0.6128964851294392,0.875168317785533,10,15,0,0,0.08273360838436539,0.04232040489658607,0.11304070246722095,0.001611567229055251,0.4898717084108286,80.08,45.73740263722898,19,185,0.5711463865787835,2002,0.116147786115018,0.2713228807492845,-0.2542373706256191,0.7899700007276644
42,-0.5,low,True,-0.893733774085979,0.17333333333333345,-0.17225164730222625,-0.09509147811459905,14,11,0,0,0.10444443483429687,0.06792079786311234,0.12261118711360236,0.0032055085833328487,0.5150047241761422,87.72,49.662628471182096,29,283,0.5661494353759929,2193,0.022031545088073916,0.13403306710995058,-0.3556572124336932,0.43418770977395127
42,-0.5,high,True,-0.893733774085979,0.17333333333333345,-0.17225164730222625,-0.09509147811459905,14,11,0,0,0.10444443483429687,0.06792079786311234,0.12261118711360236,0.0032055085833328487,0.5150047241761422,87.72,49.662628471182096,29,283,0.5661494353759929,2193,0.10458436767834704,0.27860809041847195,-0.2785597349204174,0.7960518722193889
42,0.0,low,True,-0.3997765991470132,0.16000000000000014,-0.11290501636829842,-0.030413873567017507,13,12,0,0,0.10679995300273251,0.05183200576304059,0.1274793854971796,0.004531359189952827,0.5062199917948317,87.72,49.662628471182096,29,283,0.5661494353759929,2193,0.022490713681213106,0.13368883050574398,-0.3563206336118308,0.4335674702845189
42,0.0,high,True,-0.3997765991470132,0.16000000000000014,-0.11290501636829842,-0.030413873567017507,13,12,0,0,0.10679995300273251,0.05183200576304059,0.1274793854971796,0.004531359189952827,0.5062199917948317,87.72,49.662628471182096,29,283,0.5661494353759929,2193,0.10485655334276497,0.27798564049330754,-0.2806200486572601,0.7948243556404506
42,0.5,low,True,0.11033483087369805,0.14666666666666683,-0.05662581870947822,0.12088552278536072,12,13,0,0,0.10576555448672569,0.042250226159014796,0.1245385532845457,0.0070582225473432405,0.4531502281189858,87.72,49.662628471182096,29,283,0.5661494353759929,2193,0.02220931756480585,0.13353953389874515,-0.35671382256076917,0.4334453792220443
42,0.5,high,True,0.11033483087369805,0.14666666666666683,-0.05662581870947822,0.12088552278536072,12,13,0,0,0.10576555448672569,0.042250226159014796,0.1245385532845457,0.0070582225473432405,0.4531502281189858,87.72,49.662628471182096,29,283,0.5661494353759929,2193,0.10471886517105342,0.27808373440735873,-0.2856470899893703,0.7945010252981194
42,1.0,low,True,0.6376672996270364,0.2066666666666669,0.01791855356755717,0.2948990778776634,11,14,0,0,0.10122106653989674,0.04595668339104182,0.11397841174022356,0.0053710845261133065,0.36714461885907484,87.72,49.662628471182096,29,283,0.5661494353759929,2193,0.02123286495808055,0.1336511354769695,-0.3569469499862279,0.43392247127476335
42,1.0,high,True,0.6376672996270364,0.2066666666666669,0.01791855356755717,0.2948990778776634,11,14,0,0,0.10122106653989674,0.04595668339104182,0.11397841174022356,0.0053710845261133065,0.36714461885907484,87.72,49.662628471182096,29,283,0.5661494353759929,2193,0.10415655044065537,0.2788767161883223,-0.2930082717201285,0.7952657674832042
42,1.5,low,True,1.186281628121906,0.21333333333333349,0.16850000446175484,0.5062562498813673,13,12,0,0,0.09399031292617968,0.05146482859171836,0.09659607190280307,0.0038488725289413353,0.34051845231764144,87.72,49.662628471182096,29,283,0.5661494353759929,2193,0.0198447280114759,0.13414690774577018,-0.35707861286685605,0.43500918747987755
42,1.5,high,True,1.186281628121906,0.21333333333333349,0.16850000446175484,0.5062562498813673,13,12,0,0,0.09399031292617968,0.05146482859171836,0.09659607190280307,0.0038488725289413353,0.34051845231764144,87.72,49.662628471182096,29,283,0.5661494353759929,2193,0.10334412441587632,0.2801966817635653,-0.30136660028722023,0.7971342072300014
42,2.0,low,True,1.7682712504311469,0.2266666666666668,0.5924144127551147,0.7137635644715248,14,11,0,0,0.08744452366607548,0.06128892933748836,0.08127348934517657,0.003089937447834945,0.2917410479328668,87.72,49.662628471182096,29,283,0.5661494353759929,2193,0.018660725157789743,0.1349330084761953,-0.3571297610943481,0.4366212836704825
42,2.0,high,True,1.7682712504311469,0.2266666666666668,0.5924144127551147,0.7137635644715248,14,11,0,0,0.08744452366607548,0.06128892933748836,0.08127348934517657,0.003089937447834945,0.2917410479328668,87.72,49.662628471182096,29,283,0.5661494353759929,2193,0.10270421402510682,0.28135780562513996,-0.309116653122576,0.7999430135923097
43,-0.5,low,True,-0.24046681599776465,0.22000000000000008,-0.00029120494225272006,-0.15313583280512913,12,13,0,0,0.09069387399610898,0.04121325782870382,0.10659575797098174,0.01220863749424943,0.40929210551121376,97.96,52.17397179948382,27,256,0.5326048570792551,2449,0.03991497297983177,0.14088265692664773,-0.35989223550722227,0.45113872331404437
43,-0.5,high,True,-0.24046681599776465,0.22000000000000008,-0.00029120494225272006,-0.15313583280512913,12,13,0,0,0.09069387399610898,0.04121325782870382,0.10659575797098174,0.01220863749424943,0.40929210551121376,97.96,52.17397179948382,27,256,0.5326048570792551,2449,0.12818133800084244,0.27152835918205304,-0.2618968667093061,0.8033146873464683
43,0.0,low,True,0.26323234442720983,0.3333333333333335,0.20555511527700046,0.11927665369243728,10,15,0,0,0.10148649239488741,0.0414832286422601,0.13099998876352312,0.014820162324323417,0.5198875355781286,97.96,52.17397179948382,27,256,0.5326048570792551,2449,0.04140932030370898,0.14013614971955354,-0.3620314250768876,0.457511650783484
43,0.0,high,True,0.26323234442720983,0.3333333333333335,0.20555511527700046,0.11927665369243728,10,15,0,0,0.10148649239488741,0.0414832286422601,0.13099998876352312,0.014820162324323417,0.5198875355781286,97.96,52.17397179948382,27,256,0.5326048570792551,2449,0.12903667794724558,0.2693503048291644,-0.264029456666777,0.8032173413029811
43,0.5,low,True,0.7562947581123396,0.3800000000000001,0.35630827140834,0.39053484999298016,11,14,0,0,0.11535068830524682,0.03798933057434626,0.16282868209301707,0.014878446336297039,0.6007485703342429,97.96,52.17397179948382,27,256,0.5326048570792551,2449,0.043638830094661324,0.13956619440042642,-0.36799235845928757,0.46561331031881326
43,0.5,high,True,0.7562947581123396,0.3800000000000001,0.35630827140834,0.39053484999298016,11,14,0,0,0.11535068830524682,0.03798933057434626,0.16282868209301707,0.014878446336297039,0.6007485703342429,97.96,52.17397179948382,27,256,0.5326048570792551,2449,0.13020010365989151,0.2661459907688482,-0.26841622860771186,0.8026265976089815
43,1.0,low,True,1.238018002849779,0.40000000000000013,0.47248196887021343,0.661793046293523,11,14,0,0,0.13053445790494908,0.047895714274220964,0.1979446268558686,0.012817368581750315,0.7955625940431845,97.96,52.17397179948382,27,256,0.5326048570792551,2449,0.04653595872653183,0.13975185952976604,-0.37475479794329886,0.54252632085715
43,1.0,high,True,1.238018002849779,0.40000000000000013,0.47248196887021343,0.661793046293523,11,14,0,0,0.13053445790494908,0.047895714274220964,0.1979446268558686,0.012817368581750315,0.7955625940431845,97.96,52.17397179948382,27,256,0.5326048570792551,2449,0.13144970074056136,0.26232325180656646,-0.2737139195436056,0.8132151097038238
43,1.5,low,True,1.6992428650385145,0.2466666666666668,0.5821190979874514,0.7364371457010483,14,11,0,1,0.14207690058118352,0.06196645925302403,0.21889668709548957,0.01069202350563622,0.95,97.96,52.17397179948382,27,256,0.5326048570792551,2449,0.04920306489452571,0.14044204219738138,-0.38115287249211044,0.5731827037939814
43,1.5,high,True,1.6992428650385145,0.2466666666666668,0.5821190979874514,0.7364371457010483,14,11,0,1,0.14207690058118352,0.06196645925302403,0.21889668709548957,0.01069202350563622,0.95,97.96,52.17397179948382,27,256,0.5326048570792551,2449,0.13226786145724498,0.2600155483235174,-0.27905539929993556,0.8232592971093113
43,2.0,low,True,2.1373070389671134,0.14666666666666683,0.7390670024992486,0.8372451562411081,17,8,0,1,0.1476624267840913,0.07883920162216637,0.2160780733071144,0.006699661573727096,0.95,97.96,52.17397179948382,27,256,0.5326048570792551,2449,0.05100691149344641,0.14065657603644435,-0.38677222901673586,0.4802452037674314
43,2.0,high,True,2.1373070389671134,0.14666666666666683,0.7390670024992486,0.8372451562411081,17,8,0,1,0.1476624267840913,0.07883920162216637,0.2160780733071144,0.006699661573727096,0.95,97.96,52.17397179948382,27,256,0.5326048570792551,2449,0.1338880113337884,0.2600289519157785,-0.2841148404069476,0.8259236939663125
44,-0.5,low,True,-0.4069117097183728,0.2266666666666668,-0.14026341851221794,-0.09819028499849726,15,10,0,0,0.09956975613597635,0.06517632249994812,0.10727667726902962,0.005935140004111751,0.37573742862941434,77.64,36.093489717676235,15,172,0.4648826599391581,1941,0.037370487109552666,0.12867761136078548,-0.3939516847183944,0.408326782173472
44,-0.5,high,True,-0.4069117097183728,0.2266666666666668,-0.14026341851221794,-0.09819028499849726,15,10,0,0,0.09956975613597635,0.06517632249994812,0.10727667726902962,0.005935140004111751,0.37573742862941434,77.64,36.093489717676235,15,172,0.4648826599391581,1941,0.13075309110518185,0.2634013884548172,-0.2884200902316832,0.7823389662800662
44,0.0,low,True,0.09577917333392123,0.2533333333333335,0.187333543008263,0.13284567970384925,15,10,0,0,0.09431460697270687,0.055354397678784535,0.10117394683967884,0.006188852367156018,0.4261344434735989,77.64,36.093489717676235,15,172,0.4648826599391581,1941,0.036867748108504454,0.128830344782048,-0.393803064828016,0.4152399232727269
44,0.0,high,True,0.09577917333392123,0.2533333333333335,0.187333543008263,0.13284567970384925,15,10,0,0,0.09431460697270687,0.055354397678784535,0.10117394683967884,0.006188852367156018,0.4261344434735989,77.64,36.093489717676235,15,172,0.4648826599391581,1941,0.1303052708556929,0.2635926666742138,-0.28809396888753824,0.7965877733930825
44,0.5,low,True,0.5945997918413266,0.29333333333333345,0.4111251614592454,0.3581057452886371,13,12,0,0,0.09355104487945853,0.05178880759979908,0.1097834423403946,0.004798183847988193,0.4531864862733785,77.64,36.093489717676235,15,172,0.4648826599391581,1941,0.03676659256855409,0.1287226757568081,-0.3935732985057138,0.4143659532206177
44,0.5,high,True,0.5945997918413266,0.29333333333333345,0.4111251614592454,0.3581057452886371,13,12,0,0,0.09355104487945853,0.05178880759979908,0.1097834423403946,0.004798183847988193,0.4531864862733785,77.64,36.093489717676235,15,172,0.4648826599391581,1941,0.1299586012632136,0.26308952066754393,-0.2878696176861535,0.8004968045483182
44,1.0,low,True,1.0892945639202978,0.2466666666666668,0.5662555803078679,0.4774743270515161,12,13,0,0,0.09410227438809621,0.047732757528566545,0.1178247705147463,0.004060699197335112,0.4394618043478701,77.64,36.093489717676235,15,172,0.4648826599391581,1941,0.036744048152863515,0.12859951959148483,-0.393212851562085,0.41350058939036166
44,1.0,high,True,1.0892945639202978,0.2466666666666668,0.5662555803078679,0.4774743270515161,12,13,0,0,0.09410227438809621,0.047732757528566545,0.1178247705147463,0.004060699197335112,0.4394618043478701,77.64,36.093489717676235,15,172,0.4648826599391581,1941,0.12973578456076695,0.26269320233427784,-0.2877622650724392,0.8006032321613409
44,1.5,low,True,1.578890591006686,0.22000000000000008,0.6956640653366247,0.6291879438727236,11,14,0,0,0.09359478282208858,0.045901793083668416,0.12105900919108764,0.0038403869722524265,0.3917917578913594,77.64,36.093489717676235,15,172,0.4648826599391581,1941,0.036454462672507904,0.1285145034684873,-0.3926087500014423,0.4131487718186634
44,1.5,high,True,1.578890591006686,0.22000000000000008,0.6956640653366247,0.6291879438727236,11,14,0,0,0.09359478282208858,0.045901793083668416,0.12105900919108764,0.0038403869722524265,0.3917917578913594,77.64,36.093489717676235,15,172,0.4648826599391581,1941,0.1294338072211013,0.26267500904999913,-0.28774631828623554,0.8004612263267792
44,2.0,low,True,2.0604905071197503,0.19333333333333347,0.8160590930646442,0.7847521601056368,9,16,0,0,0.0895363606508499,0.04263849495837547,0.11683524428648415,0.003831274118354234,0.40034480041692255,77.64,36.093489717676235,15,172,0.4648826599391581,1941,0.03555734886578873,0.12851461400509775,-0.39141641209679157,0.4130447245843586
44,2.0,high,True,2.0604905071197503,0.19333333333333347,0.8160590930646442,0.7847521601056368,9,16,0,0,0.0895363606508499,0.04263849495837547,0.11683524428648415,0.003831274118354234,0.40034480041692255,77.64,36.093489717676235,15,172,0.4648826599391581,1941,0.12880514990012906,0.26320195375009914,-0.2876969324925422,0.8004141117254087
45,-0.5,low,True,-1.1276965608839797,0.21333333333333349,-0.34404403606089173,-0.28785842779528087,17,8,0,0,0.0969882271988896,0.0841278265485307,0.07846968208755341,0.0018868490145043113,0.2868335523659043,82.84,42.29527160333647,30,228,0.5105658088283012,2071,0.03943807147700165,0.1413479524901575,-0.32478771024806863,0.48067792582774493
45,-0.5,high,True,-1.1276965608839797,0.21333333333333349,-0.34404403606089173,-0.28785842779528087,17,8,0,0,0.0969882271988896,0.0841278265485307,0.07846968208755341,0.0018868490145043113,0.2868335523659043,82.84,42.29527160333647,30,228,0.5105658088283012,2071,0.12759103803487715,0.27474146131080607,-0.2582179038489426,0.8227864821072232
45,0.0,low,True,-0.6416727836980044,0.21333333333333349,-0.19962408261573578,-0.1616317375321096,16,9,0,0,0.09382163222013525,0.07780810710454088,0.07746413416627913,0.0024683045764427904,0.332214145424549,82.84,42.29527160333647,30,228,0.5105658088283012,2071,0.038847142958320154,0.14145816675500122,-0.3236088800823124,0.4809023318669244
45,0.0,high,True,-0.6416727836980044,0.21333333333333349,-0.19962408261573578,-0.1616317375321096,16,9,0,0,0.09382163222013525,0.07780810710454088,0.07746413416627913,0.0024683045764427904,0.332214145424549,82.84,42.29527160333647,30,228,0.5105658088283012,2071,0.12706906283409614,0.27488128745299134,-0.2570926909452079,0.8230167704886742
45,0.5,low,True,-0.1297201606291323,0.22000000000000008,-0.028689888740498305,0.021935735807929162,15,10,0,0,0.09004930688772791,0.08158210437709175,0.07606882562894694,0.0036463348452466736,0.3564286753572856,82.84,42.29527160333647,30,228,0.5105658088283012,2071,0.038159454292929995,0.14165244360507623,-0.32192449479756324,0.4811286643857498
45,0.5,high,True,-0.1297201606291323,0.22000000000000008,-0.028689888740498305,0.021935735807929162,15,10,0,0,0.09004930688772791,0.08158210437709175,0.07606882562894694,0.0036463348452466736,0.3564286753572856,82.84,42.29527160333647,30,228,0.5105658088283012,2071,0.12646272104169431,0.27508689116334833,-0.2554739603906598,0.8232017751704873
45,1.0,low,True,0.40987357971702176,0.28000000000000014,0.19632957305793078,0.26284399222483534,17,8,0,0,0.08615449524872533,0.06649572084239327,0.073501204720452,0.00613192827770402,0.35245107438321716,82.84,42.29527160333647,30,228,0.5105658088283012,2071,0.037466458072087684,0.14191839015762314,-0.31944368817639895,0.4813358035962989
45,1.0,high,True,0.40987357971702176,0.28000000000000014,0.19632957305793078,0.26284399222483534,17,8,0,0,0.08615449524872533,0.06649572084239327,0.073501204720452,0.00613192827770402,0.35245107438321716,82.84,42.29527160333647,30,228,0.5105658088283012,2071,0.12586439098688146,0.27539242393313235,-0.25308757834170226,0.8232864844476747
45,1.5,low,True,0.9836263734238682,0.30000000000000016,0.507860211330417,0.5276121718012435,17,8,0,0,0.08302156907480934,0.06645288782266445,0.0736304888669597,0.007995568712562644,0.3150957349427566,82.84,42.29527160333647,30,228,0.5105658088283012,2071,0.036831092172575526,0.14215878622726696,-0.31564388023343576,0.48146732019679656
45,1.5,high,True,0.9836263734238682,0.30000000000000016,0.507860211330417,0.5276121718012435,17,8,0,0,0.08302156907480934,0.06645288782266445,0.0736304888669597,0.007995568712562644,0.3150957349427566,82.84,42.29527160333647,30,228,0.5105658088283012,2071,0.1252693679909938,0.27567086174580635,-0.2494573112532837,0.8231397163918872
45,2.0,low,True,1.6109491302908931,0.2066666666666669,0.7962910197562251,0.7000193585021603,13,12,0,0,0.08238680000495727,0.05662509841016507,0.09110844617933354,0.006862057894017207,0.4361731171767547,82.84,42.29527160333647,30,228,0.5105658088283012,2071,0.03619587205628511,0.14194883833180993,-0.31725268539149754,0.4813562000203862
45,2.0,high,True,1.6109491302908931,0.2066666666666669,0.7962910197562251,0.7000193585021603,13,12,0,0,0.08238680000495727,0.05662509841016507,0.09110844617933354,0.006862057894017207,0.4361731171767547,82.84,42.29527160333647,30,228,0.5105658088283012,2071,0.1243491431927301,0.27529588825394885,-0.24364307921827724,0.8223968478514686
46,-0.5,low,True,-1.3347635801851216,0.1066666666666668,-0.4061241770508206,-0.5651086851986584,12,13,0,0,0.09759266052263235,0.047678330013761136,0.12894567477064964,0.008157039056035048,0.579974084799325,80.8,46.153728632329006,29,239,0.5712095127763491,2020,0.030456653766648495,0.14191010880305804,-0.38841707660808517,0.4362518256223818
46,-0.5,high,True,-1.3347635801851216,0.1066666666666668,-0.4061241770508206,-0.5651086851986584,12,13,0,0,0.09759266052263235,0.047678330013761136,0.12894567477064964,0.008157039056035048,0.579974084799325,80.8,46.153728632329006,29,239,0.5712095127763491,2020,0.11645724137861686,0.2725763961337976,-0.26660783479959743,0.8059724726625873
46,0.0,low,True,-0.8521230460302236,0.20000000000000018,-0.3234158313242098,-0.3831506129733587,13,12,0,0,0.08317226217674131,0.0536419003493738,0.09446462663617347,0.007781464731336828,0.4154941667631548,80.8,46.153728632329006,29,239,0.5712095127763491,2020,0.02858912808969342,0.14289043475548635,-0.39027183610392746,0.43637698907485206
46,0.0,high,True,-0.8521230460302236,0.20000000000000018,-0.3234158313242098,-0.3831506129733587,13,12,0,0,0.08317226217674131,0.0536419003493738,0.09446462663617347,0.007781464731336828,0.4154941667631548,80.8,46.153728632329006,29,239,0.5712095127763491,2020,0.11552342725526668,0.27546270418847885,-0.26799190255441313,0.8066787300201474
46,0.5,low,True,-0.3350497484870313,0.30666666666666687,-0.14452062017402462,-0.13925755210477492,11,14,0,0,0.07239511983697682,0.04297725009714466,0.06811975964792626,0.008002695714624707,0.2732512093322103,80.8,46.153728632329006,29,239,0.5712095127763491,2020,0.02730807553823985,0.14361392777341697,-0.3916534473617787,0.43635299419416773
46,0.5,high,True,-0.3350497484870313,0.30666666666666687,-0.14452062017402462,-0.13925755210477492,11,14,0,0,0.07239511983697682,0.04297725009714466,0.06811975964792626,0.008002695714624707,0.2732512093322103,80.8,46.153728632329006,29,239,0.5712095127763491,2020,0.1147576919514485,0.2771823459992731,-0.2690425629754406,0.8069325529936969
46,1.0,low,True,0.218730159728123,0.3200000000000002,0.20090546945804602,0.08732448709332571,10,15,0,0,0.06590839312164162,0.039922256918499724,0.0551333467867526,0.008916886879999607,0.17938299432145896,80.8,46.153728632329006,29,239,0.5712095127763491,2020,0.02655313094778917,0.14394238866500317,-0.39261448985253977,0.4362776856013831
46,1.0,high,True,0.218730159728123,0.3200000000000002,0.20090546945804602,0.08732448709332571,10,15,0,0,0.06590839312164162,0.039922256918499724,0.0551333467867526,0.008916886879999607,0.17938299432145896,80.8,46.153728632329006,29,239,0.5712095127763491,2020,0.11421862249728053,0.27789050755875017,-0.26979616009429896,0.806984139767456
46,1.5,low,True,0.8178723107229571,0.3866666666666668,0.6031154361678912,0.45316407839620126,9,16,0,0,0.06431360995571334,0.03945315663905686,0.058869241706255994,0.010969800441883896,0.2266444203499921,80.8,46.153728632329006,29,239,0.5712095127763491,2020,0.026307978330676773,0.14385289958543268,-0.39322687500436254,0.43618924611349125
46,1.5,high,True,0.8178723107229571,0.3866666666666668,0.6031154361678912,0.45316407839620126,9,16,0,0,0.06431360995571334,0.03945315663905686,0.058869241706255994,0.010969800441883896,0.2266444203499921,80.8,46.153728632329006,29,239,0.5712095127763491,2020,0.11395548912466492,0.27778411935966446,-0.2703029361055358,0.8069427598375941
46,2.0,low,True,1.4881538357780473,0.27333333333333343,0.8687699033672189,0.7132140928239026,10,15,0,0,0.06924813774961984,0.038225811021170314,0.08198737470502576,0.012026271286538975,0.323230357938484,80.8,46.153728632329006,29,239,0.5712095127763491,2020,0.026731677563499485,0.14311526795602633,-0.39351489820252894,0.43609210001537413
46,2.0,high,True,1.4881538357780473,0.27333333333333343,0.8687699033672189,0.7132140928239026,10,15,0,0,0.06924813774961984,0.038225811021170314,0.08198737470502576,0.012026271286538975,0.323230357938484,80.8,46.153728632329006,29,239,0.5712095127763491,2020,0.11400079045364923,0.27663817708650146,-0.27058138517894986,0.8068361761636703
47,-0.5,low,True,-0.14706765880616324,0.2466666666666668,0.026984927841407103,-0.08148358162615595,12,13,0,0,0.07474659088505715,0.04725930699317079,0.08675099653535122,0.0032970703845492558,0.35000412484037446,75.04,32.872835796951456,23,154,0.4380708395116132,1876,0.014494112806815753,0.13307357843207526,-0.3576069777375286,0.4023583925265002
47,-0.5,high,True,-0.14706765880616324,0.2466666666666668,0.026984927841407103,-0.08148358162615595,12,13,0,0,0.07474659088505715,0.04725930699317079,0.08675099653535122,0.0032970703845492558,0.35000412484037446,75.04,32.872835796951456,23,154,0.4380708395116132,1876,0.10780330984068912,0.27003647459571106,-0.22503452394316903,0.7749614765154925
47,0.0,low,True,0.3611674535078217,0.30666666666666687,0.17963251184335866,0.18343460318684396,14,11,0,0,0.07407217640278062,0.05448580159674875,0.09979251034393948,0.0028967386010806872,0.44737256417897014,75.04,32.872835796951456,23,154,0.4380708395116132,1876,0.014257612995331273,0.13294093464004475,-0.3576426763571794,0.40214947243295607
47,0.0,high,True,0.3611674535078217,0.30666666666666687,0.17963251184335866,0.18343460318684396,14,11,0,0,0.07407217640278062,0.05448580159674875,0.09979251034393948,0.0028967386010806872,0.44737256417897014,75.04,32.872835796951456,23,154,0.4380708395116132,1876,0.10741742918512107,0.2691842825038803,-0.2285782721266309,0.7751575451851807
47,0.5,low,True,0.8548084370417868,0.32666666666666677,0.27860597643734675,0.38656429008427534,12,13,0,0,0.07377745039541644,0.04252383717162132,0.11059455738475278,0.0028554712912156536,0.5233702931097441,75.04,32.872835796951456,23,154,0.4380708395116132,1876,0.014090177118277201,0.13276019532947497,-0.357673126534286,0.4020200074144324
47,0.5,high,True,0.8548084370417868,0.32666666666666677,0.27860597643734675,0.38656429008427534,12,13,0,0,0.07377745039541644,0.04252383717162132,0.11059455738475278,0.0028554712912156536,0.5233702931097441,75.04,32.872835796951456,23,154,0.4380708395116132,1876,0.10708546617742523,0.26841923519224187,-0.2320333673732862,0.7753522368878606
47,1.0,low,True,1.332891534698757,0.2333333333333335,0.36049756805939154,0.5082103953555509,11,14,0,0,0.07271688079057333,0.03990482220709091,0.11434528384559492,0.0031822531629278217,0.5571251512442887,75.04,32.872835796951456,23,154,0.4380708395116132,1876,0.013890742910195701,0.1327293814253997,-0.35769828942406817,0.40193690897248807
47,1.0,high,True,1.332891534698757,0.2333333333333335,0.36049756805939154,0.5082103953555509,11,14,0,0,0.07271688079057333,0.03990482220709091,0.11434528384559492,0.0031822531629278217,0.5571251512442887,75.04,32.872835796951456,23,154,0.4380708395116132,1876,0.10682465664935885,0.2682147459034787,-0.23508754861670608,0.7755142314366722
47,1.5,low,True,1.7917481065781822,0.15333333333333354,0.45800565433660057,0.646075981329663,11,14,0,0,0.070182994139255,0.040953724835976944,0.10742466520349715,0.00412710782882596,0.5277561909578314,75.04,32.872835796951456,23,154,0.4380708395116132,1876,0.013614459622833728,0.1330208522458315,-0.3577065994012506,0.40188191393538936
47,1.5,high,True,1.7917481065781822,0.15333333333333354,0.45800565433660057,0.646075981329663,11,14,0,0,0.070182994139255,0.040953724835976944,0.10742466520349715,0.00412710782882596,0.5277561909578314,75.04,32.872835796951456,23,154,0.4380708395116132,1876,0.1066763114750967,0.26892032666530374,-0.23762123096324064,0.7755946300459303
47,2.0,low,True,2.220452663800595,0.2333333333333335,0.6220240590491007,0.817925241157338,12,13,0,0,0.06611082513155767,0.04433658558573284,0.0886462450192915,0.004580293066712054,0.41635273404792467,75.04,32.872835796951456,23,154,0.4380708395116132,1876,0.013260897067213227,0.13360549216961093,-0.35764713233950085,0.4018474470732255
47,2.0,high,True,2.220452663800595,0.2333333333333335,0.6220240590491007,0.817925241157338,12,13,0,0,0.06611082513155767,0.04433658558573284,0.0886462450192915,0.004580293066712054,0.41635273404792467,75.04,32.872835796951456,23,154,0.4380708395116132,1876,0.10659633117888416,0.27045306189828033,-0.23964889137805126,0.7755110945521698
48,-0.5,low,True,-1.542909608583659,0.12666666666666682,-0.483624147353289,-0.4316214736507113,12,13,0,0,0.1016493013847723,0.041984696461345714,0.14689485922399137,0.002442907799239601,0.6773141621340908,103.88,41.743582341081684,25,193,0.4018442658941248,2597,0.021694503700198483,0.13269112677014133,-0.33617356919735164,0.4464508619087343
48,-0.5,high,True,-1.542909608583659,0.12666666666666682,-0.483624147353289,-0.4316214736507113,12,13,0,0,0.1016493013847723,0.041984696461345714,0.14689485922399137,0.002442907799239601,0.6773141621340908,103.88,41.743582341081684,25,193,0.4018442658941248,2597,0.11130758931410362,0.2738639197008548,-0.31755297254713183,0.8040063836662192
48,0.0,low,True,-1.067240940854247,0.15333333333333354,-0.2617249879360894,-0.2962108152504881,13,12,0,0,0.09821764177239933,0.05686818246527147,0.11552953242262419,0.00317778785233647,0.40540700924218565,103.88,41.743582341081684,25,193,0.4018442658941248,2597,0.02159377229657581,0.13325734996353633,-0.33386891854103096,0.44162988636950495
48,0.0,high,True,-1.067240940854247,0.15333333333333354,-0.2617249879360894,-0.2962108152504881,13,12,0,0,0.09821764177239933,0.05686818246527147,0.11552953242262419,0.00317778785233647,0.40540700924218565,103.88,41.743582341081684,25,193,0.4018442658941248,2597,0.11204662012949164,0.27647325225139313,-0.31534117640331377,0.7900993146228459
48,0.5,low,True,-0.5484469815769382,0.2066666666666669,0.04485828356708063,-0.13425659028885759,13,12,0,0,0.1003532542410356,0.055415160778513495,0.11800209977646232,0.004620671438184072,0.445083635265812,103.88,41.743582341081684,25,193,0.4018442658941248,2597,0.022061436599276726,0.1329951326358127,-0.33081997207735225,0.4275806228146616
48,0.5,high,True,-0.5484469815769382,0.2066666666666669,0.04485828356708063,-0.13425659028885759,13,12,0,0,0.1003532542410356,0.055415160778513495,0.11800209977646232,0.004620671438184072,0.445083635265812,103.88,41.743582341081684,25,193,0.4018442658941248,2597,0.11238067610011783,0.27636934317503353,-0.312401578901067,0.7692073097443326
48,1.0,low,True,0.01632014776262629,0.2533333333333335,0.2703801403537798,0.06193498864328388,14,11,0,0,0.10657031898397328,0.06094445637125243,0.13585147824828545,0.0075655648781828705,0.5404201719297973,103.88,41.743582341081684,25,193,0.4018442658941248,2597,0.02320011103118014,0.1324820477658911,-0.3270268776854097,0.40999249660408305
48,1.0,high,True,0.01632014776262629,0.2533333333333335,0.2703801403537798,0.06193498864328388,14,11,0,0,0.10657031898397328,0.06094445637125243,0.13585147824828545,0.0075655648781828705,0.5404201719297973,103.88,41.743582341081684,25,193,0.4018442658941248,2597,0.11290638850779071,0.2749342821876678,-0.30871470968959513,0.7734509979267035
48,1.5,low,True,0.637901187826684,0.30666666666666687,0.4277659437170145,0.3054433601414124,15,10,0,0,0.11473884867441196,0.05606628077682886,0.15187673832252133,0.013137560400747225,0.6515047385764788,103.88,41.743582341081684,25,193,0.4018442658941248,2597,0.024893301047125126,0.13188596913528253,-0.32242823635451334,0.4040550921935736
48,1.5,high,True,0.637901187826684,0.30666666666666687,0.4277659437170145,0.3054433601414124,15,10,0,0,0.11473884867441196,0.05606628077682886,0.15187673832252133,0.013137560400747225,0.6515047385764788,103.88,41.743582341081684,25,193,0.4018442658941248,2597,0.1138252900785837,0.27309821344795104,-0.30418419377795225,0.7745045253000702
48,2.0,low,True,1.3485806895008947,0.3400000000000002,0.5845880836040751,0.6428159380306048,14,11,0,0,0.12262807969835031,0.06295392323330608,0.1533543864157477,0.017785303278448863,0.6789215712687874,103.88,41.743582341081684,25,193,0.4018442658941248,2597,0.026863908130274908,0.13108779278874721,-0.31628925498978777,0.3990302706079464
48,2.0,high,True,1.3485806895008947,0.3400000000000002,0.5845880836040751,0.6428159380306048,14,11,0,0,0.12262807969835031,0.06295392323330608,0.1533543864157477,0.017785303278448863,0.6789215712687874,103.88,41.743582341081684,25,193,0.4018442658941248,2597,0.11536002355235513,0.2718578152767592,-0.2980317559747337,0.7721304151656726
49,-0.5,low,True,0.02389961826091748,0.26666666666666683,0.04020944847196717,0.04539334571371116,10,15,0,0,0.06409859064202536,0.03357695992110063,0.08123388151124987,0.0027217781212103883,0.3846593926398076,88.24,45.114927315320664,24,202,0.511275241560751,2206,0.03614659387519814,0.1254894602832005,-0.2766942581510309,0.3930301177383437
49,-0.5,high,True,0.02389961826091748,0.26666666666666683,0.04020944847196717,0.04539334571371116,10,15,0,0,0.06409859064202536,0.03357695992110063,0.08123388151124987,0.0027217781212103883,0.3846593926398076,88.24,45.114927315320664,24,202,0.511275241560751,2206,0.127384876153544,0.26726666504346724,-0.22914155682228562,0.791512445782546
49,0.0,low,True,0.5345492233619479,0.2533333333333335,0.1560480870745901,0.18772841278212754,10,15,0,0,0.06939117011696214,0.04436577841434633,0.1003346092710311,0.003646213179416139,0.49104236535948115,88.24,45.114927315320664,24,202,0.511275241560751,2206,0.03685153804719406,0.12492904677456221,-0.2767567706828391,0.3937645944219132
49,0.0,high,True,0.5345492233619479,0.2533333333333335,0.1560480870745901,0.18772841278212754,10,15,0,0,0.06939117011696214,0.04436577841434633,0.1003346092710311,0.003646213179416139,0.49104236535948115,88.24,45.114927315320664,24,202,0.511275241560751,2206,0.12756216426087666,0.2663512903061225,-0.2254864642226982,0.7920992890272089
49,0.5,low,True,1.0235986534493289,0.2533333333333335,0.2496380323725516,0.39969225590293134,12,13,0,0,0.0753172355435598,0.04266618177519642,0.11635918829022493,0.0024614884010286738,0.5715715786179039,88.24,45.114927315320664,24,202,0.511275241560751,2206,0.03768883668504085,0.12442837225884337,-0.27677608190507863,0.3945921608119194
49,0.5,high,True,1.0235986534493289,0.2533333333333335,0.2496380323725516,0.39969225590293134,12,13,0,0,0.0753172355435598,0.04266618177519642,0.11635918829022493,0.0024614884010286738,0.5715715786179039,88.24,45.114927315320664,24,202,0.511275241560751,2206,0.12784931054336712,0.2654777566264009,-0.22026103684448783,0.7924914921003878
49,1.0,low,True,1.4896214909356083,0.2333333333333335,0.3548211851896322,0.5408732548599822,11,14,0,0,0.08108988512548185,0.038100646246789736,0.125186073304837,0.0016113057998070706,0.6029535118481743,88.24,45.114927315320664,24,202,0.511275241560751,2206,0.03853541632871457,0.12414975047746116,-0.2767568670187036,0.3952560811317919
49,1.0,high,True,1.4896214909356083,0.2333333333333335,0.3548211851896322,0.5408732548599822,11,14,0,0,0.08108988512548185,0.038100646246789736,0.125186073304837,0.0016113057998070706,0.6029535118481743,88.24,45.114927315320664,24,202,0.511275241560751,2206,0.12835039063253736,0.2649742244487766,-0.21524530564959643,0.7920188530125768
49,1.5,low,True,1.9271879314721756,0.17333333333333345,0.5030440881470049,0.6809001857056676,12,13,0,0,0.08634637607074128,0.03968487338261089,0.12552930631300693,0.001203676795838308,0.5632232795811624,88.24,45.114927315320664,24,202,0.511275241560751,2206,0.03927052397930317,0.12419022968729136,-0.2766874026067182,0.3949533404206696
49,1.5,high,True,1.9271879314721756,0.17333333333333345,0.5030440881470049,0.6809001857056676,12,13,0,0,0.08634637607074128,0.03968487338261089,0.12552930631300693,0.001203676795838308,0.5632232795811624,88.24,45.114927315320664,24,202,0.511275241560751,2206,0.12910000578579142,0.2650149659758521,-0.2152592368749285,0.7888618446937972
49,2.0,low,True,2.3201276043939907,0.1200000000000001,0.7105877196366519,0.7659165365762621,11,14,0,0,0.09155357847206559,0.04679306954361673,0.12312565091591265,0.0011060728228580205,0.43475836543862895,88.24,45.114927315320664,24,202,0.511275241560751,2206,0.039869296945889414,0.1244178552965522,-0.2765134985310787,0.3912997677323122
49,2.0,high,True,2.3201276043939907,0.1200000000000001,0.7105877196366519,0.7659165365762621,11,14,0,0,0.09155357847206559,0.04679306954361673,0.12312565091591265,0.0011060728228580205,0.43475836543862895,88.24,45.114927315320664,24,202,0.511275241560751,2206,0.12986900040317653,0.2652307327872223,-0.21525814066471358,0.7881282816102907
50,-0.5,low,True,-0.3409247160110475,0.3466666666666668,-0.2260161899410972,-0.10465564453013851,14,11,0,0,0.08133620316333431,0.05364004765638058,0.07597418693804,0.00702763762319955,0.2639316887416481,117.52,85.84245259000157,38,343,0.7304497327263578,2938,0.02664588654382624,0.1364476338784434,-0.3330952422036244,0.3813092916226243
50,-0.5,high,True,-0.3409247160110475,0.3466666666666668,-0.2260161899410972,-0.10465564453013851,14,11,0,0,0.08133620316333431,0.05364004765638058,0.07597418693804,0.00702763762319955,0.2639316887416481,117.52,85.84245259000157,38,343,0.7304497327263578,2938,0.12347546054560184,0.268783645300211,-0.26071942738334164,0.78735378400376
50,0.0,low,True,0.16203116150687857,0.3333333333333335,0.008972410760587454,0.1392843504408461,16,9,0,0,0.09081817596544345,0.06590987825922559,0.08615111813192687,0.007842694307225617,0.3695953077268215,117.52,85.84245259000157,38,343,0.7304497327263578,2938,0.02831399106424629,0.136109047989743,-0.3370261644429675,0.3811548189864218
50,0.0,high,True,0.16203116150687857,0.3333333333333335,0.008972410760587454,0.1392843504408461,16,9,0,0,0.09081817596544345,0.06590987825922559,0.08615111813192687,0.007842694307225617,0.3695953077268215,117.52,85.84245259000157,38,343,0.7304497327263578,2938,0.12483883784996314,0.267973094614346,-0.2635739033361597,0.7875742396830234
50,0.5,low,True,0.6584396505089221,0.3333333333333335,0.2617952056164751,0.43324358728285284,14,11,0,0,0.10579766185663252,0.06879314261680584,0.10896573991550607,0.008932089464669562,0.4995933952497932,117.52,85.84245259000157,38,343,0.7304497327263578,2938,0.031206711605712804,0.13564172702892668,-0.33875894292015757,0.3874141148458663
50,0.5,high,True,0.6584396505089221,0.3333333333333335,0.2617952056164751,0.43324358728285284,14,11,0,0,0.10579766185663252,0.06879314261680584,0.10896573991550607,0.008932089464669562,0.4995933952497932,117.52,85.84245259000157,38,343,0.7304497327263578,2938,0.1270015594275047,0.2660544934091114,-0.26459348362908697,0.7901495954062998
50,1.0,low,True,1.1478683790293471,0.3800000000000001,0.5098961944093476,0.6487110907272557,15,10,0,0,0.12881851563737146,0.08031067349803589,0.14596990158443865,0.007404274358713902,0.6195606200908036,117.52,85.84245259000157,38,343,0.7304497327263578,2938,0.03622760854127552,0.1358220176148139,-0.3378656303853145,0.4213869227990832
50,1.0,high,True,1.1478683790293471,0.3800000000000001,0.5098961944093476,0.6487110907272557,15,10,0,0,0.12881851563737146,0.08031067349803589,0.14596990158443865,0.007404274358713902,0.6195606200908036,117.52,85.84245259000157,38,343,0.7304497327263578,2938,0.130455521177574,0.26253365330427164,-0.26339303300481365,0.7988143922788168
50,1.5,low,True,1.6286714789854577,0.32666666666666677,0.7280840977482167,0.8137745889016287,16,9,0,0,0.1643893595030432,0.07148457063143125,0.2110410683371946,0.00663788541873833,0.7256469586311463,117.52,85.84245259000157,38,343,0.7304497327263578,2938,0.044843660032405676,0.14077673695424467,-0.3320391314455761,0.4920786845299581
50,1.5,high,True,1.6286714789854577,0.32666666666666677,0.7280840977482167,0.8137745889016287,16,9,0,0,0.1643893595030432,0.07148457063143125,0.2110410683371946,0.00663788541873833,0.7256469586311463,117.52,85.84245259000157,38,343,0.7304497327263578,2938,0.13504122550575384,0.256693571421202,-0.25809835075946214,0.7869164745069661
50,2.0,low,True,2.038549142013169,0.16193539306580695,0.8730767832125519,0.9062921083690161,16,9,0,2,0.20033123454596047,0.06966382889780123,0.2747954029847618,0.006728611581498598,0.95,117.52,85.84245259000157,38,343,0.7304497327263578,2938,0.05455175590304461,0.15394921017673754,-0.30221302169052555,0.890242265599247
50,2.0,high,True,2.038549142013169,0.16193539306580695,0.8730767832125519,0.9062921083690161,16,9,0,2,0.20033123454596047,0.06966382889780123,0.2747954029847618,0.006728611581498598,0.95,117.52,85.84245259000157,38,343,0.7304497327263578,2938,0.13707861784569378,0.2526427926461505,-0.23369015614720695,0.903523424021234
51,-0.5,low,True,0.2439157328213607,0.3733333333333334,0.22083315304918327,0.09311274255990265,8,17,0,0,0.05943416407159769,0.030502534342172448,0.07712344442009585,0.008723404722255919,0.3400143891891556,90.04,58.33700940797931,20,296,0.6479010374053676,2251,0.03903660000612017,0.12976987193929435,-0.3308836453499455,0.3738214982244794
51,-0.5,high,True,0.2439157328213607,0.3733333333333334,0.22083315304918327,0.09311274255990265,8,17,0,0,0.05943416407159769,0.030502534342172448,0.07712344442009585,0.008723404722255919,0.3400143891891556,90.04,58.33700940797931,20,296,0.6479010374053676,2251,0.12830612007689055,0.2709990195069663,-0.21113176892479066,0.7791638418015484
51,0.0,low,True,0.7603995222922119,0.42666666666666675,0.3579355325087993,0.4259330827017035,9,16,0,0,0.068651196663,0.031603922527514046,0.11198621782790519,0.00836414241063272,0.5365383215585261,90.04,58.33700940797931,20,296,0.6479010374053676,2251,0.039801306161853706,0.12885620115044308,-0.3311043481640853,0.3734965107160942
51,0.0,high,True,0.7603995222922119,0.42666666666666675,0.3579355325087993,0.4259330827017035,9,16,0,0,0.068651196663,0.031603922527514046,0.11198621782790519,0.00836414241063272,0.5365383215585261,90.04,58.33700940797931,20,296,0.6479010374053676,2251,0.12816494552792326,0.268929957552206,-0.21146596725452474,0.7796917821064323
51,0.5,low,True,1.246156931396241,0.3933333333333334,0.45374207676737477,0.6271643403828153,8,17,0,0,0.0819110612872746,0.03779246559935644,0.15598338977554885,0.0075095918642644885,0.7692336198050942,90.04,58.33700940797931,20,296,0.6479010374053676,2251,0.04101915295296437,0.12766212720292044,-0.33117539692927234,0.3733901845915164
51,0.5,high,True,1.246156931396241,0.3933333333333334,0.45374207676737477,0.6271643403828153,8,17,0,0,0.0819110612872746,0.03779246559935644,0.15598338977554885,0.0075095918642644885,0.7692336198050942,90.04,58.33700940797931,20,296,0.6479010374053676,2251,0.12748273735916232,0.2654675953507361,-0.21168184334633577,0.7801173294256538
51,1.0,low,True,1.694597369953036,0.26666666666666683,0.559533790047041,0.75952294964152,9,16,0,1,0.09667447065048977,0.03496384773119953,0.1949625573588858,0.0043568637973891355,0.95,90.04,58.33700940797931,20,296,0.6479010374053676,2251,0.04258241443333288,0.12699711924597248,-0.33118655761032256,0.41179500384111706
51,1.0,high,True,1.694597369953036,0.26666666666666683,0.559533790047041,0.75952294964152,9,16,0,1,0.09667447065048977,0.03496384773119953,0.1949625573588858,0.0043568637973891355,0.95,90.04,58.33700940797931,20,296,0.6479010374053676,2251,0.12589543820906612,0.2617595132034742,-0.21181935569597915,0.7804113344198226
51,1.5,low,True,2.094328139093346,0.16666666666666685,0.7194390638631607,0.8391689732361476,10,15,0,1,0.10989393181669888,0.032426271785811804,0.21530989331350434,0.0025518580470921355,0.95,90.04,58.33700940797931,20,296,0.6479010374053676,2251,0.044574425949199796,0.12989196516842597,-0.33114122671689983,0.6638830987952332
51,1.5,high,True,2.094328139093346,0.16666666666666685,0.7194390638631607,0.8391689732361476,10,15,0,1,0.10989393181669888,0.032426271785811804,0.21530989331350434,0.0025518580470921355,0.95,90.04,58.33700940797931,20,296,0.6479010374053676,2251,0.12679931085341312,0.26121083486651336,-0.21189722550285195,0.7805968549862644
51,2.0,low,True,2.430051180688377,0.10851294800227274,0.8269775110002346,0.8982105226892924,10,15,0,2,0.1268263404480978,0.03642525699398157,0.25294267121981995,0.0016510573586386193,0.95,90.04,58.33700940797931,20,296,0.6479010374053676,2251,0.046585024600188533,0.13385727981504747,-0.3309408663395652,0.9313505300886996
51,2.0,high,True,2.430051180688377,0.10851294800227274,0.8269775110002346,0.8982105226892924,10,15,0,2,0.1268263404480978,0.03642525699398157,0.25294267121981995,0.0016510573586386193,0.95,90.04,58.33700940797931,20,296,0.6479010374053676,2251,0.12550018575094962,0.2591202841216694,-0.21191097847423077,0.9761054014764547
52,-0.5,low,True,-0.8739689047228343,0.16193539306580695,-0.20369403271788586,-0.5302039245863793,11,14,0,2,0.14047954536603685,0.04599232267415611,0.25703724193329275,0.00572427445440345,0.95,103.12,57.47558902119519,21,229,0.5573660688634133,2578,0.03327312110062034,0.1408305118671608,-0.3098874608014876,0.9080797235823672
52,-0.5,high,True,-0.8739689047228343,0.16193539306580695,-0.20369403271788586,-0.5302039245863793,11,14,0,2,0.14047954536603685,0.04599232267415611,0.25703724193329275,0.00572427445440345,0.95,103.12,57.47558902119519,21,229,0.5573660688634133,2578,0.11339475441066407,0.26315931418758365,-0.214805840243773,0.9669653943953681
52,0.0,low,True,-0.38010296483132083,0.2554246719269918,-0.14510760364680517,-0.2801077337437476,11,14,0,2,0.14008865897959966,0.04057185277773516,0.2557193449456326,0.009216806056091008,0.95,103.12,57.47558902119519,21,229,0.5573660688634133,2578,0.03333868269401241,0.14043605304384035,-0.29813053800514544,0.9080797235823672
52,0.0,high,True,-0.38010296483132083,0.2554246719269918,-0.14510760364680517,-0.2801077337437476,11,14,0,2,0.14008865897959966,0.04057185277773516,0.2557193449456326,0.009216806056091008,0.95,103.12,57.47558902119519,21,229,0.5573660688634133,2578,0.11347698890482599,0.2633057402852265,-0.21513094519451034,0.9669653943953681
52,0.5,low,True,0.12801877879637452,0.47579225781407053,-0.08724821229503377,0.19084263178145436,11,14,0,2,0.1431102191655884,0.045895507356768915,0.25556576484605803,0.01588970425682341,0.95,103.12,57.47558902119519,21,229,0.5573660688634133,2578,0.03429021236154186,0.1404611395452473,-0.2819584039746269,0.9080797235823672
52,0.5,high,True,0.12801877879637452,0.47579225781407053,-0.08724821229503377,0.19084263178145436,11,14,0,2,0.1431102191655884,0.045895507356768915,0.25556576484605803,0.01588970425682341,0.95,103.12,57.47558902119519,21,229,0.5573660688634133,2578,0.1143066810287979,0.26326134519486466,-0.21535214931090324,0.9669653943953681
52,1.0,low,True,0.6513377411793284,0.5692815366752554,-0.021134837698777165,0.49442093112735663,12,13,0,2,0.1494818869713488,0.04515398505211963,0.25536065821234954,0.016629732518728704,0.95,103.12,57.47558902119519,21,229,0.5573660688634133,2578,0.03620245719122561,0.14072577712866205,-0.2724200702691521,0.9080797235823672
52,1.0,high,True,0.6513377411793284,0.5692815366752554,-0.021134837698777165,0.49442093112735663,12,13,0,2,0.1494818869713488,0.04515398505211963,0.25536065821234954,0.016629732518728704,0.95,103.12,57.47558902119519,21,229,0.5573660688634133,2578,0.11601647742299125,0.26305039283499915,-0.21549937421885523,0.9669653943953681
52,1.5,low,True,1.1951395813356647,0.3666666666666668,0.08916133116515229,0.6455087636237908,14,11,0,1,0.15293038738004283,0.06551218739774782,0.23206803627374514,0.008468595847769635,0.95,103.12,57.47558902119519,21,229,0.5573660688634133,2578,0.03895451882949558,0.13880875241404353,-0.27004710141480526,0.7416269594087099
52,1.5,high,True,1.1951395813356647,0.3666666666666668,0.08916133116515229,0.6455087636237908,14,11,0,1,0.15293038738004283,0.06551218739774782,0.23206803627374514,0.008468595847769635,0.95,103.12,57.47558902119519,21,229,0.5573660688634133,2578,0.12017228247931125,0.2639341359986777,-0.21558563119767873,0.8622642363431734
52,2.0,low,True,1.7724430140758425,0.15333333333333354,0.4865038677386174,0.7470667574239583,13,12,0,0,0.14131706662145593,0.08646389662846923,0.14545112731967813,0.004235352478991839,0.5482837499297873,103.12,57.47558902119519,21,229,0.5573660688634133,2578,0.03700607861104118,0.13556080096537218,-0.26878493223592087,0.445322036102503
52,2.0,high,True,1.7724430140758425,0.15333333333333354,0.4865038677386174,0.7470667574239583,13,12,0,0,0.14131706662145593,0.08646389662846923,0.14545112731967813,0.004235352478991839,0.5482837499297873,103.12,57.47558902119519,21,229,0.5573660688634133,2578,0.1229494754396881,0.2707484845481495,-0.21560255472826914,0.8026833841492469
53,-0.5,low,True,-1.205186719884458,0.17333333333333345,-0.36167407314733047,-0.5261538461538462,11,14,0,0,0.09558944188038623,0.042451375898376595,0.14990924667901798,0.003835431338630752,0.7401472476509775,85.2,41.517064764584056,23,177,0.4872894925420664,2130,0.03388290122955309,0.142716530333776,-0.36774328400573375,0.44018247527650495
53,-0.5,high,True,-1.205186719884458,0.17333333333333345,-0.36167407314733047,-0.5261538461538462,11,14,0,0,0.09558944188038623,0.042451375898376595,0.14990924667901798,0.003835431338630752,0.7401472476509775,85.2,41.517064764584056,23,177,0.4872894925420664,2130,0.12089491160236505,0.27212605940248596,-0.25454538581789776,0.8064069336737328
53,0.0,low,True,-0.7218786334455219,0.2466666666666668,-0.26023194338612443,-0.3246153846153846,10,15,0,0,0.08551080976350332,0.04300914100469496,0.11994563442751144,0.0041067317812915685,0.5809483621768937,85.2,41.517064764584056,23,177,0.4872894925420664,2130,0.03291305277875964,0.14346751683765474,-0.36754347524017905,0.44162179868328144
53,0.0,high,True,-0.7218786334455219,0.2466666666666668,-0.26023194338612443,-0.3246153846153846,10,15,0,0,0.08551080976350332,0.04300914100469496,0.11994563442751144,0.0041067317812915685,0.5809483621768937,85.2,41.517064764584056,23,177,0.4872894925420664,2130,0.12114105214521198,0.2744150340825104,-0.25451940377562493,0.8089256691396222
53,0.5,low,True,-0.20940072664285744,0.28666666666666685,-0.09787621054788072,-0.12384615384615384,12,13,0,0,0.07768293641028441,0.04445475685025607,0.0938496088864464,0.0048645257771537985,0.41296707364704527,85.2,41.517064764584056,23,177,0.4872894925420664,2130,0.032182990542358604,0.1443450005848652,-0.36722516548873646,0.4426611836430539
53,0.5,high,True,-0.20940072664285744,0.28666666666666685,-0.09787621054788072,-0.12384615384615384,12,13,0,0,0.07768293641028441,0.04445475685025607,0.0938496088864464,0.0048645257771537985,0.41296707364704527,85.2,41.517064764584056,23,177,0.4872894925420664,2130,0.12116251690927089,0.27617152964147385,-0.2544605561781548,0.8106772903193634
53,1.0,low,True,0.3341732971745228,0.26666666666666683,0.15465672775291567,0.07538461538461538,11,14,0,0,0.07276586009985209,0.04278386572882197,0.07872803007245416,0.0064171657044472955,0.26412497346855035,85.2,41.517064764584056,23,177,0.4872894925420664,2130,0.031694089988159486,0.14499127738700707,-0.36670286091101306,0.44333354430523303
53,1.0,high,True,0.3341732971745228,0.26666666666666683,0.15465672775291567,0.07538461538461538,11,14,0,0,0.07276586009985209,0.04278386572882197,0.07872803007245416,0.0064171657044472955,0.26412497346855035,85.2,41.517064764584056,23,177,0.4872894925420664,2130,0.12100737695245489,0.27716993352126473,-0.2543145841936502,0.8117125977786519
53,1.5,low,True,0.9161760831059826,0.32666666666666677,0.4388729570741471,0.33692307692307694,10,15,0,0,0.07123843185166244,0.043002365089658066,0.0769327071818054,0.005410021084688675,0.3198925845332639,85.2,41.517064764584056,23,177,0.4872894925420664,2130,0.03151923108464992,0.1452502618901172,-0.3657844053887527,0.44356231912390165
53,1.5,high,True,0.9161760831059826,0.32666666666666677,0.4388729570741471,0.33692307692307694,10,15,0,0,0.07123843185166244,0.043002365089658066,0.0769327071818054,0.005410021084688675,0.3198925845332639,85.2,41.517064764584056,23,177,0.4872894925420664,2130,0.12085904689083828,0.27743707647273064,-0.25388101285503656,0.8118726239883306
53,2.0,low,True,1.5584448064158873,0.2600000000000001,0.685897254375572,0.6315384615384615,10,15,0,0,0.07393124541378052,0.044206900415559316,0.08416553472442308,0.0037749077792805195,0.365063251253349,85.2,41.517064764584056,23,177,0.4872894925420664,2130,0.03187453357448581,0.14504552366032117,-0.3639022740247494,0.4427219916992069
53,2.0,high,True,1.5584448064158873,0.2600000000000001,0.685897254375572,0.6315384615384615,10,15,0,0,0.07393124541378052,0.044206900415559316,0.08416553472442308,0.0037749077792805195,0.365063251253349,85.2,41.517064764584056,23,177,0.4872894925420664,2130,0.1210272832856599,0.27699737214534437,-0.2520957325474581,0.8099658426678183
54,-0.5,low,True,-0.37938400384208326,0.28666666666666685,-0.18238121375995983,-0.22628443254495342,12,13,0,0,0.0859791875165403,0.0480170555195678,0.09661099644128178,0.00576607739724169,0.3989329833523805,64.08,29.415018839588278,14,139,0.4590358745254101,1602,0.0343802938793907,0.14031126144288988,-0.35976913857817056,0.4355570689936628
54,-0.5,high,True,-0.37938400384208326,0.28666666666666685,-0.18238121375995983,-0.22628443254495342,12,13,0,0,0.0859791875165403,0.0480170555195678,0.09661099644128178,0.00576607739724169,0.3989329833523805,64.08,29.415018839588278,14,139,0.4590358745254101,1602,0.12641962490375078,0.27464638793016816,-0.27519803528546255,0.8087525616402103
54,0.0,low,True,0.12181563851033138,0.3733333333333334,-0.010868858918861996,0.09043680552391846,10,15,0,0,0.07437003008772937,0.04420992115561204,0.08397973677641214,0.005123889355415178,0.30574703604675135,64.08,29.415018839588278,14,139,0.4590358745254101,1602,0.03279633390818834,0.14074245834728116,-0.3598817429027616,0.4314696013354435
54,0.0,high,True,0.12181563851033138,0.3733333333333334,-0.010868858918861996,0.09043680552391846,10,15,0,0,0.07437003008772937,0.04420992115561204,0.08397973677641214,0.005123889355415178,0.30574703604675135,64.08,29.415018839588278,14,139,0.4590358745254101,1602,0.12518803467605288,0.275885349765191,-0.27529648690838066,0.808583009395345
54,0.5,low,True,0.618092929475396,0.3200000000000002,0.15449352406183395,0.26015012993263353,10,15,0,0,0.06511397542123265,0.03959414993604273,0.07499406096089017,0.004992265748728428,0.27139617467857013,64.08,29.415018839588278,14,139,0.4590358745254101,1602,0.03170116472080492,0.1409721355188708,-0.35996212371774317,0.42999071532001554
54,0.5,high,True,0.618092929475396,0.3200000000000002,0.15449352406183395,0.26015012993263353,10,15,0,0,0.06511397542123265,0.03959414993604273,0.07499406096089017,0.004992265748728428,0.27139617467857013,64.08,29.415018839588278,14,139,0.4590358745254101,1602,0.12431416169706554,0.27650888722404715,-0.27536317822678064,0.8090363843140482
54,1.0,low,True,1.1091228101780743,0.28666666666666685,0.3121205592618521,0.48181651283381244,10,15,0,0,0.05750415597651938,0.038053121556439355,0.06721825862649347,0.0034608398145694382,0.2650510266124999,64.08,29.415018839588278,14,139,0.4590358745254101,1602,0.030910202059292277,0.14112543138830005,-0.36001440729093326,0.4294968381146051
54,1.0,high,True,1.1091228101780743,0.28666666666666685,0.3121205592618521,0.48181651283381244,10,15,0,0,0.05750415597651938,0.038053121556439355,0.06721825862649347,0.0034608398145694382,0.2650510266124999,64.08,29.415018839588278,14,139,0.4590358745254101,1602,0.12370160753735258,0.27681014521085917,-0.27540236348196334,0.8094497926025688
54,1.5,low,True,1.5936679107844844,0.30000000000000016,0.4847826117609524,0.6965558212693294,7,18,0,0,0.05114793885314684,0.03507168290295713,0.05838588021671706,0.001688752823777017,0.24062422127515176,64.08,29.415018839588278,14,139,0.4590358745254101,1602,0.03033216459174395,0.1412968977763555,-0.3600301735313415,0.4308057098804996
54,1.5,high,True,1.5936679107844844,0.30000000000000016,0.4847826117609524,0.6965558212693294,7,18,0,0,0.05114793885314684,0.03507168290295713,0.05838588021671706,0.001688752823777017,0.24062422127515176,64.08,29.415018839588278,14,139,0.4590358745254101,1602,0.12330323515428948,0.2770016966156449,-0.27540580195915915,0.8096978129543809
54,2.0,low,True,2.0447749246084164,0.19333333333333347,0.7192314028551566,0.8504908093951481,8,17,1,0,0.04604010578158793,0.024753136044431443,0.048682437818757925,0.001,0.19082889272989875,64.08,29.415018839588278,14,139,0.4590358745254101,1602,0.029922645432224483,0.14149682322155788,-0.35996562366428764,0.4351302814698662
54,2.0,high,True,2.0447749246084164,0.19333333333333347,0.7192314028551566,0.8504908093951481,8,17,1,0,0.04604010578158793,0.024753136044431443,0.048682437818757925,0.001,0.19082889272989875,64.08,29.415018839588278,14,139,0.4590358745254101,1602,0.12306534084485217,0.2771560979931066,-0.2753304753240066,0.80981724015296
55,-0.5,low,True,-0.5491699803348935,0.2266666666666668,-0.09021723972869612,-0.23042893290265243,15,10,0,0,0.13271093095259137,0.07517466914530105,0.1591551036070931,0.009217394461325069,0.6581068086307293,91.76,42.323437163507094,32,195,0.4612405968124138,2294,0.04532127350078918,0.1320702041788317,-0.29894513670930156,0.4009994960582015
55,-0.5,high,True,-0.5491699803348935,0.2266666666666668,-0.09021723972869612,-0.23042893290265243,15,10,0,0,0.13271093095259137,0.07517466914530105,0.1591551036070931,0.009217394461325069,0.6581068086307293,91.76,42.323437163507094,32,195,0.4612405968124138,2294,0.1418246021269008,0.25356234271890615,-0.18666021784308387,0.7489913967383355
55,0.0,low,True,-0.04840521623693921,0.2466666666666668,0.039237900645210495,-0.06385843549555978,15,10,0,0,0.14350189903658475,0.07921372449855242,0.19412696568724921,0.008864871202474929,0.8676919421575973,91.76,42.323437163507094,32,195,0.4612405968124138,2294,0.047256286589771886,0.13203397809867712,-0.305100093433175,0.5277153128828812
55,0.0,high,True,-0.04840521623693921,0.2466666666666668,0.039237900645210495,-0.06385843549555978,15,10,0,0,0.14350189903658475,0.07921372449855242,0.19412696568724921,0.008864871202474929,0.8676919421575973,91.76,42.323437163507094,32,195,0.4612405968124138,2294,0.14178032569156332,0.25016281670812335,-0.183998862089992,0.7400260441737576
55,0.5,low,True,0.4497468208921789,0.28000000000000014,0.1333151940510786,0.14964416510706477,16,9,0,1,0.14796557149069534,0.06539826931766295,0.20821092920558767,0.009143137975249887,0.95,91.76,42.323437163507094,32,195,0.4612405968124138,2294,0.048064335763487946,0.13198020644876363,-0.309830353905772,0.5542002456254669
55,0.5,high,True,0.4497468208921789,0.28000000000000014,0.1333151940510786,0.14964416510706477,16,9,0,1,0.14796557149069534,0.06539826931766295,0.20821092920558767,0.009143137975249887,0.95,91.76,42.323437163507094,32,195,0.4612405968124138,2294,0.14117263764200308,0.24889274381428045,-0.18199700769585433,0.7429598322068897
55,1.0,low,True,0.9520768599671884,0.28000000000000014,0.22797024525681236,0.34660512278011657,15,10,0,1,0.14777628126852344,0.07101813534265743,0.20662369880169812,0.009909319656282601,0.95,91.76,42.323437163507094,32,195,0.4612405968124138,2294,0.04819508735593585,0.1322061709236538,-0.3132596710865387,0.4981038656849593
55,1.0,high,True,0.9520768599671884,0.28000000000000014,0.22797024525681236,0.34660512278011657,15,10,0,1,0.14777628126852344,0.07101813534265743,0.20662369880169812,0.009909319656282601,0.95,91.76,42.323437163507094,32,195,0.4612405968124138,2294,0.14125931268104566,0.24982228131685372,-0.1809758794261631,0.7513372417938828
55,1.5,low,True,1.4665040712116266,0.30666666666666687,0.335257706979859,0.6162723714691973,18,7,0,0,0.14605903315740132,0.07152060042841414,0.20217425523558114,0.006989838290486538,0.9453037211275762,91.76,42.323437163507094,32,195,0.4612405968124138,2294,0.04802135888725407,0.1322637442705818,-0.3156246425388061,0.4943380895318454
55,1.5,high,True,1.4665040712116266,0.30666666666666687,0.335257706979859,0.6162723714691973,18,7,0,0,0.14605903315740132,0.07152060042841414,0.20217425523558114,0.006989838290486538,0.9453037211275762,91.76,42.323437163507094,32,195,0.4612405968124138,2294,0.14120096653887523,0.25120875208090626,-0.1927976878658367,0.7584511919453913
55,2.0,low,True,1.977927862526074,0.2466666666666668,0.5489398541038352,0.834391244517284,17,8,0,0,0.1322551351559118,0.07283520984044389,0.15250915677400648,0.005271371330870666,0.6648452350189419,91.76,42.323437163507094,32,195,0.4612405968124138,2294,0.045616426066648674,0.1327353246972924,-0.317187196046589,0.4547850503124142
55,2.0,high,True,1.977927862526074,0.2466666666666668,0.5489398541038352,0.834391244517284,17,8,0,0,0.1322551351559118,0.07283520984044389,0.15250915677400648,0.005271371330870666,0.6648452350189419,91.76,42.323437163507094,32,195,0.4612405968124138,2294,0.14184784267352646,0.25771894989880206,-0.20809336803622275,0.7849881728803955
56,-0.5,low,True,-0.9932777785695643,0.3200000000000002,-0.2515896351773993,-0.2758222786163636,14,11,0,1,0.12827711780847248,0.06345023105779637,0.21177089595739648,0.006867024278663168,0.95,95.2,50.76580213752824,24,223,0.5332542241336999,2380,0.024531025960019843,0.13096712041993588,-0.3048061065044243,0.45811894446556306
56,-0.5,high,True,-0.9932777785695643,0.3200000000000002,-0.2515896351773993,-0.2758222786163636,14,11,0,1,0.12827711780847248,0.06345023105779637,0.21177089595739648,0.006867024278663168,0.95,95.2,50.76580213752824,24,223,0.5332542241336999,2380,0.10826776405274724,0.2618949452703054,-0.2416862847332681,0.7950377501806973
56,0.0,low,True,-0.5013699939322956,0.30666666666666687,-0.15493990786757034,-0.1027120619115329,13,12,0,1,0.12485732411879394,0.06560608363956742,0.2067712057697373,0.009275482800597527,0.95,95.2,50.76580213752824,24,223,0.5332542241336999,2380,0.023773284814054583,0.13017452063768234,-0.30495809804955815,0.4976586913478046
56,0.0,high,True,-0.5013699939322956,0.30666666666666687,-0.15493990786757034,-0.1027120619115329,13,12,0,1,0.12485732411879394,0.06560608363956742,0.2067712057697373,0.009275482800597527,0.95,95.2,50.76580213752824,24,223,0.5332542241336999,2380,0.10775800153901346,0.26234806199034527,-0.2419086718746859,0.7944818829048866
56,0.5,low,True,0.009813713873602872,0.2466666666666668,-0.05985158361264556,0.06424312486601495,14,11,0,1,0.12433961389274352,0.07588289730530555,0.20414423948382848,0.009216673281213433,0.95,95.2,50.76580213752824,24,223,0.5332542241336999,2380,0.023724292632161015,0.13002010632326658,-0.3049443935741975,0.48222404286873904
56,0.5,high,True,0.009813713873602872,0.2466666666666668,-0.05985158361264556,0.06424312486601495,14,11,0,1,0.12433961389274352,0.07588289730530555,0.20414423948382848,0.009216673281213433,0.95,95.2,50.76580213752824,24,223,0.5332542241336999,2380,0.10783559071991379,0.2627257654619396,-0.2419775789431413,0.7932555179053628
56,1.0,low,True,0.5425988860284936,0.3666666666666668,0.054998901429364755,0.40315446023702795,14,11,0,0,0.12170802034949865,0.07550400339731451,0.1818378867327093,0.00984754975847151,0.836416557144106,95.2,50.76580213752824,24,223,0.5332542241336999,2380,0.02305441312862589,0.1298260927725917,-0.3048689816790947,0.4043460474550329
56,1.0,high,True,0.5425988860284936,0.3666666666666668,0.054998901429364755,0.40315446023702795,14,11,0,0,0.12170802034949865,0.07550400339731451,0.1818378867327093,0.00984754975847151,0.836416557144106,95.2,50.76580213752824,24,223,0.5332542241336999,2380,0.10912130279081883,0.26551886557798987,-0.241980555231082,0.7909521355912104
56,1.5,low,True,1.1026517516746006,0.3733333333333334,0.26393519620986416,0.6120407883941903,15,10,0,0,0.11623877028489213,0.061097676305987246,0.14173459865875243,0.008849059110768193,0.587089193773658,95.2,50.76580213752824,24,223,0.5332542241336999,2380,0.021822937895542006,0.1305276543667295,-0.3048561019136868,0.40502991084621764
56,1.5,high,True,1.1026517516746006,0.3733333333333334,0.26393519620986416,0.6120407883941903,15,10,0,0,0.11623877028489213,0.061097676305987246,0.14173459865875243,0.008849059110768193,0.587089193773658,95.2,50.76580213752824,24,223,0.5332542241336999,2380,0.10990598885717555,0.269635995169404,-0.24201978538357952,0.7873200889644998
56,2.0,low,True,1.704645612427647,0.2400000000000001,0.6173026537362818,0.8309290401831875,15,10,0,0,0.11391866629076781,0.07735551804737466,0.11786194602942349,0.00750631031655476,0.4683733125851075,95.2,50.76580213752824,24,223,0.5332542241336999,2380,0.02124630529211227,0.13159600583842143,-0.30509158368043254,0.40685739273486976
56,2.0,high,True,1.704645612427647,0.2400000000000001,0.6173026537362818,0.8309290401831875,15,10,0,0,0.11391866629076781,0.07735551804737466,0.11786194602942349,0.00750631031655476,0.4683733125851075,95.2,50.76580213752824,24,223,0.5332542241336999,2380,0.11008392848782113,0.2711941895432634,-0.24224502682835494,0.784081200996462
57,-0.5,low,True,-0.10155102496272232,0.31333333333333346,-0.05265100700776815,-0.06927074465661841,13,12,0,1,0.09911240652695577,0.057402994252000746,0.18505349063567766,0.016362285069627915,0.95,76.48,55.37231558579913,30,257,0.7240104025339844,1912,0.031530938801310644,0.134414925390527,-0.31702209276559973,0.43614670957506496
57,-0.5,high,True,-0.10155102496272232,0.31333333333333346,-0.05265100700776815,-0.06927074465661841,13,12,0,1,0.09911240652695577,0.057402994252000746,0.18505349063567766,0.016362285069627915,0.95,76.48,55.37231558579913,30,257,0.7240104025339844,1912,0.11374197117620315,0.26867815055015953,-0.25427309926737574,0.8081149375219607
57,0.0,low,True,0.40835296583099584,0.3866666666666668,0.031757764979496395,0.2282086198965262,12,13,0,1,0.09531477556773346,0.04613167662422316,0.18555699065139153,0.012635135711239016,0.95,76.48,55.37231558579913,30,257,0.7240104025339844,1912,0.030772273506106545,0.1344820085861661,-0.3177689522750058,0.43607749149904274
57,0.0,high,True,0.40835296583099584,0.3866666666666668,0.031757764979496395,0.2282086198965262,12,13,0,1,0.09531477556773346,0.04613167662422316,0.18555699065139153,0.012635135711239016,0.95,76.48,55.37231558579913,30,257,0.7240104025339844,1912,0.1130330266706001,0.26897816405092945,-0.25782497658088266,0.8080001879660026
57,0.5,low,True,0.9030044256181319,0.3333333333333335,0.14686042629921311,0.3979219443052412,8,17,0,1,0.0950767251760479,0.04111264792206217,0.18756323340076977,0.009557048416899925,0.95,76.48,55.37231558579913,30,257,0.7240104025339844,1912,0.030640727855162666,0.13475241382047243,-0.3184105159365643,0.43595158460483047
57,0.5,high,True,0.9030044256181319,0.3333333333333335,0.14686042629921311,0.3979219443052412,8,17,0,1,0.0950767251760479,0.04111264792206217,0.18756323340076977,0.009557048416899925,0.95,76.48,55.37231558579913,30,257,0.7240104025339844,1912,0.11283792114695575,0.26911348137652547,-0.26054404627478045,0.8077539675882902
57,1.0,low,True,1.3802577075275522,0.2533333333333335,0.3413604572613476,0.5791803928233926,8,17,0,0,0.09539656268605869,0.03541865779740746,0.17687596293930274,0.007670103574093115,0.8523136800674509,76.48,55.37231558579913,30,257,0.7240104025339844,1912,0.03077374104829144,0.13599997317855717,-0.31895906862262374,0.4357131233129744
57,1.0,high,True,1.3802577075275522,0.2533333333333335,0.3413604572613476,0.5791803928233926,8,17,0,0,0.09539656268605869,0.03541865779740746,0.17687596293930274,0.007670103574093115,0.8523136800674509,76.48,55.37231558579913,30,257,0.7240104025339844,1912,0.11422614353567524,0.27085778051792736,-0.2625260887027636,0.8072678590016786
57,1.5,low,True,1.8341007386874861,0.2333333333333335,0.705252817403429,0.7208005818991459,8,17,0,0,0.09386230170947198,0.029336855412533384,0.1572166102937183,0.006623390527737487,0.5574380949557057,76.48,55.37231558579913,30,257,0.7240104025339844,1912,0.03044869842727122,0.1380238224823622,-0.3194279281311677,0.43522803956550166
57,1.5,high,True,1.8341007386874861,0.2333333333333335,0.705252817403429,0.7208005818991459,8,17,0,0,0.09386230170947198,0.029336855412533384,0.1572166102937183,0.006623390527737487,0.5574380949557057,76.48,55.37231558579913,30,257,0.7240104025339844,1912,0.11513507303428201,0.27384427278244905,-0.2639157138231967,0.8062730400866454
57,2.0,low,True,2.253623613780208,0.16000000000000014,0.9270198856522528,0.845487922281059,7,18,0,0,0.10055661143592458,0.03129771674987417,0.19759368678668876,0.0051536140660875035,0.7861511793359769,76.48,55.37231558579913,30,257,0.7240104025339844,1912,0.030241332141077385,0.13908123306731288,-0.319832550964211,0.5967870956942116
57,2.0,high,True,2.253623613780208,0.16000000000000014,0.9270198856522528,0.845487922281059,7,18,0,0,0.10055661143592458,0.03129771674987417,0.19759368678668876,0.0051536140660875035,0.7861511793359769,76.48,55.37231558579913,30,257,0.7240104025339844,1912,0.1128207888003898,0.2709256000110775,-0.2648643720406202,0.8040425928831635
58,-0.5,low,True,-1.0108671468701471,0.2066666666666669,-0.2662379589244721,-0.4406389035101559,11,14,0,0,0.07543806611488296,0.04809399295725738,0.09234087390200811,0.0034076285572951833,0.4522930830197202,81.6,52.70357356637847,26,246,0.645877127038952,2040,0.03427046486572432,0.1322198666479035,-0.342871355485786,0.3824602910432777
58,-0.5,high,True,-1.0108671468701471,0.2066666666666669,-0.2662379589244721,-0.4406389035101559,11,14,0,0,0.07543806611488296,0.04809399295725738,0.09234087390200811,0.0034076285572951833,0.4522930830197202,81.6,52.70357356637847,26,246,0.645877127038952,2040,0.12607912661322038,0.26775606819913894,-0.20431446602800887,0.7771961191908637
58,0.0,low,True,-0.5196013059041333,0.2400000000000001,-0.1752739019077731,-0.2524533805263426,12,13,0,0,0.06887517271719373,0.0481953790235336,0.08157955277750295,0.005833797228488551,0.38282044403823834,81.6,52.70357356637847,26,246,0.645877127038952,2040,0.033528723702398476,0.1322305015948504,-0.34371668819850015,0.3816012588783424
58,0.0,high,True,-0.5196013059041333,0.2400000000000001,-0.1752739019077731,-0.2524533805263426,12,13,0,0,0.06887517271719373,0.0481953790235336,0.08157955277750295,0.005833797228488551,0.38282044403823834,81.6,52.70357356637847,26,246,0.645877127038952,2040,0.12557406944184235,0.26835946308559483,-0.20673157149294372,0.7773015405345053
58,0.5,low,True,-0.007339308448988247,0.32666666666666677,-0.06336387055503699,0.008466424346920026,9,16,0,0,0.06373962645421273,0.04366270288453299,0.07170138165722953,0.00767998171738983,0.29843408963181195,81.6,52.70357356637847,26,246,0.645877127038952,2040,0.03299942080497765,0.1322353167606011,-0.344154261413835,0.3808958679140755
58,0.5,high,True,-0.007339308448988247,0.32666666666666677,-0.06336387055503699,0.008466424346920026,9,16,0,0,0.06373962645421273,0.04366270288453299,0.07170138165722953,0.00767998171738983,0.29843408963181195,81.6,52.70357356637847,26,246,0.645877127038952,2040,0.12523039731046548,0.2688379236335519,-0.20822385515106628,0.7770910930031663
58,1.0,low,True,0.5273053753204391,0.3466666666666668,0.09384808006384245,0.27669814115615904,8,17,0,0,0.0601152974070637,0.038830117583095396,0.06437818685106143,0.005797244144948211,0.2567668226396168,81.6,52.70357356637847,26,246,0.645877127038952,2040,0.03263595064807188,0.13222814508577924,-0.34440047925284756,0.38037368631542273
58,1.0,high,True,0.5273053753204391,0.3466666666666668,0.09384808006384245,0.27669814115615904,8,17,0,0,0.0601152974070637,0.038830117583095396,0.06437818685106143,0.005797244144948211,0.2567668226396168,81.6,52.70357356637847,26,246,0.645877127038952,2040,0.12498663248842151,0.26914776486002373,-0.20914786927596,0.7768300218389718
58,1.5,low,True,1.0896107129084311,0.3533333333333334,0.33826306957571306,0.5699442935358435,9,16,0,0,0.058728932140427174,0.042887421990420345,0.06043016454752521,0.00393796085537759,0.272685424411104,81.6,52.70357356637847,26,246,0.645877127038952,2040,0.03248593530539242,0.1322866493247487,-0.34454904857844737,0.3800115953985633
58,1.5,high,True,1.0896107129084311,0.3533333333333334,0.33826306957571306,0.5699442935358435,9,16,0,0,0.058728932140427174,0.042887421990420345,0.06043016454752521,0.00393796085537759,0.272685424411104,81.6,52.70357356637847,26,246,0.645877127038952,2040,0.12489226017624844,0.26927903437396283,-0.2097228237907912,0.7766137601004823
58,2.0,low,True,1.695294893299837,0.2333333333333335,0.738659033267761,0.780065552327586,9,16,0,0,0.06252462559586013,0.03965335780450361,0.06571655616613938,0.002957227288093994,0.2594028511137175,81.6,52.70357356637847,26,246,0.645877127038952,2040,0.0327912847424225,0.13258588966343712,-0.34464254189578114,0.3797718798267308
58,2.0,high,True,1.695294893299837,0.2333333333333335,0.738659033267761,0.780065552327586,9,16,0,0,0.06252462559586013,0.03965335780450361,0.06571655616613938,0.002957227288093994,0.2594028511137175,81.6,52.70357356637847,26,246,0.645877127038952,2040,0.12510285015066303,0.26907321698754944,-0.21008404655825463,0.7764633484020124
59,-0.5,low,True,-0.38175544392330146,0.3200000000000002,-0.13697162492132264,-0.16307692307692304,13,12,0,0,0.09141028775223688,0.0623919750714322,0.09029530041928667,0.0037303087859573854,0.4009619227251214,90.96,43.97582669300639,28,212,0.4834633541447493,2274,0.028650031680311324,0.1283682122519398,-0.3783685024250051,0.3877565325803825
59,-0.5,high,True,-0.38175544392330146,0.3200000000000002,-0.13697162492132264,-0.16307692307692304,13,12,0,0,0.09141028775223688,0.0623919750714322,0.09029530041928667,0.0037303087859573854,0.4009619227251214,90.96,43.97582669300639,28,212,0.4834633541447493,2274,0.1223970477522614,0.26472852840361594,-0.21956758804897672,0.7806150385005655
59,0.0,low,True,0.12065933761866493,0.28000000000000014,0.24927773442752943,0.003076923076923077,13,12,0,0,0.09410246244331452,0.056393511012601226,0.08637636130378085,0.003719822565692393,0.3028575607468054,90.96,43.97582669300639,28,212,0.4834633541447493,2274,0.029517874545221427,0.12772443195949498,-0.35842114862342567,0.38546466450616074
59,0.0,high,True,0.12065933761866493,0.28000000000000014,0.24927773442752943,0.003076923076923077,13,12,0,0,0.09410246244331452,0.056393511012601226,0.08637636130378085,0.003719822565692393,0.3028575607468054,90.96,43.97582669300639,28,212,0.4834633541447493,2274,0.1232942946600478,0.26437575027858673,-0.2202610915033032,0.7804341137120043
59,0.5,low,True,0.6181984918176477,0.32666666666666677,0.5659417283728391,0.29846153846153844,14,11,0,0,0.10138509251317565,0.06295531101392322,0.10581538100655477,0.004120009489049422,0.43781136205277654,90.96,43.97582669300639,28,212,0.4834633541447493,2274,0.03112186342552795,0.12654264224845962,-0.34035605599553775,0.38926717874584327
59,0.5,high,True,0.6181984918176477,0.32666666666666677,0.5659417283728391,0.29846153846153844,14,11,0,0,0.10138509251317565,0.06295531101392322,0.10581538100655477,0.004120009489049422,0.43781136205277654,90.96,43.97582669300639,28,212,0.4834633541447493,2274,0.1244511273126848,0.262619075572735,-0.22067671905492015,0.7802269543034845
59,1.0,low,True,1.1105400453291019,0.3200000000000002,0.722855065838681,0.4330769230769231,14,11,0,0,0.11262535289651526,0.0568247553380798,0.14139476737218057,0.005103686198855096,0.5856499753033045,90.96,43.97582669300639,28,212,0.4834633541447493,2274,0.03358657835014437,0.12545673068714377,-0.33989971197006896,0.39320162318143614
59,1.0,high,True,1.1105400453291019,0.3200000000000002,0.722855065838681,0.4330769230769231,14,11,0,0,0.11262535289651526,0.0568247553380798,0.14139476737218057,0.005103686198855096,0.5856499753033045,90.96,43.97582669300639,28,212,0.4834633541447493,2274,0.12587825664482474,0.2595593742264542,-0.22093210906996136,0.7800187521308624
59,1.5,low,True,1.5964583737063565,0.21333333333333349,0.7989880639993453,0.6123076923076923,15,10,0,0,0.12549106593575418,0.06180726222973314,0.18142701307697803,0.0072600887601271735,0.7117797949351231,90.96,43.97582669300639,28,212,0.4834633541447493,2274,0.03665668323383858,0.12581640269784344,-0.3392361461268564,0.3945867856967552
59,1.5,high,True,1.5964583737063565,0.21333333333333349,0.7989880639993453,0.6123076923076923,15,10,0,0,0.12549106593575418,0.06180726222973314,0.18142701307697803,0.0072600887601271735,0.7117797949351231,90.96,43.97582669300639,28,212,0.4834633541447493,2274,0.12729155725541805,0.2560078619424231,-0.22108844410610282,0.7798507897721301
59,2.0,low,True,2.0723034740530974,0.27333333333333343,0.8463668539732605,0.8561538461538462,15,10,0,0,0.13415394438220468,0.0674229478512338,0.20882811361702308,0.0054502602900516235,0.7816694618898713,90.96,43.97582669300639,28,212,0.4834633541447493,2274,0.03888667460050913,0.12757692397220932,-0.3380425137998247,0.5119988465990737
59,2.0,high,True,2.0723034740530974,0.27333333333333343,0.8463668539732605,0.8561538461538462,15,10,0,0,0.13415394438220468,0.0674229478512338,0.20882811361702308,0.0054502602900516235,0.7816694618898713,90.96,43.97582669300639,28,212,0.4834633541447493,2274,0.12784633748386065,0.25365664471257265,-0.2211738082891144,0.7830372312976251
